crew_row_id,movie_id,person_id,person_name,job,department
1,157336,527,Jonathan Nolan,Writer,Writing
2,157336,525,Christopher Nolan,Writer,Writing
3,157336,525,Christopher Nolan,Director,Directing
4,27205,525,Christopher Nolan,Writer,Writing
5,27205,525,Christopher Nolan,Director,Directing
6,24428,12891,Joss Whedon,Director,Directing
7,24428,12891,Joss Whedon,Screenplay,Writing
8,155,525,Christopher Nolan,Screenplay,Writing
9,155,527,Jonathan Nolan,Screenplay,Writing
10,155,525,Christopher Nolan,Director,Directing
11,19995,2710,James Cameron,Director,Directing
12,19995,2710,James Cameron,Writer,Writing
13,293660,7932,Rhett Reese,Writer,Writing
14,293660,91269,Paul Wernick,Writer,Writing
15,293660,55252,Tim Miller,Director,Directing
16,550,7467,David Fincher,Director,Directing
17,550,7469,Jim Uhls,Screenplay,Writing
18,299536,5551,Christopher Markus,Screenplay,Writing
19,299536,5552,Stephen McFeely,Screenplay,Writing
20,299536,19271,Anthony Russo,Director,Directing
21,299536,19272,Joe Russo,Director,Directing
22,278,4027,Frank Darabont,Screenplay,Writing
23,278,4027,Frank Darabont,Director,Directing
24,680,138,Quentin Tarantino,Director,Directing
25,680,138,Quentin Tarantino,Writer,Writing
26,13,27,Eric Roth,Screenplay,Writing
27,13,24,Robert Zemeckis,Director,Directing
28,118340,15218,James Gunn,Director,Directing
29,118340,1171123,Nicole Perlman,Writer,Writing
30,118340,15218,James Gunn,Writer,Writing
31,671,10965,Chris Columbus,Director,Directing
32,671,10967,Steve Kloves,Screenplay,Writing
33,1726,79207,Mark Fergus,Screenplay,Writing
34,1726,79209,Hawk Ostby,Screenplay,Writing
35,1726,18873,Art Marcum,Screenplay,Writing
36,1726,18875,Matt Holloway,Screenplay,Writing
37,1726,15277,Jon Favreau,Director,Directing
38,603,9340,Lana Wachowski,Director,Directing
39,603,9340,Lana Wachowski,Writer,Writing
40,603,9339,Lilly Wachowski,Writer,Writing
41,603,9339,Lilly Wachowski,Director,Directing
42,68718,138,Quentin Tarantino,Writer,Writing
43,68718,138,Quentin Tarantino,Director,Directing
44,299534,5551,Christopher Markus,Screenplay,Writing
45,299534,5552,Stephen McFeely,Screenplay,Writing
46,299534,19271,Anthony Russo,Director,Directing
47,299534,19272,Joe Russo,Director,Directing
48,475557,324,Scott Silver,Writer,Writing
49,475557,57130,Todd Phillips,Writer,Writing
50,475557,57130,Todd Phillips,Director,Directing
51,120,108,Peter Jackson,Director,Directing
52,120,126,Fran Walsh,Screenplay,Writing
53,120,128,Philippa Boyens,Screenplay,Writing
54,120,108,Peter Jackson,Screenplay,Writing
55,597,2710,James Cameron,Director,Directing
56,597,2710,James Cameron,Writer,Writing
57,122,108,Peter Jackson,Director,Directing
58,122,126,Fran Walsh,Screenplay,Writing
59,122,108,Peter Jackson,Screenplay,Writing
60,122,128,Philippa Boyens,Screenplay,Writing
61,106646,1032,Martin Scorsese,Director,Directing
62,106646,62635,Terence Winter,Screenplay,Writing
63,11324,20294,Laeta Kalogridis,Screenplay,Writing
64,11324,1032,Martin Scorsese,Director,Directing
65,99861,12891,Joss Whedon,Writer,Writing
66,99861,12891,Joss Whedon,Director,Directing
67,49026,527,Jonathan Nolan,Screenplay,Writing
68,49026,525,Christopher Nolan,Screenplay,Writing
69,49026,525,Christopher Nolan,Director,Directing
70,16869,138,Quentin Tarantino,Writer,Writing
71,16869,138,Quentin Tarantino,Director,Directing
72,76341,20629,George Miller,Director,Directing
73,76341,20629,George Miller,Writer,Writing
74,76341,1027146,Nico Lathouris,Writer,Writing
75,76341,1468313,Brendan McCarthy,Writer,Writing
76,271110,5552,Stephen McFeely,Screenplay,Writing
77,271110,5551,Christopher Markus,Screenplay,Writing
78,271110,19272,Joe Russo,Director,Directing
79,271110,19271,Anthony Russo,Director,Directing
80,121,126,Fran Walsh,Screenplay,Writing
81,121,128,Philippa Boyens,Screenplay,Writing
82,121,11325,Stephen Sinclair,Screenplay,Writing
83,121,108,Peter Jackson,Screenplay,Writing
84,121,108,Peter Jackson,Director,Directing
85,672,10967,Steve Kloves,Screenplay,Writing
86,672,10965,Chris Columbus,Director,Directing
87,284054,1056121,Ryan Coogler,Writer,Writing
88,284054,1151834,Joe Robert Cole,Writer,Writing
89,284054,1056121,Ryan Coogler,Director,Directing
90,150540,12890,Pete Docter,Director,Directing
91,150540,1457025,Meg LeFauve,Screenplay,Writing
92,150540,84496,Josh Cooley,Screenplay,Writing
93,150540,12890,Pete Docter,Screenplay,Writing
94,284052,564940,Jon Spaihts,Writer,Writing
95,284052,55499,Scott Derrickson,Writer,Writing
96,284052,928106,C. Robert Cargill,Writer,Writing
97,284052,55499,Scott Derrickson,Director,Directing
98,68721,1108,Shane Black,Director,Directing
99,68721,1108,Shane Black,Screenplay,Writing
100,68721,1239407,Drew Pearce,Screenplay,Writing
101,70160,23964,Gary Ross,Director,Directing
102,70160,23964,Gary Ross,Screenplay,Writing
103,70160,21807,Billy Ray,Screenplay,Writing
104,70160,189111,Suzanne Collins,Screenplay,Writing
105,315635,52935,John Francis Daley,Screenplay,Writing
106,315635,1246890,Chris McKenna,Screenplay,Writing
107,315635,101814,Christopher Ford,Screenplay,Writing
108,315635,1293994,Jon Watts,Screenplay,Writing
109,315635,1236679,Jonathan Goldstein,Screenplay,Writing
110,315635,1350918,Erik Sommers,Screenplay,Writing
111,315635,1293994,Jon Watts,Director,Directing
112,807,7467,David Fincher,Director,Directing
113,807,12047,Andrew Kevin Walker,Writer,Writing
114,673,11218,Alfonso Cuarón,Director,Directing
115,673,10967,Steve Kloves,Screenplay,Writing
116,238,3083,Mario Puzo,Screenplay,Writing
117,238,1776,Francis Ford Coppola,Screenplay,Writing
118,238,1776,Francis Ford Coppola,Director,Directing
119,283995,15218,James Gunn,Writer,Writing
120,283995,15218,James Gunn,Director,Directing
121,1771,4945,Joe Johnston,Director,Directing
122,1771,5552,Stephen McFeely,Screenplay,Writing
123,1771,5551,Christopher Markus,Screenplay,Writing
124,272,3893,David S. Goyer,Screenplay,Writing
125,272,525,Christopher Nolan,Screenplay,Writing
126,272,525,Christopher Nolan,Director,Directing
127,10138,15009,Justin Theroux,Screenplay,Writing
128,10138,15277,Jon Favreau,Director,Directing
129,11,1,George Lucas,Writer,Writing
130,11,1,George Lucas,Director,Directing
131,10195,20401,Don Payne,Screenplay,Writing
132,10195,11181,Kenneth Branagh,Director,Directing
133,10195,67484,Ashley Miller,Screenplay,Writing
134,10195,67485,Zack Stentz,Screenplay,Writing
135,22,1706,Terry Rossio,Screenplay,Writing
136,22,1704,Gore Verbinski,Director,Directing
137,22,1705,Ted Elliott,Screenplay,Writing
138,634649,1293994,Jon Watts,Director,Directing
139,634649,1246890,Chris McKenna,Writer,Writing
140,634649,1350918,Erik Sommers,Writer,Writing
141,674,10723,Mike Newell,Director,Directing
142,674,10967,Steve Kloves,Screenplay,Writing
143,297761,19769,David Ayer,Writer,Writing
144,297761,19769,David Ayer,Director,Directing
145,284053,87173,Craig Kyle,Writer,Writing
146,284053,109542,Christopher L. Yost,Writer,Writing
147,284053,55934,Taika Waititi,Director,Directing
148,284053,579281,Eric Pearson,Writer,Writing
149,12445,11343,David Yates,Director,Directing
150,12445,10967,Steve Kloves,Screenplay,Writing
151,105,24,Robert Zemeckis,Director,Directing
152,105,24,Robert Zemeckis,Writer,Writing
153,105,1058,Bob Gale,Writer,Writing
154,14160,10,Bob Peterson,Screenplay,Writing
155,14160,12890,Pete Docter,Director,Directing
156,14160,12890,Pete Docter,Screenplay,Writing
157,135397,67802,Rick Jaffa,Screenplay,Writing
158,135397,930707,Colin Trevorrow,Director,Directing
159,135397,67803,Amanda Silver,Screenplay,Writing
160,135397,1020013,Derek Connolly,Screenplay,Writing
161,135397,930707,Colin Trevorrow,Screenplay,Writing
162,286217,578,Ridley Scott,Director,Directing
163,286217,47506,Drew Goddard,Screenplay,Writing
164,354912,8,Lee Unkrich,Director,Directing
165,354912,1684652,Adrian Molina,Screenplay,Writing
166,354912,74343,Matthew Aldrich,Screenplay,Writing
167,98,929,David Franzoni,Screenplay,Writing
168,98,933,William Nicholson,Screenplay,Writing
169,98,932,John Logan,Screenplay,Writing
170,98,578,Ridley Scott,Director,Directing
171,245891,1076800,Derek Kolstad,Writer,Writing
172,245891,40644,Chad Stahelski,Director,Directing
173,297762,6884,Patty Jenkins,Director,Directing
174,297762,1213170,Allan Heinberg,Screenplay,Writing
175,102899,59026,Peyton Reed,Director,Directing
176,102899,11090,Edgar Wright,Screenplay,Writing
177,102899,155531,Joe Cornish,Screenplay,Writing
178,102899,55710,Adam McKay,Screenplay,Writing
179,102899,22226,Paul Rudd,Screenplay,Writing
180,675,10296,Michael Goldenberg,Screenplay,Writing
181,675,11343,David Yates,Director,Directing
182,767,11343,David Yates,Director,Directing
183,767,10967,Steve Kloves,Screenplay,Writing
184,557,508,David Koepp,Screenplay,Writing
185,557,7623,Sam Raimi,Director,Directing
186,496243,2320121,Han Jin-won,Screenplay,Writing
187,496243,21684,Bong Joon Ho,Director,Directing
188,496243,21684,Bong Joon Ho,Screenplay,Writing
189,12,7,Andrew Stanton,Director,Directing
190,12,7,Andrew Stanton,Screenplay,Writing
191,12,10,Bob Peterson,Screenplay,Writing
192,12,11,David Reynolds,Screenplay,Writing
193,140607,15344,J.J. Abrams,Director,Directing
194,140607,16961,Michael Arndt,Writer,Writing
195,140607,8844,Lawrence Kasdan,Writer,Writing
196,140607,15344,J.J. Abrams,Writer,Writing
197,263115,366,James Mangold,Director,Directing
198,263115,191937,Michael Green,Screenplay,Writing
199,263115,2199,Scott Frank,Screenplay,Writing
200,263115,366,James Mangold,Screenplay,Writing
201,12444,11343,David Yates,Director,Directing
202,12444,10967,Steve Kloves,Screenplay,Writing
203,10681,7,Andrew Stanton,Director,Directing
204,10681,15020,Jim Reardon,Screenplay,Writing
205,10681,7,Andrew Stanton,Screenplay,Writing
206,37165,2690,Peter Weir,Director,Directing
207,37165,8685,Andrew Niccol,Writer,Writing
208,346364,1113116,Andy Muschietti,Director,Directing
209,346364,87257,Cary Joji Fukunaga,Screenplay,Writing
210,346364,1625271,Chase Palmer,Screenplay,Writing
211,346364,1338249,Gary Dauberman,Screenplay,Writing
212,862,7879,John Lasseter,Director,Directing
213,862,12893,Alec Sokolow,Screenplay,Writing
214,862,12892,Joel Cohen,Screenplay,Writing
215,862,12891,Joss Whedon,Screenplay,Writing
216,862,7,Andrew Stanton,Screenplay,Writing
217,100402,5551,Christopher Markus,Screenplay,Writing
218,100402,5552,Stephen McFeely,Screenplay,Writing
219,100402,19272,Joe Russo,Director,Directing
220,100402,19271,Anthony Russo,Director,Directing
221,210577,1194205,Gillian Flynn,Screenplay,Writing
222,210577,7467,David Fincher,Director,Directing
223,585,7,Andrew Stanton,Screenplay,Writing
224,585,12890,Pete Docter,Director,Directing
225,585,7884,Daniel Gerson,Screenplay,Writing
226,8587,7933,Jonathan Roberts,Screenplay,Writing
227,8587,15812,Roger Allers,Director,Directing
228,8587,18898,Rob Minkoff,Director,Directing
229,8587,38792,Linda Woolverton,Screenplay,Writing
230,8587,56041,Irene Mecchi,Screenplay,Writing
231,49051,10828,Guillermo del Toro,Screenplay,Writing
232,49051,126,Fran Walsh,Screenplay,Writing
233,49051,108,Peter Jackson,Director,Directing
234,49051,128,Philippa Boyens,Screenplay,Writing
235,49051,108,Peter Jackson,Screenplay,Writing
236,259316,11343,David Yates,Director,Directing
237,259316,10966,J.K. Rowling,Writer,Writing
238,329865,137427,Denis Villeneuve,Director,Directing
239,329865,115033,Eric Heisserer,Screenplay,Writing
240,497,4027,Frank Darabont,Director,Directing
241,497,4027,Frank Darabont,Writer,Writing
242,281957,223,Alejandro G. Iñárritu,Director,Directing
243,281957,223,Alejandro G. Iñárritu,Screenplay,Writing
244,281957,64785,Mark L. Smith,Screenplay,Writing
245,383498,91269,Paul Wernick,Writer,Writing
246,383498,10859,Ryan Reynolds,Writer,Writing
247,383498,7932,Rhett Reese,Writer,Writing
248,383498,40684,David Leitch,Director,Directing
249,209112,15217,Zack Snyder,Director,Directing
250,209112,3893,David S. Goyer,Screenplay,Writing
251,209112,131680,Chris Terrio,Screenplay,Writing
252,24,138,Quentin Tarantino,Writer,Writing
253,24,138,Quentin Tarantino,Director,Directing
254,694,10404,Diane Johnson,Screenplay,Writing
255,694,240,Stanley Kubrick,Screenplay,Writing
256,694,240,Stanley Kubrick,Director,Directing
257,419430,291263,Jordan Peele,Director,Directing
258,419430,291263,Jordan Peele,Writer,Writing
259,9806,7087,Brad Bird,Director,Directing
260,9806,7087,Brad Bird,Writer,Writing
261,808,5524,Andrew Adamson,Director,Directing
262,808,12058,Vicky Jenson,Director,Directing
263,808,1706,Terry Rossio,Writer,Writing
264,808,12083,Joe Stillman,Writer,Writing
265,808,1705,Ted Elliott,Writer,Writing
266,808,12061,Roger S.H. Schulman,Writer,Writing
267,1930,87742,Marc Webb,Director,Directing
268,1930,20204,James Vanderbilt,Screenplay,Writing
269,1930,7630,Alvin Sargent,Screenplay,Writing
270,1930,10967,Steve Kloves,Screenplay,Writing
271,2062,7087,Brad Bird,Director,Directing
272,2062,7087,Brad Bird,Screenplay,Writing
273,77338,84425,Éric Toledano,Director,Directing
274,77338,84426,Olivier Nakache,Screenplay,Writing
275,77338,84425,Éric Toledano,Screenplay,Writing
276,77338,84426,Olivier Nakache,Director,Directing
277,129,608,Hayao Miyazaki,Director,Directing
278,129,608,Hayao Miyazaki,Screenplay,Writing
279,1891,8844,Lawrence Kasdan,Screenplay,Writing
280,1891,4298,Leigh Brackett,Screenplay,Writing
281,1891,10930,Irvin Kershner,Director,Directing
282,101299,57631,Simon Beaufoy,Screenplay,Writing
283,101299,16961,Michael Arndt,Screenplay,Writing
284,101299,10943,Francis Lawrence,Director,Directing
285,76338,47005,Alan Taylor,Director,Directing
286,76338,5551,Christopher Markus,Screenplay,Writing
287,76338,5552,Stephen McFeely,Screenplay,Writing
288,76338,109542,Christopher L. Yost,Screenplay,Writing
289,381288,11614,M. Night Shyamalan,Director,Directing
290,381288,11614,M. Night Shyamalan,Writer,Writing
291,269149,76595,Byron Howard,Director,Directing
292,269149,165787,Rich Moore,Director,Directing
293,269149,1318201,Jared Bush,Screenplay,Writing
294,269149,567562,Phil Johnston,Screenplay,Writing
295,18785,57130,Todd Phillips,Director,Directing
296,18785,52114,Jon Lucas,Writer,Writing
297,18785,52115,Scott Moore,Writer,Writing
298,313369,136495,Damien Chazelle,Writer,Writing
299,313369,136495,Damien Chazelle,Director,Directing
300,198663,1227160,Noah Oppenheim,Screenplay,Writing
301,198663,1179066,Wes Ball,Director,Directing
302,198663,1257095,Grant Pierce Myers,Screenplay,Writing
303,198663,1257144,T.S. Nowlin,Screenplay,Writing
304,205596,77965,Morten Tyldum,Director,Directing
305,205596,221850,Graham Moore,Writer,Writing
306,274,16294,Jonathan Demme,Director,Directing
307,274,57862,Ted Tally,Screenplay,Writing
308,329,508,David Koepp,Screenplay,Writing
309,329,488,Steven Spielberg,Director,Directing
310,329,4782,Michael Crichton,Screenplay,Writing
311,207703,957,Matthew Vaughn,Director,Directing
312,207703,23447,Jane Goldman,Writer,Writing
313,207703,957,Matthew Vaughn,Writer,Writing
314,424694,1041394,Anthony McCarten,Writer,Writing
315,424694,9032,Bryan Singer,Director,Directing
316,1124,527,Jonathan Nolan,Screenplay,Writing
317,1124,525,Christopher Nolan,Screenplay,Writing
318,1124,525,Christopher Nolan,Director,Directing
319,374720,525,Christopher Nolan,Writer,Writing
320,374720,525,Christopher Nolan,Director,Directing
321,109445,15774,Chris Buck,Director,Directing
322,109445,1120694,Jennifer Lee,Director,Directing
323,109445,1120694,Jennifer Lee,Screenplay,Writing
324,424,488,Steven Spielberg,Director,Directing
325,424,2260,Steven Zaillian,Screenplay,Writing
326,324857,107446,Phil Lord,Screenplay,Writing
327,324857,936670,Bob Persichetti,Director,Directing
328,324857,59918,Rodney Rothman,Screenplay,Writing
329,324857,151007,Peter Ramsey,Director,Directing
330,324857,59918,Rodney Rothman,Director,Directing
331,857,488,Steven Spielberg,Director,Directing
332,857,12832,Robert Rodat,Writer,Writing
333,335983,3228,Scott Rosenberg,Screenplay,Writing
334,335983,168309,Jeff Pinkner,Screenplay,Writing
335,335983,91268,Ruben Fleischer,Director,Directing
336,335983,940376,Kelly Marcel,Screenplay,Writing
337,58,1704,Gore Verbinski,Director,Directing
338,58,1706,Terry Rossio,Screenplay,Writing
339,58,1705,Ted Elliott,Screenplay,Writing
340,640,488,Steven Spielberg,Director,Directing
341,640,2689,Jeff Nathanson,Screenplay,Writing
342,429617,1246890,Chris McKenna,Writer,Writing
343,429617,1350918,Erik Sommers,Screenplay,Writing
344,429617,1293994,Jon Watts,Director,Directing
345,240832,59,Luc Besson,Director,Directing
346,240832,59,Luc Besson,Writer,Writing
347,333339,488,Steven Spielberg,Director,Directing
348,333339,11011,Zak Penn,Screenplay,Writing
349,333339,74624,Ernest Cline,Screenplay,Writing
350,1892,8844,Lawrence Kasdan,Screenplay,Writing
351,1892,1,George Lucas,Screenplay,Writing
352,1892,19800,Richard Marquand,Director,Directing
353,6479,10943,Francis Lawrence,Director,Directing
354,6479,6854,Mark Protosevich,Screenplay,Writing
355,6479,5575,Akiva Goldsman,Screenplay,Writing
356,339403,11090,Edgar Wright,Director,Directing
357,339403,11090,Edgar Wright,Writer,Writing
358,75656,1105707,Edward Ricourt,Screenplay,Writing
359,75656,18865,Louis Leterrier,Director,Directing
360,75656,52358,Boaz Yakin,Screenplay,Writing
361,75656,9612,Ed Solomon,Screenplay,Writing
362,299537,53068,Ryan Fleck,Director,Directing
363,299537,1612453,Geneva Robertson-Dworet,Screenplay,Writing
364,299537,53068,Ryan Fleck,Screenplay,Writing
365,299537,53069,Anna Boden,Director,Directing
366,299537,53069,Anna Boden,Screenplay,Writing
367,244786,136495,Damien Chazelle,Writer,Writing
368,244786,136495,Damien Chazelle,Director,Directing
369,131631,10943,Francis Lawrence,Director,Directing
370,131631,35550,Danny Strong,Screenplay,Writing
371,131631,225633,Peter Craig,Screenplay,Writing
372,72190,28974,Damon Lindelof,Screenplay,Writing
373,72190,12995,Marc Forster,Director,Directing
374,72190,47506,Drew Goddard,Screenplay,Writing
375,72190,36603,Matthew Michael Carnahan,Screenplay,Writing
376,177572,78600,Jordan Roberts,Screenplay,Writing
377,177572,7884,Daniel Gerson,Screenplay,Writing
378,177572,7931,Robert L. Baird,Screenplay,Writing
379,177572,227439,Don Hall,Director,Directing
380,177572,70238,Chris Williams,Director,Directing
381,558,7630,Alvin Sargent,Screenplay,Writing
382,558,7623,Sam Raimi,Director,Directing
383,348,578,Ridley Scott,Director,Directing
384,348,5045,Dan O'Bannon,Screenplay,Writing
385,330459,129894,Gareth Edwards,Director,Directing
386,330459,3288,Chris Weitz,Screenplay,Writing
387,330459,19242,Tony Gilroy,Screenplay,Writing
388,38,201,Michel Gondry,Director,Directing
389,38,202,Charlie Kaufman,Screenplay,Writing
390,181808,67367,Rian Johnson,Writer,Writing
391,181808,67367,Rian Johnson,Director,Directing
392,49047,11218,Alfonso Cuarón,Writer,Writing
393,49047,1003190,Jonás Cuarón,Writer,Writing
394,49047,11218,Alfonso Cuarón,Director,Directing
395,77,525,Christopher Nolan,Screenplay,Writing
396,77,525,Christopher Nolan,Director,Directing
397,127585,9032,Bryan Singer,Director,Directing
398,127585,11092,Simon Kinberg,Screenplay,Writing
399,1422,1032,Martin Scorsese,Director,Directing
400,1422,34510,William Monahan,Screenplay,Writing
401,49521,15217,Zack Snyder,Director,Directing
402,49521,3893,David S. Goyer,Screenplay,Writing
403,120467,5655,Wes Anderson,Director,Directing
404,120467,5655,Wes Anderson,Screenplay,Writing
405,101,59,Luc Besson,Screenplay,Writing
406,101,59,Luc Besson,Director,Directing
407,118,510,Tim Burton,Director,Directing
408,118,1300,John August,Screenplay,Writing
409,37724,39,Sam Mendes,Director,Directing
410,37724,932,John Logan,Screenplay,Writing
411,37724,10782,Neal Purvis,Screenplay,Writing
412,37724,10783,Robert Wade,Screenplay,Writing
413,20352,52360,Ken Daurio,Screenplay,Writing
414,20352,124747,Pierre Coffin,Director,Directing
415,20352,124748,Chris Renaud,Director,Directing
416,20352,52361,Cinco Paul,Screenplay,Writing
417,321612,15557,Bill Condon,Director,Directing
418,321612,19311,Stephen Chbosky,Screenplay,Writing
419,321612,80675,Evan Spiliotopoulos,Screenplay,Writing
420,1893,1,George Lucas,Director,Directing
421,1893,1,George Lucas,Writer,Writing
422,10193,8,Lee Unkrich,Director,Directing
423,10193,16961,Michael Arndt,Screenplay,Writing
424,752,9340,Lana Wachowski,Screenplay,Writing
425,752,11266,James McTeigue,Director,Directing
426,752,9339,Lilly Wachowski,Screenplay,Writing
427,44214,6431,Darren Aronofsky,Director,Directing
428,44214,143258,Mark Heyman,Screenplay,Writing
429,44214,143259,Andres Heinz,Screenplay,Writing
430,44214,1054633,John J. McLaughlin,Screenplay,Writing
431,285,1704,Gore Verbinski,Director,Directing
432,285,1706,Terry Rossio,Screenplay,Writing
433,285,1705,Ted Elliott,Screenplay,Writing
434,500,138,Quentin Tarantino,Writer,Writing
435,500,138,Quentin Tarantino,Director,Directing
436,122917,108,Peter Jackson,Director,Directing
437,122917,10828,Guillermo del Toro,Screenplay,Writing
438,122917,128,Philippa Boyens,Screenplay,Writing
439,122917,126,Fran Walsh,Screenplay,Writing
440,122917,108,Peter Jackson,Screenplay,Writing
441,447332,1317685,Scott Beck,Screenplay,Writing
442,447332,1317686,Bryan Woods,Screenplay,Writing
443,447332,17697,John Krasinski,Director,Directing
444,447332,17697,John Krasinski,Screenplay,Writing
445,152601,5953,Spike Jonze,Director,Directing
446,152601,5953,Spike Jonze,Writer,Writing
447,559,7630,Alvin Sargent,Screenplay,Writing
448,559,7623,Sam Raimi,Director,Directing
449,559,7623,Sam Raimi,Screenplay,Writing
450,559,7629,Ivan Raimi,Screenplay,Writing
451,273248,138,Quentin Tarantino,Screenplay,Writing
452,273248,138,Quentin Tarantino,Director,Directing
453,335984,583,Hampton Fancher,Screenplay,Writing
454,335984,191937,Michael Green,Screenplay,Writing
455,335984,137427,Denis Villeneuve,Director,Directing
456,920,7879,John Lasseter,Screenplay,Writing
457,920,958088,Jørgen Klubien,Screenplay,Writing
458,920,15892,Dan Fogelman,Screenplay,Writing
459,920,7879,John Lasseter,Director,Directing
460,920,1117780,Phil Lorin,Screenplay,Writing
461,920,1117779,Kiel Murray,Screenplay,Writing
462,920,7911,Joe Ranft,Screenplay,Writing
463,137113,11694,Doug Liman,Director,Directing
464,137113,9033,Christopher McQuarrie,Screenplay,Writing
465,137113,21339,Jez Butterworth,Screenplay,Writing
466,137113,120254,John-Henry Butterworth,Screenplay,Writing
467,393,138,Quentin Tarantino,Screenplay,Writing
468,393,138,Quentin Tarantino,Director,Directing
469,438631,137427,Denis Villeneuve,Director,Directing
470,438631,137427,Denis Villeneuve,Screenplay,Writing
471,438631,27,Eric Roth,Screenplay,Writing
472,438631,564940,Jon Spaihts,Screenplay,Writing
473,78,578,Ridley Scott,Director,Directing
474,78,583,Hampton Fancher,Screenplay,Writing
475,78,7191,David Webb Peoples,Screenplay,Writing
476,863,7879,John Lasseter,Director,Directing
477,863,7,Andrew Stanton,Screenplay,Writing
478,863,12906,Rita Hsiao,Screenplay,Writing
479,863,12907,Doug Chamberlin,Screenplay,Writing
480,863,12908,Chris Webb,Screenplay,Writing
481,1895,1,George Lucas,Director,Directing
482,1895,1,George Lucas,Screenplay,Writing
483,1865,17633,Rob Marshall,Director,Directing
484,1865,1706,Terry Rossio,Screenplay,Writing
485,1865,1705,Ted Elliott,Screenplay,Writing
486,324786,53972,Robert Schenkkan,Screenplay,Writing
487,324786,2461,Mel Gibson,Director,Directing
488,324786,137902,Andrew Knight,Screenplay,Writing
489,297802,2127,James Wan,Director,Directing
490,297802,142686,David Leslie Johnson-McGoldrick,Screenplay,Writing
491,297802,466391,Will Beall,Screenplay,Writing
492,466272,138,Quentin Tarantino,Director,Directing
493,466272,138,Quentin Tarantino,Writer,Writing
494,607,5174,Barry Sonnenfeld,Director,Directing
495,607,9612,Ed Solomon,Screenplay,Writing
496,12155,510,Tim Burton,Director,Directing
497,12155,38792,Linda Woolverton,Screenplay,Writing
498,1271,15217,Zack Snyder,Director,Directing
499,1271,17285,Kurt Johnstad,Screenplay,Writing
500,1271,15217,Zack Snyder,Screenplay,Writing
501,1271,1272667,Michael B. Gordon,Screenplay,Writing
502,10528,956,Guy Ritchie,Director,Directing
503,10528,71244,Anthony Peckham,Screenplay,Writing
504,10528,11092,Simon Kinberg,Screenplay,Writing
505,10528,112689,Michael Robert Johnson,Screenplay,Writing
506,218,2710,James Cameron,Director,Directing
507,218,2710,James Cameron,Writer,Writing
508,218,869,Gale Anne Hurd,Writer,Writing
509,353486,51851,Jake Kasdan,Director,Directing
510,353486,168309,Jeff Pinkner,Screenplay,Writing
511,353486,1246890,Chris McKenna,Screenplay,Writing
512,353486,3228,Scott Rosenberg,Screenplay,Writing
513,353486,1350918,Erik Sommers,Screenplay,Writing
514,280,2711,William Wisher,Writer,Writing
515,280,2710,James Cameron,Director,Directing
516,280,2710,James Cameron,Writer,Writing
517,769,7163,Nicholas Pileggi,Screenplay,Writing
518,769,1032,Martin Scorsese,Director,Directing
519,769,1032,Martin Scorsese,Screenplay,Writing
520,10191,66193,Chris Sanders,Director,Directing
521,10191,69797,Dean DeBlois,Screenplay,Writing
522,10191,69797,Dean DeBlois,Director,Directing
523,10191,66193,Chris Sanders,Screenplay,Writing
524,10191,21075,William Davies,Screenplay,Writing
525,8966,19850,Catherine Hardwicke,Director,Directing
526,8966,56855,Melissa Rosenberg,Screenplay,Writing
527,1894,19802,Jonathan Hales,Screenplay,Writing
528,1894,1,George Lucas,Screenplay,Writing
529,1894,1,George Lucas,Director,Directing
530,425,5713,Chris Wedge,Director,Directing
531,425,5716,Michael Berg,Screenplay,Writing
532,425,5715,Michael J. Wilson,Screenplay,Writing
533,425,5717,Peter Ackerman,Screenplay,Writing
534,102382,15345,Alex Kurtzman,Screenplay,Writing
535,102382,168309,Jeff Pinkner,Screenplay,Writing
536,102382,15346,Roberto Orci,Screenplay,Writing
537,102382,87742,Marc Webb,Director,Directing
538,76600,2710,James Cameron,Director,Directing
539,76600,2710,James Cameron,Screenplay,Writing
540,76600,67803,Amanda Silver,Screenplay,Writing
541,76600,67802,Rick Jaffa,Screenplay,Writing
542,324552,40644,Chad Stahelski,Director,Directing
543,324552,1076800,Derek Kolstad,Writer,Writing
544,264660,2036,Alex Garland,Director,Directing
545,264660,2036,Alex Garland,Writer,Writing
546,57158,128,Philippa Boyens,Screenplay,Writing
547,57158,108,Peter Jackson,Screenplay,Writing
548,57158,126,Fran Walsh,Screenplay,Writing
549,57158,108,Peter Jackson,Director,Directing
550,57158,10828,Guillermo del Toro,Screenplay,Writing
551,274870,77965,Morten Tyldum,Director,Directing
552,274870,564940,Jon Spaihts,Writer,Writing
553,363088,59026,Peyton Reed,Director,Directing
554,363088,1350918,Erik Sommers,Screenplay,Writing
555,363088,1360012,Gabriel Ferrari,Screenplay,Writing
556,363088,22226,Paul Rudd,Screenplay,Writing
557,363088,1246890,Chris McKenna,Screenplay,Writing
558,363088,1123885,Andrew Barrer,Screenplay,Writing
559,62177,126638,Mark Andrews,Screenplay,Writing
560,62177,59803,Brenda Chapman,Screenplay,Writing
561,62177,59803,Brenda Chapman,Director,Directing
562,62177,137262,Steve Purcell,Screenplay,Writing
563,62177,56041,Irene Mecchi,Screenplay,Writing
564,62177,126638,Mark Andrews,Director,Directing
565,546554,67367,Rian Johnson,Writer,Writing
566,546554,67367,Rian Johnson,Director,Directing
567,637,4818,Roberto Benigni,Screenplay,Writing
568,637,4818,Roberto Benigni,Director,Directing
569,637,9234,Vincenzo Cerami,Screenplay,Writing
570,240,3083,Mario Puzo,Screenplay,Writing
571,240,1776,Francis Ford Coppola,Director,Directing
572,240,1776,Francis Ford Coppola,Screenplay,Writing
573,165,1058,Bob Gale,Screenplay,Writing
574,165,24,Robert Zemeckis,Director,Directing
575,489,5216,Gus Van Sant,Director,Directing
576,489,1892,Matt Damon,Writer,Writing
577,489,880,Ben Affleck,Writer,Writing
578,350,5065,David Frankel,Director,Directing
579,350,10567,Aline Brosh McKenna,Screenplay,Writing
580,185,240,Stanley Kubrick,Director,Directing
581,185,240,Stanley Kubrick,Screenplay,Writing
582,246655,9032,Bryan Singer,Director,Directing
583,246655,11092,Simon Kinberg,Screenplay,Writing
584,162,510,Tim Burton,Director,Directing
585,162,1901,Caroline Thompson,Screenplay,Writing
586,87827,1614,Ang Lee,Director,Directing
587,87827,12996,David Magee,Screenplay,Writing
588,277834,1318201,Jared Bush,Screenplay,Writing
589,277834,15810,Ron Clements,Director,Directing
590,277834,15811,John Musker,Director,Directing
591,4922,27,Eric Roth,Screenplay,Writing
592,4922,7467,David Fincher,Director,Directing
593,102651,1032536,Robert Stromberg,Director,Directing
594,102651,38792,Linda Woolverton,Screenplay,Writing
595,260513,7087,Brad Bird,Director,Directing
596,260513,7087,Brad Bird,Writer,Writing
597,64690,21183,Nicolas Winding Refn,Director,Directing
598,64690,56960,Hossein Amini,Screenplay,Writing
599,85,488,Steven Spielberg,Director,Directing
600,85,8844,Lawrence Kasdan,Screenplay,Writing
601,141052,131680,Chris Terrio,Screenplay,Writing
602,141052,15217,Zack Snyder,Director,Directing
603,141052,12891,Joss Whedon,Screenplay,Writing
604,190859,190,Clint Eastwood,Director,Directing
605,190859,1530530,Jason Hall,Writer,Writing
606,530915,39,Sam Mendes,Director,Directing
607,530915,1643383,Krysty Wilson-Cairns,Writer,Writing
608,530915,39,Sam Mendes,Writer,Writing
609,194662,223,Alejandro G. Iñárritu,Director,Directing
610,194662,223,Alejandro G. Iñárritu,Writer,Writing
611,194662,931800,Nicolás Giacobone,Writer,Writing
612,194662,1281196,Alexander Dinelaris,Writer,Writing
613,194662,661870,Armando Bo,Writer,Writing
614,49538,957,Matthew Vaughn,Director,Directing
615,49538,67484,Ashley Miller,Screenplay,Writing
616,49538,67485,Zack Stentz,Screenplay,Writing
617,49538,23447,Jane Goldman,Screenplay,Writing
618,49538,957,Matthew Vaughn,Screenplay,Writing
619,809,5524,Andrew Adamson,Director,Directing
620,809,12079,Kelly Asbury,Director,Directing
621,809,12080,Conrad Vernon,Director,Directing
622,809,5524,Andrew Adamson,Screenplay,Writing
623,809,12083,Joe Stillman,Screenplay,Writing
624,809,12084,J. David Stem,Screenplay,Writing
625,809,12085,David N. Weiss,Screenplay,Writing
626,103,1032,Martin Scorsese,Director,Directing
627,103,1035,Paul Schrader,Writer,Writing
628,68726,114016,Travis Beacham,Screenplay,Writing
629,68726,10828,Guillermo del Toro,Screenplay,Writing
630,68726,10828,Guillermo del Toro,Director,Directing
631,157350,17329,Neil Burger,Director,Directing
632,157350,176489,Vanessa Taylor,Screenplay,Writing
633,157350,228135,Evan Daugherty,Screenplay,Writing
634,141,1577,Richard Kelly,Director,Directing
635,141,1577,Richard Kelly,Writer,Writing
636,6977,1223,Joel Coen,Director,Directing
637,6977,1224,Ethan Coen,Director,Directing
638,6977,1224,Ethan Coen,Writer,Writing
639,6977,1223,Joel Coen,Writer,Writing
640,131634,35550,Danny Strong,Screenplay,Writing
641,131634,10943,Francis Lawrence,Director,Directing
642,131634,225633,Peter Craig,Screenplay,Writing
643,296096,1096867,Thea Sharrock,Director,Directing
644,296096,77950,Scott Neustadter,Screenplay,Writing
645,296096,1371010,Jojo Moyes,Screenplay,Writing
646,296096,77951,Michael H. Weber,Screenplay,Writing
647,70981,564940,Jon Spaihts,Writer,Writing
648,70981,28974,Damon Lindelof,Writer,Writing
649,70981,578,Ridley Scott,Director,Directing
650,19908,91268,Ruben Fleischer,Director,Directing
651,19908,7932,Rhett Reese,Writer,Writing
652,19908,91269,Paul Wernick,Writer,Writing
653,37799,13520,Aaron Sorkin,Screenplay,Writing
654,37799,7467,David Fincher,Director,Directing
655,72105,52139,Seth MacFarlane,Screenplay,Writing
656,72105,52139,Seth MacFarlane,Director,Directing
657,72105,570785,Alec Sulkin,Screenplay,Writing
658,72105,1224494,Wellesley Wild,Screenplay,Writing
659,146233,137427,Denis Villeneuve,Director,Directing
660,146233,935990,Aaron Guzikowski,Writer,Writing
661,111,1150,Brian De Palma,Director,Directing
662,111,1152,Oliver Stone,Screenplay,Writing
663,82690,1120694,Jennifer Lee,Screenplay,Writing
664,82690,567562,Phil Johnston,Screenplay,Writing
665,82690,165787,Rich Moore,Director,Directing
666,14,39,Sam Mendes,Director,Directing
667,14,2152,Alan Ball,Writer,Writing
668,228150,19769,David Ayer,Director,Directing
669,228150,19769,David Ayer,Writer,Writing
670,745,11614,M. Night Shyamalan,Director,Directing
671,745,11614,M. Night Shyamalan,Writer,Writing
672,490132,7396,Peter Farrelly,Director,Directing
673,490132,78336,Nick Vallelonga,Writer,Writing
674,490132,1557939,Brian Hayes Currie,Writer,Writing
675,490132,7396,Peter Farrelly,Writer,Writing
676,64682,6201,Baz Luhrmann,Screenplay,Writing
677,64682,6201,Baz Luhrmann,Director,Directing
678,64682,6211,Craig Pearce,Screenplay,Writing
679,399055,176489,Vanessa Taylor,Screenplay,Writing
680,399055,10828,Guillermo del Toro,Director,Directing
681,399055,10828,Guillermo del Toro,Screenplay,Writing
682,166426,2689,Jeff Nathanson,Screenplay,Writing
683,166426,20308,Espen Sandberg,Director,Directing
684,166426,20307,Joachim Rønning,Director,Directing
685,61791,77357,Rupert Wyatt,Director,Directing
686,61791,67802,Rick Jaffa,Screenplay,Writing
687,61791,67803,Amanda Silver,Screenplay,Writing
688,138843,22038,Carey Hayes,Screenplay,Writing
689,138843,22039,Chad Hayes,Screenplay,Writing
690,138843,2127,James Wan,Director,Directing
691,351286,1020013,Derek Connolly,Writer,Writing
692,351286,930707,Colin Trevorrow,Writer,Writing
693,351286,51894,J. A. Bayona,Director,Directing
694,1724,11011,Zak Penn,Screenplay,Writing
695,1724,18865,Louis Leterrier,Director,Directing
696,14161,6046,Roland Emmerich,Director,Directing
697,14161,6046,Roland Emmerich,Writer,Writing
698,14161,5430,Harald Kloser,Writer,Writing
699,398818,78160,Luca Guadagnino,Director,Directing
700,398818,54441,James Ivory,Screenplay,Writing
701,9502,57741,Mark Osborne,Director,Directing
702,9502,57742,John Stevenson,Director,Directing
703,9502,57743,Glenn Berger,Screenplay,Writing
704,9502,57744,Jonathan Aibel,Screenplay,Writing
705,2048,21086,Jeff Vintar,Screenplay,Writing
706,2048,21085,Alex Proyas,Director,Directing
707,2048,5575,Akiva Goldsman,Screenplay,Writing
708,207,2690,Peter Weir,Director,Directing
709,207,2691,Tom Schulman,Writer,Writing
710,372058,74091,Makoto Shinkai,Director,Directing
711,372058,74091,Makoto Shinkai,Screenplay,Writing
712,62,240,Stanley Kubrick,Screenplay,Writing
713,62,241,Arthur C. Clarke,Screenplay,Writing
714,62,240,Stanley Kubrick,Director,Directing
715,127380,7,Andrew Stanton,Director,Directing
716,127380,7,Andrew Stanton,Screenplay,Writing
717,127380,1396739,Victoria Strouse,Screenplay,Writing
718,73,814,Tony Kaye,Director,Directing
719,73,818,David McKenna,Screenplay,Writing
720,82693,17883,David O. Russell,Screenplay,Writing
721,82693,17883,David O. Russell,Director,Directing
722,161,1886,Ted Griffin,Screenplay,Writing
723,161,1884,Steven Soderbergh,Director,Directing
724,11036,11151,Nick Cassavetes,Director,Directing
725,11036,25210,Jeremy Leven,Screenplay,Writing
726,11036,67887,Jan Sardi,Screenplay,Writing
727,771,11505,John Hughes,Screenplay,Writing
728,771,10965,Chris Columbus,Director,Directing
729,38757,76595,Byron Howard,Director,Directing
730,38757,121830,Nathan Greno,Director,Directing
731,38757,15892,Dan Fogelman,Screenplay,Writing
732,194,2419,Jean-Pierre Jeunet,Director,Directing
733,194,2420,Guillaume Laurant,Screenplay,Writing
734,194,2419,Jean-Pierre Jeunet,Screenplay,Writing
735,23483,957,Matthew Vaughn,Screenplay,Writing
736,23483,23447,Jane Goldman,Screenplay,Writing
737,23483,957,Matthew Vaughn,Director,Directing
738,1359,16378,Mary Harron,Director,Directing
739,1359,16378,Mary Harron,Screenplay,Writing
740,1359,32030,Guinevere Turner,Screenplay,Writing
741,216015,940376,Kelly Marcel,Screenplay,Writing
742,216015,1137903,Sam Taylor-Johnson,Director,Directing
743,562,1726,Steven E. de Souza,Screenplay,Writing
744,562,7671,Jeb Stuart,Screenplay,Writing
745,562,1090,John McTiernan,Director,Directing
746,8358,24,Robert Zemeckis,Director,Directing
747,8358,142,William Broyles Jr.,Writer,Writing
748,1858,865,Michael Bay,Director,Directing
749,1858,15345,Alex Kurtzman,Screenplay,Writing
750,1858,15346,Roberto Orci,Screenplay,Writing
751,119450,32278,Matt Reeves,Director,Directing
752,119450,18189,Mark Bomback,Writer,Writing
753,119450,67802,Rick Jaffa,Writer,Writing
754,119450,67803,Amanda Silver,Writer,Writing
755,36657,10995,David Hayter,Screenplay,Writing
756,36657,9032,Bryan Singer,Director,Directing
757,115,1223,Joel Coen,Director,Directing
758,115,1224,Ethan Coen,Writer,Writing
759,115,1223,Joel Coen,Writer,Writing
760,115,1224,Ethan Coen,Director,Directing
761,332562,51329,Bradley Cooper,Director,Directing
762,332562,51329,Bradley Cooper,Screenplay,Writing
763,332562,224385,Will Fetters,Screenplay,Writing
764,332562,27,Eric Roth,Screenplay,Writing
765,49530,8685,Andrew Niccol,Director,Directing
766,49530,8685,Andrew Niccol,Writer,Writing
767,414906,32278,Matt Reeves,Writer,Writing
768,414906,225633,Peter Craig,Writer,Writing
769,414906,32278,Matt Reeves,Director,Directing
770,8681,35453,Pierre Morel,Director,Directing
771,8681,59,Luc Besson,Writer,Writing
772,8681,61,Robert Mark Kamen,Writer,Writing
773,872585,525,Christopher Nolan,Director,Directing
774,872585,525,Christopher Nolan,Writer,Writing
775,812,15811,John Musker,Director,Directing
776,812,15810,Ron Clements,Director,Directing
777,812,15810,Ron Clements,Screenplay,Writing
778,812,1705,Ted Elliott,Screenplay,Writing
779,812,1706,Terry Rossio,Screenplay,Writing
780,812,15811,John Musker,Screenplay,Writing
781,604,9339,Lilly Wachowski,Director,Directing
782,604,9340,Lana Wachowski,Director,Directing
783,604,9340,Lana Wachowski,Writer,Writing
784,604,9339,Lilly Wachowski,Writer,Writing
785,601,488,Steven Spielberg,Director,Directing
786,601,9964,Melissa Mathison,Writer,Writing
787,93456,124747,Pierre Coffin,Director,Directing
788,93456,124748,Chris Renaud,Director,Directing
789,93456,52361,Cinco Paul,Writer,Writing
790,93456,52360,Ken Daurio,Writer,Writing
791,76203,51679,John Ridley,Screenplay,Writing
792,76203,72757,Steve McQueen,Director,Directing
793,18,59,Luc Besson,Director,Directing
794,18,61,Robert Mark Kamen,Screenplay,Writing
795,18,59,Luc Besson,Screenplay,Writing
796,458156,40644,Chad Stahelski,Director,Directing
797,458156,1224015,Chris Collins,Screenplay,Writing
798,458156,1226505,Marc Abrams,Screenplay,Writing
799,458156,1076800,Derek Kolstad,Screenplay,Writing
800,458156,2104243,Shay Hatten,Screenplay,Writing
801,242582,57113,Dan Gilroy,Director,Directing
802,242582,57113,Dan Gilroy,Writer,Writing
803,953,18863,Eric Darnell,Director,Directing
804,953,1176124,Billy Frolick,Writer,Writing
805,953,18864,Tom McGrath,Director,Directing
806,953,7316,Mark Burton,Writer,Writing
807,953,18864,Tom McGrath,Writer,Writing
808,953,18863,Eric Darnell,Writer,Writing
809,36557,10783,Robert Wade,Screenplay,Writing
810,36557,455,Paul Haggis,Screenplay,Writing
811,36557,10702,Martin Campbell,Director,Directing
812,36557,10782,Neal Purvis,Screenplay,Writing
813,1949,20204,James Vanderbilt,Screenplay,Writing
814,1949,7467,David Fincher,Director,Directing
815,291805,54507,Jon M. Chu,Director,Directing
816,291805,9612,Ed Solomon,Screenplay,Writing
817,13223,190,Clint Eastwood,Director,Directing
818,13223,74315,Nick Schenk,Screenplay,Writing
819,578,8555,Carl Gottlieb,Screenplay,Writing
820,578,8554,Peter Benchley,Screenplay,Writing
821,578,488,Steven Spielberg,Director,Directing
822,75612,99411,Karl Gajdusek,Screenplay,Writing
823,75612,16961,Michael Arndt,Screenplay,Writing
824,75612,86270,Joseph Kosinski,Director,Directing
825,196,24,Robert Zemeckis,Director,Directing
826,196,1058,Bob Gale,Screenplay,Writing
827,411,5524,Andrew Adamson,Screenplay,Writing
828,411,5551,Christopher Markus,Screenplay,Writing
829,411,5524,Andrew Adamson,Director,Directing
830,411,5550,Ann Peacock,Screenplay,Writing
831,411,5552,Stephen McFeely,Screenplay,Writing
832,222935,77950,Scott Neustadter,Screenplay,Writing
833,222935,1053420,Josh Boone,Director,Directing
834,222935,77951,Michael H. Weber,Screenplay,Writing
835,310,4489,Steve Oedekerk,Screenplay,Writing
836,310,4499,Tom Shadyac,Director,Directing
837,310,4485,Steve Koren,Screenplay,Writing
838,310,4486,Mark O'Keefe,Screenplay,Writing
839,600,240,Stanley Kubrick,Director,Directing
840,600,8643,Michael Herr,Screenplay,Writing
841,600,240,Stanley Kubrick,Screenplay,Writing
842,600,8642,Gustav Hasford,Screenplay,Writing
843,1417,10828,Guillermo del Toro,Director,Directing
844,1417,10828,Guillermo del Toro,Writer,Writing
845,51876,17329,Neil Burger,Director,Directing
846,51876,11708,Leslie Dixon,Screenplay,Writing
847,510,3974,Miloš Forman,Director,Directing
848,510,7065,Lawrence Hauben,Screenplay,Writing
849,510,4181,Bo Goldman,Screenplay,Writing
850,508442,12890,Pete Docter,Screenplay,Writing
851,508442,12890,Pete Docter,Director,Directing
852,508442,2451598,Kemp Powers,Screenplay,Writing
853,508442,2808625,Mike Jones,Screenplay,Writing
854,629,9032,Bryan Singer,Director,Directing
855,629,9033,Christopher McQuarrie,Writer,Writing
856,338952,11343,David Yates,Director,Directing
857,338952,10966,J.K. Rowling,Screenplay,Writing
858,12405,2034,Danny Boyle,Director,Directing
859,12405,57631,Simon Beaufoy,Screenplay,Writing
860,62211,225976,Dan Scanlon,Director,Directing
861,62211,7884,Daniel Gerson,Screenplay,Writing
862,62211,7931,Robert L. Baird,Screenplay,Writing
863,62211,225976,Dan Scanlon,Screenplay,Writing
864,854,26713,Chuck Russell,Director,Directing
865,854,11402,Mike Werb,Screenplay,Writing
866,8844,4945,Joe Johnston,Director,Directing
867,8844,876,Jonathan Hensleigh,Screenplay,Writing
868,8844,56520,Greg Taylor,Screenplay,Writing
869,8844,56521,Jim Strain,Screenplay,Writing
870,497698,93286,Cate Shortland,Director,Directing
871,497698,579281,Eric Pearson,Screenplay,Writing
872,45243,35796,Craig Mazin,Screenplay,Writing
873,45243,57538,Scot Armstrong,Screenplay,Writing
874,45243,57130,Todd Phillips,Director,Directing
875,45243,57130,Todd Phillips,Screenplay,Writing
876,45243,52114,Jon Lucas,Writer,Writing
877,45243,52115,Scott Moore,Writer,Writing
878,168259,58191,Chris Morgan,Writer,Writing
879,168259,2127,James Wan,Director,Directing
880,2080,9813,David Benioff,Screenplay,Writing
881,2080,13079,Gavin Hood,Director,Directing
882,2080,18185,Skip Woods,Screenplay,Writing
883,206647,39,Sam Mendes,Director,Directing
884,206647,932,John Logan,Screenplay,Writing
885,206647,21339,Jez Butterworth,Screenplay,Writing
886,206647,10783,Robert Wade,Screenplay,Writing
887,206647,10782,Neal Purvis,Screenplay,Writing
888,787,11694,Doug Liman,Director,Directing
889,787,11092,Simon Kinberg,Screenplay,Writing
890,84892,19311,Stephen Chbosky,Director,Directing
891,84892,19311,Stephen Chbosky,Screenplay,Writing
892,346698,45400,Greta Gerwig,Director,Directing
893,346698,5656,Noah Baumbach,Writer,Writing
894,346698,45400,Greta Gerwig,Writer,Writing
895,577922,525,Christopher Nolan,Writer,Writing
896,577922,525,Christopher Nolan,Director,Directing
897,652,5231,Wolfgang Petersen,Director,Directing
898,652,9813,David Benioff,Screenplay,Writing
899,580489,940376,Kelly Marcel,Screenplay,Writing
900,580489,1333,Andy Serkis,Director,Directing
901,197,2461,Mel Gibson,Director,Directing
902,197,2460,Randall Wallace,Writer,Writing
903,82992,58189,Justin Lin,Director,Directing
904,82992,58191,Chris Morgan,Writer,Writing
905,361743,1279644,Eric Warren Singer,Screenplay,Writing
906,361743,15244,Ehren Kruger,Screenplay,Writing
907,361743,9033,Christopher McQuarrie,Screenplay,Writing
908,361743,86270,Joseph Kosinski,Director,Directing
909,4935,608,Hayao Miyazaki,Director,Directing
910,4935,608,Hayao Miyazaki,Screenplay,Writing
911,293167,236539,Jordan Vogt-Roberts,Director,Directing
912,293167,1080778,Max Borenstein,Screenplay,Writing
913,293167,57113,Dan Gilroy,Screenplay,Writing
914,293167,1020013,Derek Connolly,Screenplay,Writing
915,343668,957,Matthew Vaughn,Director,Directing
916,343668,957,Matthew Vaughn,Writer,Writing
917,343668,23447,Jane Goldman,Writer,Writing
918,453,6159,Ron Howard,Director,Directing
919,453,5575,Akiva Goldsman,Writer,Writing
920,89,737,Jeffrey Boam,Screenplay,Writing
921,89,488,Steven Spielberg,Director,Directing
922,211672,8023,Kyle Balda,Director,Directing
923,211672,124747,Pierre Coffin,Director,Directing
924,211672,1024175,Brian Lynch,Writer,Writing
925,266856,76998,James Marsh,Director,Directing
926,266856,1041394,Anthony McCarten,Screenplay,Writing
927,19913,87742,Marc Webb,Director,Directing
928,19913,77951,Michael H. Weber,Writer,Writing
929,19913,77950,Scott Neustadter,Writer,Writing
930,64688,107446,Phil Lord,Director,Directing
931,64688,58744,Michael Bacall,Screenplay,Writing
932,64688,155267,Christopher Miller,Director,Directing
933,294254,1179066,Wes Ball,Director,Directing
934,294254,1257144,T.S. Nowlin,Screenplay,Writing
935,641,6431,Darren Aronofsky,Director,Directing
936,641,6431,Darren Aronofsky,Screenplay,Writing
937,641,9535,Hubert Selby Jr.,Screenplay,Writing
938,539,7300,Joseph Stefano,Screenplay,Writing
939,539,2636,Alfred Hitchcock,Director,Directing
940,41154,5174,Barry Sonnenfeld,Director,Directing
941,41154,52803,Etan Cohen,Screenplay,Writing
942,1593,59413,Robert Ben Garant,Screenplay,Writing
943,1593,17825,Shawn Levy,Director,Directing
944,1593,539,Thomas Lennon,Screenplay,Writing
945,59967,67367,Rian Johnson,Writer,Writing
946,59967,67367,Rian Johnson,Director,Directing
947,58574,53806,Kieran Mulroney,Screenplay,Writing
948,58574,53805,Michele Mulroney,Screenplay,Writing
949,58574,956,Guy Ritchie,Director,Directing
950,359940,54472,Martin McDonagh,Director,Directing
951,359940,54472,Martin McDonagh,Writer,Writing
952,36658,11012,Michael Dougherty,Screenplay,Writing
953,36658,11013,Dan Harris,Screenplay,Writing
954,36658,10995,David Hayter,Screenplay,Writing
955,36658,9032,Bryan Singer,Director,Directing
956,679,2710,James Cameron,Director,Directing
957,679,2710,James Cameron,Screenplay,Writing
958,791373,15217,Zack Snyder,Director,Directing
959,791373,131680,Chris Terrio,Screenplay,Writing
960,181812,15344,J.J. Abrams,Director,Directing
961,181812,131680,Chris Terrio,Screenplay,Writing
962,181812,15344,J.J. Abrams,Screenplay,Writing
963,9799,19769,David Ayer,Screenplay,Writing
964,9799,8162,Gary Scott Thompson,Screenplay,Writing
965,9799,59327,Erik Bergquist,Screenplay,Writing
966,9799,18878,Rob Cohen,Director,Directing
967,605,9339,Lilly Wachowski,Director,Directing
968,605,9340,Lana Wachowski,Director,Directing
969,605,9339,Lilly Wachowski,Writer,Writing
970,605,9340,Lana Wachowski,Writer,Writing
971,502356,113901,Michael Jelenic,Director,Directing
972,502356,1719706,Aaron Horvath,Director,Directing
973,502356,1777724,Matthew Fogel,Writer,Writing
974,495764,1448221,Christina Hodson,Screenplay,Writing
975,495764,1936668,Cathy Yan,Director,Directing
976,337339,37932,F. Gary Gray,Director,Directing
977,337339,58191,Chris Morgan,Writer,Writing
978,56292,7087,Brad Bird,Director,Directing
979,56292,120015,Josh Appelbaum,Writer,Writing
980,56292,1018751,André Nemec,Writer,Writing
981,420818,2689,Jeff Nathanson,Screenplay,Writing
982,420818,15277,Jon Favreau,Director,Directing
983,301528,84496,Josh Cooley,Director,Directing
984,301528,1744241,Stephany Folsom,Screenplay,Writing
985,301528,7,Andrew Stanton,Screenplay,Writing
986,10020,62047,Gary Trousdale,Director,Directing
987,10020,62048,Kirk Wise,Director,Directing
988,10020,38792,Linda Woolverton,Screenplay,Writing
989,608,5174,Barry Sonnenfeld,Director,Directing
990,608,9644,Barry Fanaro,Screenplay,Writing
991,608,41386,Robert Gordon,Screenplay,Writing
992,772,11505,John Hughes,Screenplay,Writing
993,772,10965,Chris Columbus,Director,Directing
994,1402,20646,Gabriele Muccino,Director,Directing
995,1402,20647,Steven Conrad,Screenplay,Writing
996,399566,98631,Adam Wingard,Director,Directing
997,399566,579281,Eric Pearson,Screenplay,Writing
998,399566,1080778,Max Borenstein,Screenplay,Writing
999,420817,1300,John August,Screenplay,Writing
1000,420817,956,Guy Ritchie,Director,Directing
1001,420817,956,Guy Ritchie,Screenplay,Writing
1002,405774,1011,Susanne Bier,Director,Directing
1003,405774,115033,Eric Heisserer,Screenplay,Writing
1004,392044,11181,Kenneth Branagh,Director,Directing
1005,392044,191937,Michael Green,Screenplay,Writing
1006,13475,15344,J.J. Abrams,Director,Directing
1007,13475,15346,Roberto Orci,Writer,Writing
1008,13475,15345,Alex Kurtzman,Writer,Writing
1009,602,6046,Roland Emmerich,Director,Directing
1010,602,8676,Dean Devlin,Screenplay,Writing
1011,602,6046,Roland Emmerich,Screenplay,Writing
1012,82702,69797,Dean DeBlois,Director,Directing
1013,82702,69797,Dean DeBlois,Writer,Writing
1014,10674,66195,Eugenia Bostwick-Singer,Screenplay,Writing
1015,10674,66190,Tony Bancroft,Director,Directing
1016,10674,66194,Raymond Singer,Screenplay,Writing
1017,10674,66191,Barry Cook,Director,Directing
1018,10674,12906,Rita Hsiao,Screenplay,Writing
1019,10674,66193,Chris Sanders,Screenplay,Writing
1020,10674,37078,Philip LaZebnik,Screenplay,Writing
1021,453395,7623,Sam Raimi,Director,Directing
1022,453395,2094567,Michael Waldron,Writer,Writing
1023,283366,510,Tim Burton,Director,Directing
1024,283366,23447,Jane Goldman,Screenplay,Writing
1025,566525,1144604,Destin Daniel Cretton,Screenplay,Writing
1026,566525,57264,David Callaham,Screenplay,Writing
1027,566525,1629671,Andrew Lanham,Screenplay,Writing
1028,566525,1144604,Destin Daniel Cretton,Director,Directing
1029,515001,55934,Taika Waititi,Director,Directing
1030,515001,55934,Taika Waititi,Screenplay,Writing
1031,381284,1141683,Theodore Melfi,Director,Directing
1032,381284,1141683,Theodore Melfi,Screenplay,Writing
1033,381284,211980,Allison Schroeder,Screenplay,Writing
1034,110415,21684,Bong Joon Ho,Screenplay,Writing
1035,110415,21684,Bong Joon Ho,Director,Directing
1036,110415,53455,Kelly Masterson,Screenplay,Writing
1037,262500,1295292,Brian Duffield,Screenplay,Writing
1038,262500,5575,Akiva Goldsman,Screenplay,Writing
1039,262500,57270,Robert Schwentke,Director,Directing
1040,262500,18189,Mark Bomback,Screenplay,Writing
1041,627,8999,John Hodge,Screenplay,Writing
1042,627,2034,Danny Boyle,Director,Directing
1043,36668,11091,Brett Ratner,Director,Directing
1044,36668,11092,Simon Kinberg,Writer,Writing
1045,36668,11011,Zak Penn,Writer,Writing
1046,17654,82194,Neill Blomkamp,Director,Directing
1047,17654,82194,Neill Blomkamp,Writer,Writing
1048,17654,82195,Terri Tatchell,Writer,Writing
1049,454626,63449,Josh Miller,Screenplay,Writing
1050,454626,63453,Pat Casey,Screenplay,Writing
1051,454626,93364,Jeff Fowler,Director,Directing
1052,70,190,Clint Eastwood,Director,Directing
1053,70,455,Paul Haggis,Screenplay,Writing
1054,9479,1901,Caroline Thompson,Screenplay,Writing
1055,9479,57646,Henry Selick,Director,Directing
1056,950,5714,Carlos Saldanha,Director,Directing
1057,950,1423226,Jim Hecht,Screenplay,Writing
1058,950,980834,Gerry Swallow,Screenplay,Writing
1059,950,81209,Peter Gaulke,Screenplay,Writing
1060,76170,366,James Mangold,Director,Directing
1061,76170,2199,Scott Frank,Screenplay,Writing
1062,76170,18189,Mark Bomback,Screenplay,Writing
1063,330457,211980,Allison Schroeder,Screenplay,Writing
1064,330457,1120694,Jennifer Lee,Screenplay,Writing
1065,330457,1120694,Jennifer Lee,Director,Directing
1066,330457,15774,Chris Buck,Director,Directing
1067,8960,36602,Peter Berg,Director,Directing
1068,8960,66632,Vincent Ngo,Screenplay,Writing
1069,8960,66633,Vince Gilligan,Screenplay,Writing
1070,287947,1101411,Henry Gayden,Screenplay,Writing
1071,287947,1302082,David F. Sandberg,Director,Directing
1072,3933,34891,Mike Johnson,Director,Directing
1073,3933,34892,Pamela Pettler,Screenplay,Writing
1074,3933,510,Tim Burton,Director,Directing
1075,3933,1300,John August,Screenplay,Writing
1076,3933,1901,Caroline Thompson,Screenplay,Writing
1077,568124,1710601,Charise Castro Smith,Screenplay,Writing
1078,568124,1318201,Jared Bush,Screenplay,Writing
1079,568124,76595,Byron Howard,Director,Directing
1080,568124,1318201,Jared Bush,Director,Directing
1081,423,3556,Roman Polanski,Director,Directing
1082,423,3558,Ronald Harwood,Screenplay,Writing
1083,5915,2228,Sean Penn,Screenplay,Writing
1084,5915,2228,Sean Penn,Director,Directing
1085,2501,25618,William Blake Herron,Screenplay,Writing
1086,2501,19242,Tony Gilroy,Screenplay,Writing
1087,2501,11694,Doug Liman,Director,Directing
1088,87,488,Steven Spielberg,Director,Directing
1089,87,687,Gloria Katz,Screenplay,Writing
1090,87,686,Willard Huyck,Screenplay,Writing
1091,564,7775,Stephen Sommers,Screenplay,Writing
1092,564,7775,Stephen Sommers,Director,Directing
1093,399579,2294,Robert Rodriguez,Director,Directing
1094,399579,20294,Laeta Kalogridis,Screenplay,Writing
1095,399579,2710,James Cameron,Screenplay,Writing
1096,176,2127,James Wan,Director,Directing
1097,176,2128,Leigh Whannell,Screenplay,Writing
1098,389,5246,Reginald Rose,Screenplay,Writing
1099,389,39996,Sidney Lumet,Director,Directing
1100,337404,56718,Dana Fox,Screenplay,Writing
1101,337404,77723,Tony McNamara,Screenplay,Writing
1102,337404,50767,Craig Gillespie,Director,Directing
1103,591,5575,Akiva Goldsman,Screenplay,Writing
1104,591,6159,Ron Howard,Director,Directing
1105,316029,1276373,Michael Gracey,Director,Directing
1106,316029,15557,Bill Condon,Screenplay,Writing
1107,316029,66962,Jenny Bicks,Screenplay,Writing
1108,13183,15217,Zack Snyder,Director,Directing
1109,13183,10995,David Hayter,Screenplay,Writing
1110,13183,74258,Alex Tse,Screenplay,Writing
1111,107,956,Guy Ritchie,Director,Directing
1112,107,956,Guy Ritchie,Writer,Writing
1113,954,508,David Koepp,Screenplay,Writing
1114,954,1150,Brian De Palma,Director,Directing
1115,954,11057,Robert Towne,Screenplay,Writing
1116,9738,20400,Tim Story,Director,Directing
1117,9738,10703,Michael France,Writer,Writing
1118,9738,58837,Mark Frost,Writer,Writing
1119,156022,20907,Antoine Fuqua,Director,Directing
1120,156022,22814,Richard Wenk,Writer,Writing
1121,670,10102,Hwang Jo-yoon,Screenplay,Writing
1122,670,10103,Lim Joon-hyung,Screenplay,Writing
1123,670,10099,Park Chan-wook,Screenplay,Writing
1124,670,10099,Park Chan-wook,Director,Directing
1125,9741,11614,M. Night Shyamalan,Writer,Writing
1126,9741,11614,M. Night Shyamalan,Director,Directing
1127,550988,17825,Shawn Levy,Director,Directing
1128,550988,99363,Matt Lieberman,Screenplay,Writing
1129,550988,11011,Zak Penn,Screenplay,Writing
1130,318846,55710,Adam McKay,Director,Directing
1131,318846,55710,Adam McKay,Screenplay,Writing
1132,318846,1474332,Charles Randolph,Screenplay,Writing
1133,124905,129894,Gareth Edwards,Director,Directing
1134,124905,1080778,Max Borenstein,Screenplay,Writing
1135,810,12101,Peter S. Seaman,Screenplay,Writing
1136,810,12098,Chris Miller,Director,Directing
1137,810,12100,Jeffrey Price,Screenplay,Writing
1138,810,12098,Chris Miller,Screenplay,Writing
1139,810,12106,Aron Warner,Screenplay,Writing
1140,620,1524,Harold Ramis,Screenplay,Writing
1141,620,707,Dan Aykroyd,Screenplay,Writing
1142,620,8858,Ivan Reitman,Director,Directing
1143,281338,32278,Matt Reeves,Director,Directing
1144,281338,18189,Mark Bomback,Writer,Writing
1145,281338,32278,Matt Reeves,Writer,Writing
1146,9487,7879,John Lasseter,Director,Directing
1147,9487,7,Andrew Stanton,Screenplay,Writing
1148,9487,57670,Don McEnery,Screenplay,Writing
1149,9487,57671,Bob Shaw,Screenplay,Writing
1150,18239,56855,Melissa Rosenberg,Screenplay,Writing
1151,18239,3288,Chris Weitz,Director,Directing
1152,177677,9033,Christopher McQuarrie,Director,Directing
1153,177677,9033,Christopher McQuarrie,Screenplay,Writing
1154,429,4385,Sergio Leone,Director,Directing
1155,429,5810,Luciano Vincenzoni,Screenplay,Writing
1156,429,4385,Sergio Leone,Screenplay,Writing
1157,429,5811,Agenore Incrocci,Screenplay,Writing
1158,429,5812,Furio Scarpelli,Screenplay,Writing
1159,180,488,Steven Spielberg,Director,Directing
1160,180,2199,Scott Frank,Screenplay,Writing
1161,180,2200,Jon Cohen,Screenplay,Writing
1162,54138,15344,J.J. Abrams,Director,Directing
1163,54138,15346,Roberto Orci,Writer,Writing
1164,54138,15345,Alex Kurtzman,Writer,Writing
1165,54138,28974,Damon Lindelof,Writer,Writing
1166,264644,83281,Lenny Abrahamson,Director,Directing
1167,264644,1310031,Emma Donoghue,Screenplay,Writing
1168,474350,1113116,Andy Muschietti,Director,Directing
1169,474350,1338249,Gary Dauberman,Screenplay,Writing
1170,474350,131947,Jason Fuchs,Screenplay,Writing
1171,744,893,Tony Scott,Director,Directing
1172,744,11080,Jim Cash,Writer,Writing
1173,744,11081,Jack Epps Jr.,Writer,Writing
1174,436969,15218,James Gunn,Writer,Writing
1175,436969,15218,James Gunn,Director,Directing
1176,273481,137427,Denis Villeneuve,Director,Directing
1177,273481,1215399,Taylor Sheridan,Writer,Writing
1178,68724,82194,Neill Blomkamp,Director,Directing
1179,68724,82194,Neill Blomkamp,Writer,Writing
1180,10625,54050,Mark Waters,Director,Directing
1181,10625,56323,Tina Fey,Screenplay,Writing
1182,664413,88253,Barbara Białowąs,Director,Directing
1183,664413,1192152,Tomasz Mandes,Director,Directing
1184,664413,2199145,Tomasz Klimala,Screenplay,Writing
1185,138832,57633,Rawson Marshall Thurber,Director,Directing
1186,138832,57820,Steve Faber,Screenplay,Writing
1187,138832,74619,Sean Anders,Screenplay,Writing
1188,138832,57821,Bob Fisher,Screenplay,Writing
1189,138832,212576,John Morris,Screenplay,Writing
1190,126889,578,Ridley Scott,Director,Directing
1191,126889,231826,Dante Harper,Screenplay,Writing
1192,126889,932,John Logan,Screenplay,Writing
1193,646380,55710,Adam McKay,Screenplay,Writing
1194,646380,55710,Adam McKay,Director,Directing
1195,512200,3228,Scott Rosenberg,Writer,Writing
1196,512200,168309,Jeff Pinkner,Writer,Writing
1197,512200,51851,Jake Kasdan,Director,Directing
1198,512200,51851,Jake Kasdan,Writer,Writing
1199,747,11090,Edgar Wright,Director,Directing
1200,747,11108,Simon Pegg,Writer,Writing
1201,747,11090,Edgar Wright,Writer,Writing
1202,300668,2036,Alex Garland,Director,Directing
1203,300668,2036,Alex Garland,Screenplay,Writing
1204,50620,56855,Melissa Rosenberg,Screenplay,Writing
1205,50620,15557,Bill Condon,Director,Directing
1206,45269,70500,Tom Hooper,Director,Directing
1207,45269,132832,David Seidler,Screenplay,Writing
1208,50646,56411,Glenn Ficarra,Director,Directing
1209,50646,56412,John Requa,Director,Directing
1210,50646,15892,Dan Fogelman,Writer,Writing
1211,39254,17825,Shawn Levy,Director,Directing
1212,39254,53176,John Gatins,Screenplay,Writing
1213,122906,7018,Richard Curtis,Director,Directing
1214,122906,7018,Richard Curtis,Writer,Writing
1215,348350,8844,Lawrence Kasdan,Writer,Writing
1216,348350,30368,Jon Kasdan,Writer,Writing
1217,348350,6159,Ron Howard,Director,Directing
1218,74,488,Steven Spielberg,Director,Directing
1219,74,508,David Koepp,Screenplay,Writing
1220,74,507,Josh Friedman,Screenplay,Writing
1221,330,488,Steven Spielberg,Director,Directing
1222,330,508,David Koepp,Screenplay,Writing
1223,50619,15557,Bill Condon,Director,Directing
1224,50619,56855,Melissa Rosenberg,Screenplay,Writing
1225,106,1090,John McTiernan,Director,Directing
1226,106,1092,Jim Thomas,Writer,Writing
1227,106,1094,John Thomas,Writer,Writing
1228,24021,27571,David Slade,Director,Directing
1229,24021,56855,Melissa Rosenberg,Screenplay,Writing
1230,259693,22038,Carey Hayes,Screenplay,Writing
1231,259693,2127,James Wan,Screenplay,Writing
1232,259693,142686,David Leslie Johnson-McGoldrick,Screenplay,Writing
1233,259693,22039,Chad Hayes,Screenplay,Writing
1234,259693,2127,James Wan,Director,Directing
1235,8373,865,Michael Bay,Director,Directing
1236,8373,15244,Ehren Kruger,Writer,Writing
1237,8373,15346,Roberto Orci,Writer,Writing
1238,8373,15345,Alex Kurtzman,Writer,Writing
1239,47971,40256,D.J. Caruso,Director,Directing
1240,47971,1187860,F. Scott Frazier,Writer,Writing
1241,76492,185438,Genndy Tartakovsky,Director,Directing
1242,76492,6732,Peter Baynham,Screenplay,Writing
1243,76492,53684,Robert Smigel,Screenplay,Writing
1244,524434,135862,Patrick Burleigh,Screenplay,Writing
1245,524434,1186382,Ryan Firpo,Screenplay,Writing
1246,524434,1774423,Kaz Firpo,Screenplay,Writing
1247,524434,1395183,Chloé Zhao,Director,Directing
1248,524434,1395183,Chloé Zhao,Screenplay,Writing
1249,45612,81850,Duncan Jones,Director,Directing
1250,45612,58709,Ben Ripley,Writer,Writing
1251,63,7191,David Webb Peoples,Screenplay,Writing
1252,63,281,Janet Peoples,Screenplay,Writing
1253,63,280,Terry Gilliam,Director,Directing
1254,353081,9033,Christopher McQuarrie,Writer,Writing
1255,353081,9033,Christopher McQuarrie,Director,Directing
1256,28,1776,Francis Ford Coppola,Director,Directing
1257,28,8328,John Milius,Writer,Writing
1258,28,1776,Francis Ford Coppola,Writer,Writing
1259,275,1223,Joel Coen,Director,Directing
1260,275,1224,Ethan Coen,Writer,Writing
1261,275,1223,Joel Coen,Writer,Writing
1262,275,1224,Ethan Coen,Director,Directing
1263,14836,57646,Henry Selick,Director,Directing
1264,14836,57646,Henry Selick,Screenplay,Writing
1265,450465,11614,M. Night Shyamalan,Director,Directing
1266,450465,11614,M. Night Shyamalan,Screenplay,Writing
1267,152532,69371,Jean-Marc Vallée,Director,Directing
1268,152532,1133294,Craig Borten,Writer,Writing
1269,152532,74342,Melisa Wallack,Writer,Writing
1270,50014,55789,Tate Taylor,Director,Directing
1271,50014,55789,Tate Taylor,Screenplay,Writing
1272,464052,57264,David Callaham,Screenplay,Writing
1273,464052,6884,Patty Jenkins,Screenplay,Writing
1274,464052,6884,Patty Jenkins,Director,Directing
1275,464052,211962,Geoff Johns,Screenplay,Writing
1276,359724,366,James Mangold,Director,Directing
1277,359724,21339,Jez Butterworth,Screenplay,Writing
1278,359724,120254,John-Henry Butterworth,Screenplay,Writing
1279,359724,133287,Jason Keller,Writer,Writing
1280,128,608,Hayao Miyazaki,Director,Directing
1281,128,608,Hayao Miyazaki,Screenplay,Writing
1282,217,488,Steven Spielberg,Director,Directing
1283,217,508,David Koepp,Screenplay,Writing
1284,254128,132876,Brad Peyton,Director,Directing
1285,254128,161839,Carlton Cuse,Screenplay,Writing
1286,391713,45400,Greta Gerwig,Writer,Writing
1287,391713,45400,Greta Gerwig,Director,Directing
1288,315162,1450348,Joel Crawford,Director,Directing
1289,315162,934181,Paul Fisher,Screenplay,Writing
1290,315162,12965,Tommy Swerdlow,Screenplay,Writing
1291,87101,47005,Alan Taylor,Director,Directing
1292,87101,27226,Patrick Lussier,Screenplay,Writing
1293,87101,20294,Laeta Kalogridis,Screenplay,Writing
1294,114,1201,Garry Marshall,Director,Directing
1295,114,1203,J.F. Lawton,Writer,Writing
1296,68734,880,Ben Affleck,Director,Directing
1297,68734,131680,Chris Terrio,Screenplay,Writing
1298,533535,17825,Shawn Levy,Director,Directing
1299,533535,7932,Rhett Reese,Writer,Writing
1300,533535,91269,Paul Wernick,Writer,Writing
1301,533535,10859,Ryan Reynolds,Writer,Writing
1302,533535,17825,Shawn Levy,Writer,Writing
1303,533535,1219669,Zeb Wells,Writer,Writing
1304,38356,865,Michael Bay,Director,Directing
1305,38356,15244,Ehren Kruger,Writer,Writing
1306,4951,40243,Gil Junger,Director,Directing
1307,4951,40590,Kirsten Smith,Writer,Writing
1308,4951,40589,Karen McCullah,Writer,Writing
1309,508943,2808625,Mike Jones,Screenplay,Writing
1310,508943,1394669,Jesse Andrews,Screenplay,Writing
1311,508943,930567,Enrico Casarosa,Director,Directing
1312,137,1524,Harold Ramis,Director,Directing
1313,137,1526,Danny Rubin,Screenplay,Writing
1314,137,1524,Harold Ramis,Screenplay,Writing
1315,435,6046,Roland Emmerich,Director,Directing
1316,435,6047,Jeffrey Nachmanoff,Screenplay,Writing
1317,435,6046,Roland Emmerich,Screenplay,Writing
1318,8355,5714,Carlos Saldanha,Director,Directing
1319,8355,5717,Peter Ackerman,Screenplay,Writing
1320,8355,5716,Michael Berg,Screenplay,Writing
1321,8355,967321,Yoni Brenner,Screenplay,Writing
1322,8355,6056,Mike Reiss,Screenplay,Writing
1323,51497,58191,Chris Morgan,Screenplay,Writing
1324,51497,58189,Justin Lin,Director,Directing
1325,187,2294,Robert Rodriguez,Director,Directing
1326,187,2293,Frank Miller,Director,Directing
1327,187,6085456,Robert Rodríguez,Writer,Writing
1328,187,2293,Frank Miller,Writer,Writing
1329,8392,608,Hayao Miyazaki,Director,Directing
1330,8392,608,Hayao Miyazaki,Screenplay,Writing
1331,158015,53120,James DeMonaco,Director,Directing
1332,158015,53120,James DeMonaco,Writer,Writing
1333,569094,2451598,Kemp Powers,Director,Directing
1334,569094,1046497,Justin K. Thompson,Director,Directing
1335,569094,107446,Phil Lord,Writer,Writing
1336,569094,155267,Christopher Miller,Writer,Writing
1337,569094,57264,David Callaham,Writer,Writing
1338,569094,89596,Joaquim Dos Santos,Director,Directing
1339,402900,23964,Gary Ross,Director,Directing
1340,402900,23964,Gary Ross,Screenplay,Writing
1341,402900,1625557,Olivia Milch,Screenplay,Writing
1342,314365,17867,Tom McCarthy,Writer,Writing
1343,314365,17867,Tom McCarthy,Director,Directing
1344,314365,1219529,Josh Singer,Writer,Writing
1345,91314,865,Michael Bay,Director,Directing
1346,91314,15244,Ehren Kruger,Writer,Writing
1347,4348,36588,Joe Wright,Director,Directing
1348,4348,36652,Deborah Moggach,Screenplay,Writing
1349,594,8686,Sacha Gervasi,Screenplay,Writing
1350,594,488,Steven Spielberg,Director,Directing
1351,594,2689,Jeff Nathanson,Screenplay,Writing
1352,38700,40223,Joe Carnahan,Screenplay,Writing
1353,38700,1399842,Bilall Fallah,Director,Directing
1354,38700,1399841,Adil El Arbi,Director,Directing
1355,38700,1986351,Chris Bremner,Screenplay,Writing
1356,38700,225633,Peter Craig,Screenplay,Writing
1357,333371,568322,Dan Trachtenberg,Director,Directing
1358,333371,1117947,Josh Campbell,Screenplay,Writing
1359,333371,1493738,Matthew Stuecken,Screenplay,Writing
1360,333371,136495,Damien Chazelle,Screenplay,Writing
1361,290250,1108,Shane Black,Director,Directing
1362,290250,1108,Shane Black,Writer,Writing
1363,290250,1182718,Anthony Bagarozzi,Writer,Writing
1364,9552,15175,William Friedkin,Director,Directing
1365,9552,57922,William Peter Blatty,Screenplay,Writing
1366,493922,1145520,Ari Aster,Writer,Writing
1367,493922,1145520,Ari Aster,Director,Directing
1368,1366,16513,John G. Avildsen,Director,Directing
1369,1366,16483,Sylvester Stallone,Writer,Writing
1370,466282,72036,Susan Johnson,Director,Directing
1371,466282,2109683,Sofia Alvarez,Screenplay,Writing
1372,616037,55934,Taika Waititi,Writer,Writing
1373,616037,1721377,Jennifer Kaytin Robinson,Writer,Writing
1374,616037,55934,Taika Waititi,Director,Directing
1375,22538,58744,Michael Bacall,Screenplay,Writing
1376,22538,11090,Edgar Wright,Director,Directing
1377,22538,11090,Edgar Wright,Screenplay,Writing
1378,95,865,Michael Bay,Director,Directing
1379,95,876,Jonathan Hensleigh,Screenplay,Writing
1380,95,15344,J.J. Abrams,Screenplay,Writing
1381,22970,47506,Drew Goddard,Director,Directing
1382,22970,47506,Drew Goddard,Screenplay,Writing
1383,22970,12891,Joss Whedon,Screenplay,Writing
1384,170,2034,Danny Boyle,Director,Directing
1385,170,2036,Alex Garland,Writer,Writing
1386,268,510,Tim Burton,Director,Directing
1387,268,913,Warren Skaaren,Screenplay,Writing
1388,268,3795,Sam Hamm,Screenplay,Writing
1389,10764,455,Paul Haggis,Screenplay,Writing
1390,10764,10782,Neal Purvis,Screenplay,Writing
1391,10764,10783,Robert Wade,Screenplay,Writing
1392,10764,12995,Marc Forster,Director,Directing
1393,315837,228134,Rupert Sanders,Director,Directing
1394,315837,55391,Jamie Moss,Screenplay,Writing
1395,315837,15244,Ehren Kruger,Screenplay,Writing
1396,315837,60185,William Wheeler,Screenplay,Writing
1397,35,197,David Silverman,Director,Directing
1398,35,5741,Matt Groening,Screenplay,Writing
1399,35,3388,James L. Brooks,Screenplay,Writing
1400,35,7088,Sam Simon,Screenplay,Writing
1401,35,162931,Al Jean,Screenplay,Writing
1402,35,58178,David Mirkin,Screenplay,Writing
1403,35,6056,Mike Reiss,Screenplay,Writing
1404,35,165810,Mike Scully,Screenplay,Writing
1405,35,165843,Matt Selman,Screenplay,Writing
1406,35,239,Jon Vitti,Screenplay,Writing
1407,35,1216632,Ian Maxtone-Graham,Screenplay,Writing
1408,35,963556,John Swartzwelder,Screenplay,Writing
1409,35,1216631,George Meyer,Screenplay,Writing
1410,187017,107446,Phil Lord,Director,Directing
1411,187017,155267,Christopher Miller,Director,Directing
1412,187017,58744,Michael Bacall,Screenplay,Writing
1413,187017,1090787,Oren Uziel,Screenplay,Writing
1414,187017,59918,Rodney Rothman,Screenplay,Writing
1415,2108,11505,John Hughes,Director,Directing
1416,2108,11505,John Hughes,Writer,Writing
1417,254,108,Peter Jackson,Director,Directing
1418,254,128,Philippa Boyens,Writer,Writing
1419,254,126,Fran Walsh,Writer,Writing
1420,254,108,Peter Jackson,Writer,Writing
1421,137106,107446,Phil Lord,Screenplay,Writing
1422,137106,107446,Phil Lord,Director,Directing
1423,137106,155267,Christopher Miller,Director,Directing
1424,137106,155267,Christopher Miller,Screenplay,Writing
1425,49013,7879,John Lasseter,Director,Directing
1426,49013,129975,Ben Queen,Screenplay,Writing
1427,328111,124748,Chris Renaud,Director,Directing
1428,328111,52360,Ken Daurio,Writer,Writing
1429,328111,52361,Cinco Paul,Writer,Writing
1430,328111,1024175,Brian Lynch,Writer,Writing
1431,339846,71600,Seth Gordon,Director,Directing
1432,339846,51908,Damian Shannon,Screenplay,Writing
1433,339846,51909,Mark Swift,Screenplay,Writing
1434,278927,15277,Jon Favreau,Director,Directing
1435,278927,78428,Justin Marks,Screenplay,Writing
1436,198184,82194,Neill Blomkamp,Director,Directing
1437,198184,82194,Neill Blomkamp,Writer,Writing
1438,198184,82195,Terri Tatchell,Writer,Writing
1439,447365,15218,James Gunn,Writer,Writing
1440,447365,15218,James Gunn,Director,Directing
1441,4011,510,Tim Burton,Director,Directing
1442,4011,34534,Michael McDowell,Screenplay,Writing
1443,4011,913,Warren Skaaren,Screenplay,Writing
1444,537915,1586194,Jenny Gage,Director,Directing
1445,537915,74277,Susan McMartin,Screenplay,Writing
1446,537915,1586194,Jenny Gage,Screenplay,Writing
1447,537915,1612661,Tom Betterton,Screenplay,Writing
1448,537915,2246668,Tamara Chestna,Screenplay,Writing
1449,396535,939147,Yeon Sang-ho,Director,Directing
1450,396535,1282607,Park Joo-suk,Writer,Writing
1451,615457,1169024,Ilya Naishuller,Director,Directing
1452,615457,1076800,Derek Kolstad,Screenplay,Writing
1453,949,638,Michael Mann,Director,Directing
1454,949,638,Michael Mann,Writer,Writing
1455,335797,52842,Garth Jennings,Director,Directing
1456,335797,52842,Garth Jennings,Writer,Writing
1457,336843,1257144,T.S. Nowlin,Screenplay,Writing
1458,336843,1179066,Wes Ball,Director,Directing
1459,1979,20401,Don Payne,Screenplay,Writing
1460,1979,20400,Tim Story,Director,Directing
1461,1979,58837,Mark Frost,Screenplay,Writing
1462,10144,15810,Ron Clements,Director,Directing
1463,10144,15811,John Musker,Director,Directing
1464,10144,15811,John Musker,Writer,Writing
1465,10144,15810,Ron Clements,Writer,Writing
1466,2503,1921,George Nolfi,Screenplay,Writing
1467,2503,19014,Scott Z. Burns,Screenplay,Writing
1468,2503,25598,Paul Greengrass,Director,Directing
1469,2503,19242,Tony Gilroy,Screenplay,Writing
1470,4638,11090,Edgar Wright,Director,Directing
1471,4638,11090,Edgar Wright,Screenplay,Writing
1472,4638,11108,Simon Pegg,Screenplay,Writing
1473,50544,82511,Will Gluck,Director,Directing
1474,50544,82511,Will Gluck,Screenplay,Writing
1475,50544,147711,Keith Merryman,Screenplay,Writing
1476,50544,147712,David A. Newman,Screenplay,Writing
1477,2105,3289,Paul Weitz,Director,Directing
1478,2105,21584,Adam Herz,Screenplay,Writing
1479,1372,1997,Charles Leavitt,Screenplay,Writing
1480,1372,9181,Edward Zwick,Director,Directing
1481,338970,87877,Roar Uthaug,Director,Directing
1482,338970,1612453,Geneva Robertson-Dworet,Screenplay,Writing
1483,338970,969551,Alastair Siddons,Screenplay,Writing
1484,337167,15890,James Foley,Director,Directing
1485,337167,152003,Niall Leonard,Screenplay,Writing
1486,27578,57264,David Callaham,Screenplay,Writing
1487,27578,16483,Sylvester Stallone,Director,Directing
1488,27578,16483,Sylvester Stallone,Screenplay,Writing
1489,116745,20647,Steven Conrad,Screenplay,Writing
1490,116745,7399,Ben Stiller,Director,Directing
1491,8871,6159,Ron Howard,Director,Directing
1492,8871,12100,Jeffrey Price,Screenplay,Writing
1493,8871,12101,Peter S. Seaman,Screenplay,Writing
1494,1954,20218,Eric Bress,Screenplay,Writing
1495,1954,20218,Eric Bress,Director,Directing
1496,1954,20219,J. Mackye Gruber,Director,Directing
1497,1954,20219,J. Mackye Gruber,Screenplay,Writing
1498,561,10947,Kevin Brodbin,Screenplay,Writing
1499,561,10948,Frank A. Cappello,Screenplay,Writing
1500,561,10943,Francis Lawrence,Director,Directing
1501,340666,120615,Tom Ford,Director,Directing
1502,340666,120615,Tom Ford,Screenplay,Writing
1503,256591,56411,Glenn Ficarra,Director,Directing
1504,256591,56412,John Requa,Director,Directing
1505,256591,56412,John Requa,Writer,Writing
1506,256591,56411,Glenn Ficarra,Writer,Writing
1507,406997,19311,Stephen Chbosky,Director,Directing
1508,406997,20647,Steven Conrad,Screenplay,Writing
1509,406997,19311,Stephen Chbosky,Screenplay,Writing
1510,406997,207132,Jack Thorne,Screenplay,Writing
1511,598,8561,Bráulio Mantovani,Screenplay,Writing
1512,598,8557,Fernando Meirelles,Director,Directing
1513,58595,228135,Evan Daugherty,Screenplay,Writing
1514,58595,228134,Rupert Sanders,Director,Directing
1515,58595,54040,John Lee Hancock,Screenplay,Writing
1516,58595,56960,Hossein Amini,Screenplay,Writing
1517,693134,137427,Denis Villeneuve,Screenplay,Writing
1518,693134,137427,Denis Villeneuve,Director,Directing
1519,693134,564940,Jon Spaihts,Screenplay,Writing
1520,345940,20516,Dean Georgaris,Screenplay,Writing
1521,345940,112947,Erich Hoeber,Screenplay,Writing
1522,345940,112948,Jon Hoeber,Screenplay,Writing
1523,345940,12962,Jon Turteltaub,Director,Directing
1524,2502,25598,Paul Greengrass,Director,Directing
1525,2502,19242,Tony Gilroy,Screenplay,Writing
1526,530385,1145520,Ari Aster,Writer,Writing
1527,530385,1145520,Ari Aster,Director,Directing
1528,584,7865,Michael Brandt,Screenplay,Writing
1529,584,8161,Derek Haas,Screenplay,Writing
1530,584,6482,John Singleton,Director,Directing
1531,8363,54733,Greg Mottola,Director,Directing
1532,8363,54734,Evan Goldberg,Writer,Writing
1533,8363,19274,Seth Rogen,Writer,Writing
1534,545611,1383612,Daniel Kwan,Writer,Writing
1535,545611,1317730,Daniel Scheinert,Writer,Writing
1536,545611,1317730,Daniel Scheinert,Director,Directing
1537,545611,1383612,Daniel Kwan,Director,Directing
1538,153,1769,Sofia Coppola,Director,Directing
1539,153,1769,Sofia Coppola,Writer,Writing
1540,57800,71729,Steve Martino,Director,Directing
1541,57800,229962,Michael Thurmeier,Director,Directing
1542,57800,5716,Michael Berg,Screenplay,Writing
1543,57800,131947,Jason Fuchs,Screenplay,Writing
1544,404368,567562,Phil Johnston,Director,Directing
1545,404368,165787,Rich Moore,Director,Directing
1546,404368,567562,Phil Johnston,Screenplay,Writing
1547,404368,1232621,Pamela Ribon,Screenplay,Writing
1548,121856,549310,Justin Kurzel,Director,Directing
1549,121856,1273117,Michael Lesslie,Screenplay,Writing
1550,121856,59265,Adam Cooper,Screenplay,Writing
1551,121856,59266,Bill Collage,Screenplay,Writing
1552,458723,291263,Jordan Peele,Director,Directing
1553,458723,291263,Jordan Peele,Writer,Writing
1554,44115,57631,Simon Beaufoy,Screenplay,Writing
1555,44115,2034,Danny Boyle,Director,Directing
1556,44115,2034,Danny Boyle,Screenplay,Writing
1557,487558,1925067,David Rabinowitz,Writer,Writing
1558,487558,5281,Spike Lee,Writer,Writing
1559,487558,1925068,Charlie Wachtel,Writer,Writing
1560,487558,91585,Kevin Willmott,Writer,Writing
1561,487558,5281,Spike Lee,Director,Directing
1562,603692,2104243,Shay Hatten,Writer,Writing
1563,603692,113307,Michael Finch,Writer,Writing
1564,603692,40644,Chad Stahelski,Director,Directing
1565,339964,59,Luc Besson,Writer,Writing
1566,339964,59,Luc Besson,Director,Directing
1567,257344,56728,Tim Herlihy,Screenplay,Writing
1568,257344,10965,Chris Columbus,Director,Directing
1569,257344,132315,Timothy Dowling,Screenplay,Writing
1570,4232,26458,Kevin Williamson,Screenplay,Writing
1571,4232,5140,Wes Craven,Director,Directing
1572,1091,11770,John Carpenter,Director,Directing
1573,1091,15406,Bill Lancaster,Screenplay,Writing
1574,214756,52139,Seth MacFarlane,Director,Directing
1575,214756,52139,Seth MacFarlane,Writer,Writing
1576,214756,570785,Alec Sulkin,Writer,Writing
1577,214756,1224494,Wellesley Wild,Writer,Writing
1578,300669,932248,Fede Álvarez,Director,Directing
1579,300669,932248,Fede Álvarez,Writer,Writing
1580,300669,1046225,Rodo Sayagues,Writer,Writing
1581,408,5452,Dick Rickard,Screenplay,Writing
1582,408,5450,Richard Creedon,Screenplay,Writing
1583,408,5449,Ted Sears,Screenplay,Writing
1584,408,5453,Earl Hurd,Screenplay,Writing
1585,408,5451,Otto Englander,Screenplay,Writing
1586,408,5446,David Hand,Director,Directing
1587,408,5456,Webb Smith,Screenplay,Writing
1588,408,5455,Dorothy Ann Blank,Screenplay,Writing
1589,408,5454,Merrill De Maris,Screenplay,Writing
1590,408,11426,Ben Sharpsteen,Director,Directing
1591,408,67373,William Cottrell,Director,Directing
1592,408,564042,Larry Morey,Director,Directing
1593,408,52218,Perce Pearce,Director,Directing
1594,408,11434,Wilfred Jackson,Director,Directing
1595,10192,64151,Mike Mitchell,Director,Directing
1596,10192,113664,Josh Klausner,Writer,Writing
1597,10192,582919,Darren Lemke,Writer,Writing
1598,312221,1056121,Ryan Coogler,Director,Directing
1599,312221,1485107,Aaron Covington,Screenplay,Writing
1600,312221,1056121,Ryan Coogler,Screenplay,Writing
1601,20526,86270,Joseph Kosinski,Director,Directing
1602,20526,1214366,Edward Kitsis,Screenplay,Writing
1603,20526,1214367,Adam Horowitz,Screenplay,Writing
1604,20526,51996,Brian Klugman,Screenplay,Writing
1605,20526,929917,Lee Sternthal,Screenplay,Writing
1606,49444,142312,Jennifer Yuh Nelson,Director,Directing
1607,49444,57744,Jonathan Aibel,Writer,Writing
1608,49444,57743,Glenn Berger,Writer,Writing
1609,11970,15810,Ron Clements,Screenplay,Writing
1610,11970,15811,John Musker,Screenplay,Writing
1611,11970,56041,Irene Mecchi,Screenplay,Writing
1612,11970,15810,Ron Clements,Director,Directing
1613,11970,57670,Don McEnery,Screenplay,Writing
1614,11970,57671,Bob Shaw,Screenplay,Writing
1615,11970,15811,John Musker,Director,Directing
1616,395992,125738,Daniel Espinosa,Director,Directing
1617,395992,7932,Rhett Reese,Writer,Writing
1618,395992,91269,Paul Wernick,Writer,Writing
1619,163,1884,Steven Soderbergh,Director,Directing
1620,163,1921,George Nolfi,Writer,Writing
1621,4247,35689,Keenen Ivory Wayans,Director,Directing
1622,4247,35690,Shawn Wayans,Screenplay,Writing
1623,4247,35692,Buddy Johnson,Screenplay,Writing
1624,4247,35693,Phil Beauman,Screenplay,Writing
1625,4247,35694,Jason Friedberg,Screenplay,Writing
1626,4247,35734,Aaron Seltzer,Screenplay,Writing
1627,4247,9562,Marlon Wayans,Screenplay,Writing
1628,341174,15890,James Foley,Director,Directing
1629,341174,152003,Niall Leonard,Screenplay,Writing
1630,7191,32278,Matt Reeves,Director,Directing
1631,7191,47506,Drew Goddard,Screenplay,Writing
1632,9693,11218,Alfonso Cuarón,Director,Directing
1633,9693,21204,David Arata,Screenplay,Writing
1634,9693,11218,Alfonso Cuarón,Screenplay,Writing
1635,9693,58588,Timothy J. Sexton,Screenplay,Writing
1636,9693,79209,Hawk Ostby,Screenplay,Writing
1637,9693,79207,Mark Fergus,Screenplay,Writing
1638,331,4945,Joe Johnston,Director,Directing
1639,331,4946,Peter Buchman,Writer,Writing
1640,331,13235,Alexander Payne,Writer,Writing
1641,331,4948,Jim Taylor,Writer,Writing
1642,773,16960,Valerie Faris,Director,Directing
1643,773,16959,Jonathan Dayton,Director,Directing
1644,773,16961,Michael Arndt,Writer,Writing
1645,96721,6159,Ron Howard,Director,Directing
1646,96721,15730,Peter Morgan,Writer,Writing
1647,619264,2374023,Galder Gaztelu-Urrutia,Director,Directing
1648,619264,1317749,David Desola,Screenplay,Writing
1649,619264,1060140,Pedro Rivero,Screenplay,Writing
1650,65,323,Curtis Hanson,Director,Directing
1651,65,324,Scott Silver,Writer,Writing
1652,13804,58189,Justin Lin,Director,Directing
1653,13804,58191,Chris Morgan,Writer,Writing
1654,32657,10965,Chris Columbus,Director,Directing
1655,32657,67776,Craig Titley,Screenplay,Writing
1656,766507,568322,Dan Trachtenberg,Director,Directing
1657,766507,1061155,Patrick Aison,Screenplay,Writing
1658,587,510,Tim Burton,Director,Directing
1659,587,1300,John August,Screenplay,Writing
1660,384018,58191,Chris Morgan,Screenplay,Writing
1661,384018,1239407,Drew Pearce,Screenplay,Writing
1662,384018,40684,David Leitch,Director,Directing
1663,168672,17883,David O. Russell,Writer,Writing
1664,168672,17883,David O. Russell,Director,Directing
1665,168672,1279644,Eric Warren Singer,Writer,Writing
1666,1824,13426,Peter Segal,Director,Directing
1667,1824,19294,George Wing,Screenplay,Writing
1668,59436,1243,Woody Allen,Director,Directing
1669,59436,1243,Woody Allen,Writer,Writing
1670,1734,7775,Stephen Sommers,Director,Directing
1671,1734,7775,Stephen Sommers,Writer,Writing
1672,363676,190,Clint Eastwood,Director,Directing
1673,363676,52000,Todd Komarnicki,Writer,Writing
1674,385128,58189,Justin Lin,Screenplay,Writing
1675,385128,58189,Justin Lin,Director,Directing
1676,385128,1376477,Daniel Casey,Screenplay,Writing
1677,223702,142587,Greg Tiernan,Director,Directing
1678,223702,12080,Conrad Vernon,Director,Directing
1679,223702,19274,Seth Rogen,Screenplay,Writing
1680,223702,54734,Evan Goldberg,Screenplay,Writing
1681,223702,1206449,Ariel Shaffir,Screenplay,Writing
1682,223702,1206448,Kyle Hunter,Screenplay,Writing
1683,310131,138781,Robert Eggers,Writer,Writing
1684,310131,138781,Robert Eggers,Director,Directing
1685,14574,55299,Mark Herman,Screenplay,Writing
1686,14574,55299,Mark Herman,Director,Directing
1687,75780,9033,Christopher McQuarrie,Screenplay,Writing
1688,75780,9033,Christopher McQuarrie,Director,Directing
1689,9615,58189,Justin Lin,Director,Directing
1690,9615,58191,Chris Morgan,Screenplay,Writing
1691,44826,1032,Martin Scorsese,Director,Directing
1692,44826,932,John Logan,Screenplay,Writing
1693,621,8877,Bronté Woodard,Screenplay,Writing
1694,621,8876,Randal Kleiser,Director,Directing
1695,44912,10702,Martin Campbell,Director,Directing
1696,44912,88967,Greg Berlanti,Screenplay,Writing
1697,44912,10296,Michael Goldenberg,Screenplay,Writing
1698,44912,171830,Marc Guggenheim,Screenplay,Writing
1699,44912,191937,Michael Green,Screenplay,Writing
1700,956,15344,J.J. Abrams,Director,Directing
1701,956,15345,Alex Kurtzman,Writer,Writing
1702,956,15346,Roberto Orci,Writer,Writing
1703,956,15344,J.J. Abrams,Writer,Writing
1704,282035,15345,Alex Kurtzman,Director,Directing
1705,282035,508,David Koepp,Screenplay,Writing
1706,282035,9033,Christopher McQuarrie,Screenplay,Writing
1707,282035,2695,Dylan Kussman,Screenplay,Writing
1708,718930,40684,David Leitch,Director,Directing
1709,718930,2601912,Zak Olkewicz,Screenplay,Writing
1710,7326,52443,Jason Reitman,Director,Directing
1711,7326,52444,Diablo Cody,Writer,Writing
1712,324852,52360,Ken Daurio,Writer,Writing
1713,324852,124747,Pierre Coffin,Director,Directing
1714,324852,8023,Kyle Balda,Director,Directing
1715,324852,52361,Cinco Paul,Writer,Writing
1716,65754,7467,David Fincher,Director,Directing
1717,65754,2260,Steven Zaillian,Screenplay,Writing
1718,8909,7865,Michael Brandt,Screenplay,Writing
1719,8909,8161,Derek Haas,Screenplay,Writing
1720,8909,58191,Chris Morgan,Screenplay,Writing
1721,8909,23430,Timur Bekmambetov,Director,Directing
1722,955,11057,Robert Towne,Screenplay,Writing
1723,955,11401,John Woo,Director,Directing
1724,62213,510,Tim Burton,Director,Directing
1725,62213,565491,Seth Grahame-Smith,Screenplay,Writing
1726,616,9181,Edward Zwick,Screenplay,Writing
1727,616,9182,Marshall Herskovitz,Screenplay,Writing
1728,616,932,John Logan,Screenplay,Writing
1729,616,9181,Edward Zwick,Director,Directing
1730,18240,84435,Peter Chiarelli,Writer,Writing
1731,18240,29214,Anne Fletcher,Director,Directing
1732,9339,57370,Frank Coraci,Director,Directing
1733,9339,4485,Steve Koren,Writer,Writing
1734,9339,4486,Mark O'Keefe,Writer,Writing
1735,427641,132876,Brad Peyton,Director,Directing
1736,427641,1167458,Ryan J. Condal,Screenplay,Writing
1737,427641,1325800,Ryan Engle,Screenplay,Writing
1738,427641,161839,Carlton Cuse,Screenplay,Writing
1739,427641,66549,Adam Sztykiel,Screenplay,Writing
1740,142,1805,Diana Ossana,Screenplay,Writing
1741,142,1807,Larry McMurtry,Screenplay,Writing
1742,142,1614,Ang Lee,Director,Directing
1743,49519,71267,Kirk DeMicco,Director,Directing
1744,49519,66193,Chris Sanders,Director,Directing
1745,49519,66193,Chris Sanders,Screenplay,Writing
1746,49519,71267,Kirk DeMicco,Screenplay,Writing
1747,505642,1056121,Ryan Coogler,Screenplay,Writing
1748,505642,1151834,Joe Robert Cole,Screenplay,Writing
1749,505642,1056121,Ryan Coogler,Director,Directing
1750,398978,1032,Martin Scorsese,Director,Directing
1751,398978,2260,Steven Zaillian,Screenplay,Writing
1752,376867,92784,Barry Jenkins,Director,Directing
1753,376867,92784,Barry Jenkins,Screenplay,Writing
1754,83542,9339,Lilly Wachowski,Director,Directing
1755,83542,9340,Lana Wachowski,Director,Directing
1756,83542,9340,Lana Wachowski,Screenplay,Writing
1757,83542,9339,Lilly Wachowski,Screenplay,Writing
1758,83542,1071,Tom Tykwer,Screenplay,Writing
1759,83542,1071,Tom Tykwer,Director,Directing
1760,109424,25598,Paul Greengrass,Director,Directing
1761,109424,21807,Billy Ray,Screenplay,Writing
1762,7345,4762,Paul Thomas Anderson,Director,Directing
1763,7345,4762,Paul Thomas Anderson,Writer,Writing
1764,38055,18864,Tom McGrath,Director,Directing
1765,38055,119497,Brent Simons,Writer,Writing
1766,38055,119496,Alan Schoolcraft,Writer,Writing
1767,322,190,Clint Eastwood,Director,Directing
1768,322,4723,Brian Helgeland,Screenplay,Writing
1769,1487,10828,Guillermo del Toro,Screenplay,Writing
1770,1487,10828,Guillermo del Toro,Director,Directing
1771,1487,66266,Mike Mignola,Writer,Writing
1772,1487,1473983,Peter Briggs,Writer,Writing
1773,295693,14172,Michael McCullers,Writer,Writing
1774,295693,18864,Tom McGrath,Director,Directing
1775,520763,17697,John Krasinski,Writer,Writing
1776,520763,17697,John Krasinski,Director,Directing
1777,10527,18863,Eric Darnell,Director,Directing
1778,10527,18864,Tom McGrath,Director,Directing
1779,10527,18863,Eric Darnell,Writer,Writing
1780,10527,18864,Tom McGrath,Writer,Writing
1781,10527,52803,Etan Cohen,Writer,Writing
1782,454983,1066705,Vince Marcello,Director,Directing
1783,454983,1066705,Vince Marcello,Screenplay,Writing
1784,10201,59026,Peyton Reed,Director,Directing
1785,10201,52934,Nicholas Stoller,Screenplay,Writing
1786,10201,62763,Jarrad Paul,Screenplay,Writing
1787,10201,240376,Andrew Mogel,Screenplay,Writing
1788,492188,5656,Noah Baumbach,Writer,Writing
1789,492188,5656,Noah Baumbach,Director,Directing
1790,302946,77003,Gavin O'Connor,Director,Directing
1791,302946,1281388,Bill Dubuque,Writer,Writing
1792,508,7018,Richard Curtis,Director,Directing
1793,508,7018,Richard Curtis,Screenplay,Writing
1794,150689,11181,Kenneth Branagh,Director,Directing
1795,150689,3288,Chris Weitz,Screenplay,Writing
1796,2668,12047,Andrew Kevin Walker,Screenplay,Writing
1797,2668,510,Tim Burton,Director,Directing
1798,37735,82511,Will Gluck,Director,Directing
1799,37735,930426,Bert V. Royal,Writer,Writing
1800,2649,7467,David Fincher,Director,Directing
1801,2649,7214,John Brancato,Writer,Writing
1802,2649,7215,Michael Ferris,Writer,Writing
1803,447404,65630,Rob Letterman,Director,Directing
1804,447404,1380819,Dan Hernandez,Screenplay,Writing
1805,447404,1020013,Derek Connolly,Screenplay,Writing
1806,447404,65630,Rob Letterman,Screenplay,Writing
1807,447404,1380820,Benji Samit,Screenplay,Writing
1808,49018,2127,James Wan,Director,Directing
1809,49018,2128,Leigh Whannell,Writer,Writing
1810,158852,7087,Brad Bird,Director,Directing
1811,158852,28974,Damon Lindelof,Screenplay,Writing
1812,158852,7087,Brad Bird,Screenplay,Writing
1813,37135,65600,Noni White,Screenplay,Writing
1814,37135,15774,Chris Buck,Director,Directing
1815,37135,65599,Bob Tzudiker,Screenplay,Writing
1816,37135,15775,Kevin Lima,Director,Directing
1817,37135,61950,Tab Murphy,Screenplay,Writing
1818,257211,17698,Nancy Meyers,Director,Directing
1819,257211,17698,Nancy Meyers,Writer,Writing
1820,13448,5575,Akiva Goldsman,Screenplay,Writing
1821,13448,6159,Ron Howard,Director,Directing
1822,13448,508,David Koepp,Screenplay,Writing
1823,11688,61411,Mark Dindal,Director,Directing
1824,11688,11,David Reynolds,Screenplay,Writing
1825,296,7213,Jonathan Mostow,Director,Directing
1826,296,7214,John Brancato,Screenplay,Writing
1827,296,7215,Michael Ferris,Screenplay,Writing
1828,18360,17825,Shawn Levy,Director,Directing
1829,18360,59413,Robert Ben Garant,Writer,Writing
1830,18360,539,Thomas Lennon,Writer,Writing
1831,527774,227439,Don Hall,Director,Directing
1832,527774,1932178,Carlos López Estrada,Director,Directing
1833,527774,1822324,Qui Nguyen,Screenplay,Writing
1834,527774,1215038,Adele Lim,Screenplay,Writing
1835,68735,81850,Duncan Jones,Director,Directing
1836,68735,1997,Charles Leavitt,Writer,Writing
1837,68735,81850,Duncan Jones,Writer,Writing
1838,195589,52934,Nicholas Stoller,Director,Directing
1839,195589,1085179,Andrew J. Cohen,Writer,Writing
1840,195589,184582,Brendan O'Brien,Writer,Writing
1841,296098,1223,Joel Coen,Writer,Writing
1842,296098,488,Steven Spielberg,Director,Directing
1843,296098,1224,Ethan Coen,Writer,Writing
1844,296098,1323533,Matt Charman,Writer,Writing
1845,3131,2260,Steven Zaillian,Screenplay,Writing
1846,3131,30711,Kenneth Lonergan,Screenplay,Writing
1847,3131,1032,Martin Scorsese,Director,Directing
1848,3131,14393,Jay Cocks,Screenplay,Writing
1849,6957,41039,Judd Apatow,Director,Directing
1850,6957,41039,Judd Apatow,Writer,Writing
1851,6957,4495,Steve Carell,Writer,Writing
1852,419704,20561,James Gray,Screenplay,Writing
1853,419704,1750900,Ethan Gross,Screenplay,Writing
1854,419704,20561,James Gray,Director,Directing
1855,11321,20646,Gabriele Muccino,Director,Directing
1856,11321,70305,Grant Nieporte,Screenplay,Writing
1857,1933,19840,Alejandro Amenábar,Writer,Writing
1858,1933,19840,Alejandro Amenábar,Director,Directing
1859,100,956,Guy Ritchie,Director,Directing
1860,100,956,Guy Ritchie,Screenplay,Writing
1861,370172,87257,Cary Joji Fukunaga,Director,Directing
1862,370172,10783,Robert Wade,Screenplay,Writing
1863,370172,1023483,Phoebe Waller-Bridge,Screenplay,Writing
1864,370172,10782,Neal Purvis,Screenplay,Writing
1865,370172,87257,Cary Joji Fukunaga,Screenplay,Writing
1866,98566,228135,Evan Daugherty,Writer,Writing
1867,98566,120015,Josh Appelbaum,Writer,Writing
1868,98566,1018751,André Nemec,Writer,Writing
1869,98566,66739,Jonathan Liebesman,Director,Directing
1870,46195,5714,Carlos Saldanha,Director,Directing
1871,46195,52696,Sam Harper,Screenplay,Writing
1872,46195,58144,Don Rhymer,Screenplay,Writing
1873,46195,97263,Joshua Sternin,Screenplay,Writing
1874,46195,97262,Jennifer Ventimilia,Screenplay,Writing
1875,567,2636,Alfred Hitchcock,Director,Directing
1876,567,5181,John Michael Hayes,Screenplay,Writing
1877,28178,151181,Stephen P. Lindsey,Screenplay,Writing
1878,28178,5306,Lasse Hallström,Director,Directing
1879,76163,12786,Simon West,Director,Directing
1880,76163,16483,Sylvester Stallone,Screenplay,Writing
1881,76163,22814,Richard Wenk,Screenplay,Writing
1882,9543,10723,Mike Newell,Director,Directing
1883,9543,81203,Doug Miro,Screenplay,Writing
1884,9543,52358,Boaz Yakin,Screenplay,Writing
1885,9543,121479,Carlo Bernard,Screenplay,Writing
1886,439079,1338249,Gary Dauberman,Screenplay,Writing
1887,439079,1401474,Corin Hardy,Director,Directing
1888,81188,151007,Peter Ramsey,Director,Directing
1889,81188,23766,David Lindsay-Abaire,Screenplay,Writing
1890,11224,11429,Hamilton Luske,Director,Directing
1891,11224,64864,Clyde Geronimi,Director,Directing
1892,11224,11434,Wilfred Jackson,Director,Directing
1893,44896,1704,Gore Verbinski,Director,Directing
1894,44896,932,John Logan,Writer,Writing
1895,39514,57270,Robert Schwentke,Director,Directing
1896,39514,112947,Erich Hoeber,Writer,Writing
1897,39514,112948,Jon Hoeber,Writer,Writing
1898,166428,69797,Dean DeBlois,Director,Directing
1899,166428,69797,Dean DeBlois,Writer,Writing
1900,380,5144,Ronald Bass,Screenplay,Writing
1901,380,8246,Barry Levinson,Director,Directing
1902,380,5143,Barry Morrow,Screenplay,Writing
1903,206487,56502,Peter Spierig,Director,Directing
1904,206487,56502,Peter Spierig,Writer,Writing
1905,206487,56501,Michael Spierig,Director,Directing
1906,206487,56501,Michael Spierig,Writer,Writing
1907,82675,75035,Olivier Megaton,Director,Directing
1908,82675,61,Robert Mark Kamen,Screenplay,Writing
1909,82675,59,Luc Besson,Screenplay,Writing
1910,82675,59,Luc Besson,Writer,Writing
1911,82675,61,Robert Mark Kamen,Writer,Writing
1912,188927,58189,Justin Lin,Director,Directing
1913,188927,11108,Simon Pegg,Writer,Writing
1914,188927,65779,Doug Jung,Writer,Writing
1915,507086,930707,Colin Trevorrow,Director,Directing
1916,507086,1188564,Emily Carmichael,Screenplay,Writing
1917,507086,930707,Colin Trevorrow,Screenplay,Writing
1918,381283,6431,Darren Aronofsky,Writer,Writing
1919,381283,6431,Darren Aronofsky,Director,Directing
1920,364,510,Tim Burton,Director,Directing
1921,364,5128,Daniel Waters,Screenplay,Writing
1922,76757,9339,Lilly Wachowski,Director,Directing
1923,76757,9340,Lana Wachowski,Director,Directing
1924,76757,9339,Lilly Wachowski,Writer,Writing
1925,76757,9340,Lana Wachowski,Writer,Writing
1926,37686,15344,J.J. Abrams,Director,Directing
1927,37686,15344,J.J. Abrams,Writer,Writing
1928,320288,11092,Simon Kinberg,Director,Directing
1929,320288,11092,Simon Kinberg,Writer,Writing
1930,11544,66193,Chris Sanders,Director,Directing
1931,11544,69797,Dean DeBlois,Director,Directing
1932,11544,66193,Chris Sanders,Writer,Writing
1933,11544,69797,Dean DeBlois,Writer,Writing
1934,60304,76927,Tommy Wirkola,Director,Directing
1935,60304,76927,Tommy Wirkola,Writer,Writing
1936,345,5014,Frederic Raphael,Screenplay,Writing
1937,345,240,Stanley Kubrick,Director,Directing
1938,345,240,Stanley Kubrick,Screenplay,Writing
1939,1018,5602,David Lynch,Director,Directing
1940,1018,5602,David Lynch,Writer,Writing
1941,293863,109745,Lee Toland Krieger,Director,Directing
1942,293863,1111120,Salvador Paskowitz,Screenplay,Writing
1943,293863,225499,J. Mills Goodloe,Screenplay,Writing
1944,534,36425,McG,Director,Directing
1945,534,7214,John Brancato,Writer,Writing
1946,534,7215,Michael Ferris,Writer,Writing
1947,436270,66549,Adam Sztykiel,Writer,Writing
1948,436270,2804291,Rory Haines,Writer,Writing
1949,436270,2456703,Sohrab Noshirvani,Writer,Writing
1950,436270,59521,Jaume Collet-Serra,Director,Directing
1951,117263,1065351,Katrin Benedikt,Writer,Writing
1952,117263,20907,Antoine Fuqua,Director,Directing
1953,117263,1065352,Creighton Rothenberger,Writer,Writing
1954,337401,15287,Niki Caro,Director,Directing
1955,337401,67803,Amanda Silver,Screenplay,Writing
1956,337401,1689366,Lauren Hynek,Screenplay,Writing
1957,337401,1689367,Elizabeth Martin,Screenplay,Writing
1958,337401,67802,Rick Jaffa,Screenplay,Writing
1959,676,865,Michael Bay,Director,Directing
1960,676,2460,Randall Wallace,Writer,Writing
1961,11631,71069,Catherine Johnson,Screenplay,Writing
1962,11631,71068,Phyllida Lloyd,Director,Directing
1963,7446,52803,Etan Cohen,Screenplay,Writing
1964,7446,7399,Ben Stiller,Screenplay,Writing
1965,7446,7399,Ben Stiller,Director,Directing
1966,7446,15009,Justin Theroux,Screenplay,Writing
1967,328387,142272,Henry Joost,Director,Directing
1968,328387,142276,Ariel Schulman,Director,Directing
1969,328387,77831,Jessica Sharzer,Writer,Writing
1970,927,4600,Joe Dante,Director,Directing
1971,927,10965,Chris Columbus,Writer,Writing
1972,1576,4014,Paul W. S. Anderson,Director,Directing
1973,1576,4014,Paul W. S. Anderson,Writer,Writing
1974,9737,865,Michael Bay,Director,Directing
1975,9737,44991,Michael Barrie,Screenplay,Writing
1976,9737,44992,Jim Mulholland,Screenplay,Writing
1977,9737,20840,Doug Richardson,Screenplay,Writing
1978,262504,1227160,Noah Oppenheim,Screenplay,Writing
1979,262504,57270,Robert Schwentke,Director,Directing
1980,262504,59265,Adam Cooper,Screenplay,Writing
1981,262504,59266,Bill Collage,Screenplay,Writing
1982,262504,19311,Stephen Chbosky,Screenplay,Writing
1983,270303,558929,David Robert Mitchell,Director,Directing
1984,270303,558929,David Robert Mitchell,Screenplay,Writing
1985,53182,17285,Kurt Johnstad,Screenplay,Writing
1986,53182,78914,Noam Murro,Director,Directing
1987,53182,15217,Zack Snyder,Screenplay,Writing
1988,184,138,Quentin Tarantino,Screenplay,Writing
1989,184,138,Quentin Tarantino,Director,Directing
1990,335787,1223895,Rafe Judkins,Screenplay,Writing
1991,335787,91268,Ruben Fleischer,Director,Directing
1992,335787,18875,Matt Holloway,Screenplay,Writing
1993,335787,18873,Art Marcum,Screenplay,Writing
1994,782,8685,Andrew Niccol,Director,Directing
1995,782,8685,Andrew Niccol,Writer,Writing
1996,334543,1173102,Garth Davis,Director,Directing
1997,334543,37268,Luke Davies,Screenplay,Writing
1998,661374,67367,Rian Johnson,Director,Directing
1999,661374,67367,Rian Johnson,Writer,Writing
2000,1368,16483,Sylvester Stallone,Screenplay,Writing
2001,1368,16544,Ted Kotcheff,Director,Directing
2002,1368,16546,Michael Kozoll,Screenplay,Writing
2003,1368,16547,William Sackheim,Screenplay,Writing
2004,298,1884,Steven Soderbergh,Director,Directing
2005,298,16305,David Levien,Writer,Writing
2006,298,16304,Brian Koppelman,Writer,Writing
2007,254320,122423,Yorgos Lanthimos,Director,Directing
2008,254320,136427,Efthimis Filippou,Writer,Writing
2009,254320,122423,Yorgos Lanthimos,Writer,Writing
2010,2059,12962,Jon Turteltaub,Director,Directing
2011,2059,21155,Jim Kouf,Screenplay,Writing
2012,2059,21158,Cormac Wibberley,Screenplay,Writing
2013,2059,21159,Marianne Wibberley,Screenplay,Writing
2014,5255,142,William Broyles Jr.,Screenplay,Writing
2015,5255,24,Robert Zemeckis,Screenplay,Writing
2016,5255,24,Robert Zemeckis,Director,Directing
2017,57214,58744,Michael Bacall,Screenplay,Writing
2018,57214,208139,Matt Drake,Screenplay,Writing
2019,57214,1299380,Nima Nourizadeh,Director,Directing
2020,242,1776,Francis Ford Coppola,Director,Directing
2021,242,3083,Mario Puzo,Screenplay,Writing
2022,242,1776,Francis Ford Coppola,Screenplay,Writing
2023,203801,41289,Lionel Wigram,Screenplay,Writing
2024,203801,956,Guy Ritchie,Screenplay,Writing
2025,203801,956,Guy Ritchie,Director,Directing
2026,1637,2209,Jan de Bont,Director,Directing
2027,1637,21206,Graham Yost,Writer,Writing
2028,460465,1828590,Simon McQuoid,Director,Directing
2029,460465,1828555,Greg Russo,Screenplay,Writing
2030,460465,57264,David Callaham,Screenplay,Writing
2031,114150,168667,Jason Moore,Director,Directing
2032,114150,208664,Kay Cannon,Screenplay,Writing
2033,109414,54734,Evan Goldberg,Director,Directing
2034,109414,19274,Seth Rogen,Screenplay,Writing
2035,109414,19274,Seth Rogen,Director,Directing
2036,109414,54734,Evan Goldberg,Screenplay,Writing
2037,1813,18596,Taylor Hackford,Director,Directing
2038,1813,19241,Jonathan Lemkin,Screenplay,Writing
2039,1813,19242,Tony Gilroy,Screenplay,Writing
2040,331482,45400,Greta Gerwig,Writer,Writing
2041,331482,45400,Greta Gerwig,Director,Directing
2042,82700,11614,M. Night Shyamalan,Director,Directing
2043,82700,86239,Gary Whitta,Screenplay,Writing
2044,82700,11614,M. Night Shyamalan,Screenplay,Writing
2045,22881,54040,John Lee Hancock,Writer,Writing
2046,22881,54040,John Lee Hancock,Director,Directing
2047,334533,11154,Matt Ross,Director,Directing
2048,334533,11154,Matt Ross,Writer,Writing
2049,51540,71600,Seth Gordon,Director,Directing
2050,51540,52935,John Francis Daley,Screenplay,Writing
2051,51540,1236679,Jonathan Goldstein,Screenplay,Writing
2052,51540,1222776,Michael Markowitz,Screenplay,Writing
2053,68728,7623,Sam Raimi,Director,Directing
2054,68728,21218,Mitchell Kapner,Screenplay,Writing
2055,68728,23766,David Lindsay-Abaire,Screenplay,Writing
2056,2454,5552,Stephen McFeely,Screenplay,Writing
2057,2454,5524,Andrew Adamson,Screenplay,Writing
2058,2454,5524,Andrew Adamson,Director,Directing
2059,2454,5551,Christopher Markus,Screenplay,Writing
2060,43074,116805,Paul Feig,Director,Directing
2061,43074,1106222,Katie Dippold,Screenplay,Writing
2062,43074,116805,Paul Feig,Screenplay,Writing
2063,36647,3893,David S. Goyer,Writer,Writing
2064,36647,10808,Stephen Norrington,Director,Directing
2065,1022789,182001,Kelsey Mann,Director,Directing
2066,1022789,1888448,Dave Holstein,Screenplay,Writing
2067,1022789,1457025,Meg LeFauve,Screenplay,Writing
2068,241259,26205,James Bobin,Director,Directing
2069,241259,38792,Linda Woolverton,Screenplay,Writing
2070,8467,7396,Peter Farrelly,Director,Directing
2071,8467,7395,Bobby Farrelly,Writer,Writing
2072,8467,7396,Peter Farrelly,Writer,Writing
2073,8467,55162,Bennett Yellin,Writer,Writing
2074,335988,865,Michael Bay,Director,Directing
2075,335988,18873,Art Marcum,Screenplay,Writing
2076,335988,18875,Matt Holloway,Screenplay,Writing
2077,335988,12783,Ken Nolan,Screenplay,Writing
2078,9532,57134,James Wong,Screenplay,Writing
2079,9532,57134,James Wong,Director,Directing
2080,9532,57429,Jeffrey Reddick,Screenplay,Writing
2081,9532,58403,Glen Morgan,Screenplay,Writing
2082,47964,18185,Skip Woods,Screenplay,Writing
2083,47964,12028,John Moore,Director,Directing
2084,373571,11012,Michael Dougherty,Screenplay,Writing
2085,373571,11012,Michael Dougherty,Director,Directing
2086,373571,1443683,Zach Shields,Screenplay,Writing
2087,509,7017,Roger Michell,Director,Directing
2088,509,7018,Richard Curtis,Writer,Writing
2089,38365,19292,Adam Sandler,Writer,Writing
2090,38365,66563,Fred Wolf,Writer,Writing
2091,38365,17494,Dennis Dugan,Director,Directing
2092,20504,11448,Allen Hughes,Director,Directing
2093,20504,11447,Albert Hughes,Director,Directing
2094,20504,86239,Gary Whitta,Writer,Writing
2095,565,1704,Gore Verbinski,Director,Directing
2096,565,15244,Ehren Kruger,Screenplay,Writing
2097,565,27785,Hiroshi Takahashi,Screenplay,Writing
2098,10555,5715,Michael J. Wilson,Screenplay,Writing
2099,10555,65630,Rob Letterman,Screenplay,Writing
2100,10555,65503,Lona Williams,Writer,Writing
2101,10555,12058,Vicky Jenson,Director,Directing
2102,10555,65629,Bibo Bergeron,Director,Directing
2103,10555,65630,Rob Letterman,Director,Directing
2104,238636,53120,James DeMonaco,Director,Directing
2105,238636,53120,James DeMonaco,Writer,Writing
2106,18823,18865,Louis Leterrier,Director,Directing
2107,18823,114016,Travis Beacham,Screenplay,Writing
2108,18823,54047,Phil Hay,Screenplay,Writing
2109,18823,54048,Matt Manfredi,Screenplay,Writing
2110,7131,7775,Stephen Sommers,Director,Directing
2111,7131,7775,Stephen Sommers,Writer,Writing
2112,80278,51894,J. A. Bayona,Director,Directing
2113,80278,51895,Sergio G. Sánchez,Writer,Writing
2114,1572,1090,John McTiernan,Director,Directing
2115,1572,876,Jonathan Hensleigh,Writer,Writing
2116,644,488,Steven Spielberg,Director,Directing
2117,644,488,Steven Spielberg,Screenplay,Writing
2118,687163,107446,Phil Lord,Director,Directing
2119,687163,155267,Christopher Miller,Director,Directing
2120,687163,47506,Drew Goddard,Screenplay,Writing
2121,390043,143059,Patrick Hughes,Director,Directing
2122,390043,1534628,Tom O'Connor,Writer,Writing
2123,522627,956,Guy Ritchie,Director,Directing
2124,522627,956,Guy Ritchie,Screenplay,Writing
2125,522627,2493734,Lauren Bond,Writer,Writing
2126,9325,57314,Wolfgang Reitherman,Director,Directing
2127,497582,207132,Jack Thorne,Screenplay,Writing
2128,497582,173847,Harry Bradbeer,Director,Directing
2129,424783,1448221,Christina Hodson,Writer,Writing
2130,424783,1033661,Travis Knight,Director,Directing
2131,12230,64864,Clyde Geronimi,Director,Directing
2132,12230,11429,Hamilton Luske,Director,Directing
2133,12230,57314,Wolfgang Reitherman,Director,Directing
2134,207932,6159,Ron Howard,Director,Directing
2135,207932,508,David Koepp,Screenplay,Writing
2136,2034,19769,David Ayer,Screenplay,Writing
2137,2034,20907,Antoine Fuqua,Director,Directing
2138,788,10965,Chris Columbus,Director,Directing
2139,788,11708,Leslie Dixon,Screenplay,Writing
2140,788,11707,Randi Mayem Singer,Screenplay,Writing
2141,788,12100,Jeffrey Price,Writer,Writing
2142,788,12101,Peter S. Seaman,Writer,Writing
2143,545609,19272,Joe Russo,Screenplay,Writing
2144,545609,1120883,Sam Hargrave,Director,Directing
2145,341013,40684,David Leitch,Director,Directing
2146,341013,17285,Kurt Johnstad,Screenplay,Writing
2147,277,3950,Len Wiseman,Director,Directing
2148,277,1248221,Danny McBride,Screenplay,Writing
2149,140300,57744,Jonathan Aibel,Writer,Writing
2150,140300,57743,Glenn Berger,Writer,Writing
2151,140300,142312,Jennifer Yuh Nelson,Director,Directing
2152,140300,1262481,Alessandro Carloni,Director,Directing
2153,86834,6431,Darren Aronofsky,Director,Directing
2154,86834,16836,Ari Handel,Writer,Writing
2155,86834,6431,Darren Aronofsky,Writer,Writing
2156,80321,18863,Eric Darnell,Director,Directing
2157,80321,18864,Tom McGrath,Director,Directing
2158,80321,12080,Conrad Vernon,Director,Directing
2159,80321,18863,Eric Darnell,Screenplay,Writing
2160,80321,5656,Noah Baumbach,Screenplay,Writing
2161,59859,55075,Jeff Wadlow,Screenplay,Writing
2162,59859,55075,Jeff Wadlow,Director,Directing
2163,508439,225976,Dan Scanlon,Director,Directing
2164,508439,225976,Dan Scanlon,Screenplay,Writing
2165,508439,1378767,Keith Bunin,Screenplay,Writing
2166,508439,1748205,Jason Headley,Screenplay,Writing
2167,12477,628,Isao Takahata,Director,Directing
2168,12477,628,Isao Takahata,Screenplay,Writing
2169,38575,21981,Harald Zwart,Director,Directing
2170,38575,484466,Christopher Murphey,Screenplay,Writing
2171,524,1032,Martin Scorsese,Screenplay,Writing
2172,524,7163,Nicholas Pileggi,Screenplay,Writing
2173,524,1032,Martin Scorsese,Director,Directing
2174,440021,54248,Christopher Landon,Director,Directing
2175,440021,89026,Scott Lobdell,Writer,Writing
2176,440021,54248,Christopher Landon,Writer,Writing
2177,423108,142686,David Leslie Johnson-McGoldrick,Screenplay,Writing
2178,423108,1607672,Michael Chaves,Director,Directing
2179,235,3029,Raynold Gideon,Screenplay,Writing
2180,235,3026,Rob Reiner,Director,Directing
2181,235,3028,Bruce A. Evans,Screenplay,Writing
2182,39538,1884,Steven Soderbergh,Director,Directing
2183,39538,19014,Scott Z. Burns,Screenplay,Writing
2184,39538,19014,Scott Z. Burns,Writer,Writing
2185,250546,26714,John R. Leonetti,Director,Directing
2186,250546,1338249,Gary Dauberman,Writer,Writing
2187,624860,9340,Lana Wachowski,Writer,Writing
2188,624860,1111715,David Mitchell,Writer,Writing
2189,624860,1621370,Aleksandar Hemon,Writer,Writing
2190,624860,9340,Lana Wachowski,Director,Directing
2191,1995,12786,Simon West,Director,Directing
2192,1995,20505,Patrick Massett,Screenplay,Writing
2193,1995,20506,John Zinman,Screenplay,Writing
2194,755,2294,Robert Rodriguez,Director,Directing
2195,755,138,Quentin Tarantino,Screenplay,Writing
2196,88,716,Emile Ardolino,Director,Directing
2197,88,717,Eleanor Bergstein,Writer,Writing
2198,13053,70238,Chris Williams,Director,Directing
2199,13053,76595,Byron Howard,Director,Directing
2200,13053,15892,Dan Fogelman,Screenplay,Writing
2201,13053,70238,Chris Williams,Screenplay,Writing
2202,861,10491,Paul Verhoeven,Director,Directing
2203,861,5045,Dan O'Bannon,Screenplay,Writing
2204,861,5046,Ronald Shusett,Screenplay,Writing
2205,861,1582654,Gary Goldman,Screenplay,Writing
2206,49017,1167470,Gary Shore,Director,Directing
2207,49017,1167473,Burk Sharpless,Writer,Writing
2208,49017,1167472,Matt Sazama,Writer,Writing
2209,258489,11343,David Yates,Director,Directing
2210,258489,1106745,Adam Cozad,Screenplay,Writing
2211,258489,55474,John Collee,Writer,Writing
2212,258489,1707,Stuart Beattie,Screenplay,Writing
2213,258489,53267,Craig Brewer,Screenplay,Writing
2214,1250,16837,Mark Steven Johnson,Director,Directing
2215,1250,16837,Mark Steven Johnson,Screenplay,Writing
2216,420809,20307,Joachim Rønning,Director,Directing
2217,420809,38792,Linda Woolverton,Writer,Writing
2218,420809,1161593,Micah Fitzerman-Blue,Writer,Writing
2219,420809,206410,Noah Harpster,Writer,Writing
2220,47933,6046,Roland Emmerich,Director,Directing
2221,47933,8676,Dean Devlin,Screenplay,Writing
2222,47933,6046,Roland Emmerich,Screenplay,Writing
2223,47933,73609,Nicolas Wright,Screenplay,Writing
2224,47933,20204,James Vanderbilt,Screenplay,Writing
2225,47933,80019,James A. Woods,Screenplay,Writing
2226,47933,1600267,Gabriel Sherman,Writer,Writing
2227,22794,155267,Christopher Miller,Director,Directing
2228,22794,107446,Phil Lord,Director,Directing
2229,22794,107446,Phil Lord,Screenplay,Writing
2230,22794,155267,Christopher Miller,Screenplay,Writing
2231,22794,197803,Rob Greenberg,Screenplay,Writing
2232,1579,2461,Mel Gibson,Director,Directing
2233,1579,2461,Mel Gibson,Writer,Writing
2234,1579,17655,Farhad Safinia,Writer,Writing
2235,512195,57633,Rawson Marshall Thurber,Writer,Writing
2236,512195,57633,Rawson Marshall Thurber,Director,Directing
2237,76493,57406,Alec Berg,Screenplay,Writing
2238,76493,6730,Sacha Baron Cohen,Screenplay,Writing
2239,76493,6767,Larry Charles,Director,Directing
2240,76493,57407,David Mandel,Screenplay,Writing
2241,76493,57405,Jeff Schaffer,Screenplay,Writing
2242,200727,63820,Christian Ditter,Director,Directing
2243,200727,55691,Juliette Towhidi,Screenplay,Writing
2244,181886,137427,Denis Villeneuve,Director,Directing
2245,181886,77125,Javier Gullón,Writer,Writing
2246,87502,24,Robert Zemeckis,Director,Directing
2247,87502,53176,John Gatins,Writer,Writing
2248,628,9018,Anne Rice,Screenplay,Writing
2249,628,17016,Neil Jordan,Director,Directing
2250,406990,76927,Tommy Wirkola,Director,Directing
2251,406990,221107,Max Botkin,Writer,Writing
2252,406990,1001703,Kerry Williamson,Writer,Writing
2253,1573,20840,Doug Richardson,Screenplay,Writing
2254,1573,1726,Steven E. de Souza,Screenplay,Writing
2255,1573,16938,Renny Harlin,Director,Directing
2256,762,10707,Terry Jones,Writer,Writing
2257,762,10713,Eric Idle,Writer,Writing
2258,762,383,Michael Palin,Writer,Writing
2259,762,10722,Graham Chapman,Writer,Writing
2260,762,10707,Terry Jones,Director,Directing
2261,762,8930,John Cleese,Writer,Writing
2262,762,280,Terry Gilliam,Writer,Writing
2263,762,280,Terry Gilliam,Director,Directing
2264,762,69729,Thomas Malory,Writer,Writing
2265,260514,1443386,Brian Fee,Director,Directing
2266,260514,1117779,Kiel Murray,Screenplay,Writing
2267,260514,10683,Mike Rich,Screenplay,Writing
2268,260514,10,Bob Peterson,Screenplay,Writing
2269,333484,20907,Antoine Fuqua,Director,Directing
2270,333484,1281190,Nic Pizzolatto,Screenplay,Writing
2271,333484,22814,Richard Wenk,Screenplay,Writing
2272,242224,164554,Jennifer Kent,Director,Directing
2273,242224,164554,Jennifer Kent,Writer,Writing
2274,2300,23677,Joe Pytka,Director,Directing
2275,2300,61398,Leo Benvenuti,Writer,Writing
2276,2300,56643,Steve Rudnick,Writer,Writing
2277,2300,14711,Timothy Harris,Writer,Writing
2278,2300,14710,Herschel Weingrod,Writer,Writing
2279,3049,4499,Tom Shadyac,Director,Directing
2280,3049,29901,Jack Bernstein,Screenplay,Writing
2281,3049,4499,Tom Shadyac,Screenplay,Writing
2282,3049,206,Jim Carrey,Screenplay,Writing
2283,1597,10385,Jim Herzfeld,Screenplay,Writing
2284,1597,17871,John Hamburg,Screenplay,Writing
2285,1597,6737,Jay Roach,Director,Directing
2286,334541,30711,Kenneth Lonergan,Director,Directing
2287,334541,30711,Kenneth Lonergan,Writer,Writing
2288,166424,1147923,Jeremy Slater,Screenplay,Writing
2289,166424,11092,Simon Kinberg,Screenplay,Writing
2290,166424,934803,Josh Trank,Screenplay,Writing
2291,166424,934803,Josh Trank,Director,Directing
2292,855,12783,Ken Nolan,Screenplay,Writing
2293,855,578,Ridley Scott,Director,Directing
2294,8077,7467,David Fincher,Director,Directing
2295,8077,915,David Giler,Screenplay,Writing
2296,8077,1723,Walter Hill,Screenplay,Writing
2297,8077,912,Larry Ferguson,Screenplay,Writing
2298,238713,116805,Paul Feig,Director,Directing
2299,238713,116805,Paul Feig,Screenplay,Writing
2300,388,5281,Spike Lee,Director,Directing
2301,388,5282,Russell Gewirtz,Writer,Writing
2302,82654,56661,Jonathan Levine,Director,Directing
2303,82654,56661,Jonathan Levine,Screenplay,Writing
2304,1571,18189,Mark Bomback,Screenplay,Writing
2305,1571,3950,Len Wiseman,Director,Directing
2306,593643,57199,Mark Mylod,Director,Directing
2307,593643,2362815,Seth Reiss,Writer,Writing
2308,593643,2373362,Will Tracy,Writer,Writing
2309,302699,57633,Rawson Marshall Thurber,Director,Directing
2310,302699,198150,Ike Barinholtz,Screenplay,Writing
2311,302699,1454295,David Stassen,Screenplay,Writing
2312,302699,57633,Rawson Marshall Thurber,Screenplay,Writing
2313,2675,11614,M. Night Shyamalan,Director,Directing
2314,2675,11614,M. Night Shyamalan,Writer,Writing
2315,385687,18865,Louis Leterrier,Director,Directing
2316,385687,937234,Dan Mazeau,Screenplay,Writing
2317,385687,58189,Justin Lin,Screenplay,Writing
2318,426,5735,Alec Coppel,Screenplay,Writing
2319,426,5736,Samuel A. Taylor,Screenplay,Writing
2320,426,2636,Alfred Hitchcock,Director,Directing
2321,13885,510,Tim Burton,Director,Directing
2322,13885,932,John Logan,Screenplay,Writing
2323,401981,10943,Francis Lawrence,Director,Directing
2324,401981,66721,Justin Haythe,Screenplay,Writing
2325,83666,5655,Wes Anderson,Director,Directing
2326,83666,5655,Wes Anderson,Writer,Writing
2327,83666,38803,Roman Coppola,Writer,Writing
2328,39513,11108,Simon Pegg,Writer,Writing
2329,39513,54733,Greg Mottola,Director,Directing
2330,39513,11109,Nick Frost,Writer,Writing
2331,17431,89287,Nathan Parker,Screenplay,Writing
2332,17431,81850,Duncan Jones,Director,Directing
2333,445571,52935,John Francis Daley,Director,Directing
2334,445571,1236679,Jonathan Goldstein,Director,Directing
2335,445571,59267,Mark Perez,Writer,Writing
2336,1538,638,Michael Mann,Director,Directing
2337,1538,1707,Stuart Beattie,Writer,Writing
2338,570670,2128,Leigh Whannell,Director,Directing
2339,570670,2128,Leigh Whannell,Screenplay,Writing
2340,1184918,66193,Chris Sanders,Director,Directing
2341,1184918,66193,Chris Sanders,Screenplay,Writing
2342,338967,91268,Ruben Fleischer,Director,Directing
2343,338967,57264,David Callaham,Screenplay,Writing
2344,338967,7932,Rhett Reese,Screenplay,Writing
2345,338967,91269,Paul Wernick,Screenplay,Writing
2346,1927,148991,John Turman,Screenplay,Writing
2347,1927,10703,Michael France,Screenplay,Writing
2348,1927,1617,James Schamus,Screenplay,Writing
2349,1927,1614,Ang Lee,Director,Directing
2350,80274,13079,Gavin Hood,Screenplay,Writing
2351,80274,13079,Gavin Hood,Director,Directing
2352,12092,64864,Clyde Geronimi,Director,Directing
2353,12092,11434,Wilfred Jackson,Director,Directing
2354,12092,11429,Hamilton Luske,Director,Directing
2355,8247,11694,Doug Liman,Director,Directing
2356,8247,3893,David S. Goyer,Screenplay,Writing
2357,8247,7469,Jim Uhls,Screenplay,Writing
2358,8247,11092,Simon Kinberg,Screenplay,Writing
2359,1624,4499,Tom Shadyac,Director,Directing
2360,1624,18194,Paul Guay,Writer,Writing
2361,1624,18195,Stephen Mazur,Writer,Writing
2362,9340,7187,Richard Donner,Director,Directing
2363,9340,10965,Chris Columbus,Screenplay,Writing
2364,10895,11429,Hamilton Luske,Director,Directing
2365,10895,11426,Ben Sharpsteen,Director,Directing
2366,10895,74565,Jack Kinney,Director,Directing
2367,10895,11427,Bill Roberts,Director,Directing
2368,10895,11432,T. Hee,Director,Directing
2369,10895,226599,Norman Ferguson,Director,Directing
2370,10895,11434,Wilfred Jackson,Director,Directing
2371,8488,17167,Andy Tennant,Director,Directing
2372,8488,55984,Kevin Bisch,Screenplay,Writing
2373,228967,54734,Evan Goldberg,Director,Directing
2374,228967,19274,Seth Rogen,Director,Directing
2375,228967,1221087,Dan Sterling,Screenplay,Writing
2376,449176,1300294,Isaac Aptaker,Screenplay,Writing
2377,449176,1300295,Elizabeth Berger,Screenplay,Writing
2378,449176,88967,Greg Berlanti,Director,Directing
2379,31011,107490,Jaco Van Dormael,Director,Directing
2380,31011,107490,Jaco Van Dormael,Writer,Writing
2381,324668,25598,Paul Greengrass,Director,Directing
2382,324668,25598,Paul Greengrass,Writer,Writing
2383,324668,29405,Christopher Rouse,Writer,Writing
2384,181533,17825,Shawn Levy,Director,Directing
2385,181533,121357,David Guion,Screenplay,Writing
2386,181533,121358,Michael Handelman,Screenplay,Writing
2387,1584,17735,Mike White,Screenplay,Writing
2388,1584,564,Richard Linklater,Director,Directing
2389,10386,7087,Brad Bird,Director,Directing
2390,10386,77919,Tim McCanlies,Screenplay,Writing
2391,10386,7087,Brad Bird,Screenplay,Writing
2392,12162,14392,Kathryn Bigelow,Director,Directing
2393,12162,51686,Mark Boal,Writer,Writing
2394,856,24,Robert Zemeckis,Director,Directing
2395,856,12100,Jeffrey Price,Screenplay,Writing
2396,856,12101,Peter S. Seaman,Screenplay,Writing
2397,948,11770,John Carpenter,Screenplay,Writing
2398,948,11770,John Carpenter,Director,Directing
2399,948,2161,Debra Hill,Screenplay,Writing
2400,933260,1607016,Coralie Fargeat,Director,Directing
2401,933260,1607016,Coralie Fargeat,Writer,Writing
2402,4553,37948,Brad Anderson,Director,Directing
2403,4553,37949,Scott Kosar,Writer,Writing
2404,117,1150,Brian De Palma,Director,Directing
2405,117,1255,David Mamet,Writer,Writing
2406,389015,47283,Steven Rogers,Writer,Writing
2407,389015,50767,Craig Gillespie,Director,Directing
2408,451048,56412,John Requa,Screenplay,Writing
2409,451048,56411,Glenn Ficarra,Screenplay,Writing
2410,451048,191937,Michael Green,Screenplay,Writing
2411,451048,59521,Jaume Collet-Serra,Director,Directing
2412,935,240,Stanley Kubrick,Director,Directing
2413,935,240,Stanley Kubrick,Screenplay,Writing
2414,935,8950,Terry Southern,Screenplay,Writing
2415,935,14250,Peter George,Screenplay,Writing
2416,260346,75035,Olivier Megaton,Director,Directing
2417,260346,61,Robert Mark Kamen,Screenplay,Writing
2418,260346,59,Luc Besson,Screenplay,Writing
2419,57201,1704,Gore Verbinski,Director,Directing
2420,57201,66721,Justin Haythe,Screenplay,Writing
2421,57201,1705,Ted Elliott,Screenplay,Writing
2422,57201,1706,Terry Rossio,Screenplay,Writing
2423,10315,5655,Wes Anderson,Director,Directing
2424,10315,5656,Noah Baumbach,Screenplay,Writing
2425,10315,5655,Wes Anderson,Screenplay,Writing
2426,10198,15810,Ron Clements,Director,Directing
2427,10198,15811,John Musker,Director,Directing
2428,10198,15810,Ron Clements,Screenplay,Writing
2429,10198,15811,John Musker,Screenplay,Writing
2430,10198,56611,Rob Edwards,Screenplay,Writing
2431,49040,19242,Tony Gilroy,Director,Directing
2432,49040,19242,Tony Gilroy,Screenplay,Writing
2433,49040,57113,Dan Gilroy,Screenplay,Writing
2434,637649,2037427,Ivan Atkinson,Screenplay,Writing
2435,637649,1270829,Marn Davies,Screenplay,Writing
2436,637649,956,Guy Ritchie,Screenplay,Writing
2437,637649,956,Guy Ritchie,Director,Directing
2438,159824,185438,Genndy Tartakovsky,Director,Directing
2439,159824,53684,Robert Smigel,Writer,Writing
2440,159824,19292,Adam Sandler,Writer,Writing
2441,49529,7,Andrew Stanton,Director,Directing
2442,49529,126638,Mark Andrews,Screenplay,Writing
2443,49529,67758,Michael Chabon,Screenplay,Writing
2444,49529,7,Andrew Stanton,Screenplay,Writing
2445,630,9053,Florence Ryerson,Screenplay,Writing
2446,630,9049,Victor Fleming,Director,Directing
2447,630,9052,Noel Langley,Screenplay,Writing
2448,630,1505,Edgar Allan Woolf,Screenplay,Writing
2449,50546,132315,Timothy Dowling,Screenplay,Writing
2450,50546,34050,Allan Loeb,Screenplay,Writing
2451,50546,17494,Dennis Dugan,Director,Directing
2452,4982,2260,Steven Zaillian,Screenplay,Writing
2453,4982,578,Ridley Scott,Director,Directing
2454,10530,65530,Mike Gabriel,Director,Directing
2455,10530,65531,Eric Goldberg,Director,Directing
2456,10530,65532,Carl Binder,Writer,Writing
2457,10530,6340,Susannah Grant,Writer,Writing
2458,10530,37078,Philip LaZebnik,Writer,Writing
2459,15,40,Orson Welles,Director,Directing
2460,15,40,Orson Welles,Screenplay,Writing
2461,15,30012,Herman J. Mankiewicz,Screenplay,Writing
2462,289,2665,Julius J. Epstein,Screenplay,Writing
2463,289,4508,Howard E. Koch,Screenplay,Writing
2464,289,4109,Michael Curtiz,Director,Directing
2465,289,2666,Philip G. Epstein,Screenplay,Writing
2466,82507,55499,Scott Derrickson,Director,Directing
2467,82507,928106,C. Robert Cargill,Screenplay,Writing
2468,82507,55499,Scott Derrickson,Screenplay,Writing
2469,311,4385,Sergio Leone,Screenplay,Writing
2470,311,4667,Franco Arcalli,Screenplay,Writing
2471,311,4664,Leonardo Benvenuti,Screenplay,Writing
2472,311,32048,Enrico Medioli,Screenplay,Writing
2473,311,4385,Sergio Leone,Director,Directing
2474,311,69973,Piero De Bernardi,Screenplay,Writing
2475,311,4668,Franco Ferrini,Screenplay,Writing
2476,274857,74569,Joby Harold,Screenplay,Writing
2477,274857,956,Guy Ritchie,Director,Directing
2478,274857,956,Guy Ritchie,Screenplay,Writing
2479,274857,41289,Lionel Wigram,Screenplay,Writing
2480,251,3415,Jerry Zucker,Director,Directing
2481,251,3431,Bruce Joel Rubin,Writer,Writing
2482,9654,56258,Donna Powers,Screenplay,Writing
2483,9654,37932,F. Gary Gray,Director,Directing
2484,9654,2557851,Wayne Powers,Screenplay,Writing
2485,346685,55789,Tate Taylor,Director,Directing
2486,346685,67796,Erin Cressida Wilson,Screenplay,Writing
2487,299687,111588,J Blakeson,Director,Directing
2488,299687,6340,Susannah Grant,Screenplay,Writing
2489,299687,168309,Jeff Pinkner,Screenplay,Writing
2490,299687,5575,Akiva Goldsman,Screenplay,Writing
2491,105864,21198,Peter Sohn,Director,Directing
2492,105864,1457025,Meg LeFauve,Screenplay,Writing
2493,3170,5446,David Hand,Director,Directing
2494,44833,112947,Erich Hoeber,Screenplay,Writing
2495,44833,36602,Peter Berg,Director,Directing
2496,44833,112948,Jon Hoeber,Screenplay,Writing
2497,345887,22814,Richard Wenk,Screenplay,Writing
2498,345887,20907,Antoine Fuqua,Director,Directing
2499,496,6730,Sacha Baron Cohen,Screenplay,Writing
2500,496,6733,Dan Mazer,Screenplay,Writing
2501,496,6731,Anthony Hines,Screenplay,Writing
2502,496,6732,Peter Baynham,Screenplay,Writing
2503,496,6767,Larry Charles,Director,Directing
2504,396422,1302082,David F. Sandberg,Director,Directing
2505,396422,1338249,Gary Dauberman,Writer,Writing
2506,8961,865,Michael Bay,Director,Directing
2507,8961,4037,Ron Shelton,Screenplay,Writing
2508,8961,15801,Jerry Stahl,Screenplay,Writing
2509,400106,19769,David Ayer,Director,Directing
2510,400106,203285,Max Landis,Writer,Writing
2511,400106,19769,David Ayer,Writer,Writing
2512,568,6159,Ron Howard,Director,Directing
2513,568,142,William Broyles Jr.,Screenplay,Writing
2514,568,7854,Al Reinert,Screenplay,Writing
2515,400928,87742,Marc Webb,Director,Directing
2516,400928,1092705,Tom Flynn,Writer,Writing
2517,754,11401,John Woo,Director,Directing
2518,754,11402,Mike Werb,Writer,Writing
2519,754,11403,Michael Colleary,Writer,Writing
2520,27576,13015,Phillip Noyce,Director,Directing
2521,27576,13927,Kurt Wimmer,Writer,Writing
2522,306819,70500,Tom Hooper,Director,Directing
2523,306819,1182720,Lucinda Coxon,Screenplay,Writing
2524,375262,77723,Tony McNamara,Writer,Writing
2525,375262,1556401,Deborah Davis,Writer,Writing
2526,375262,122423,Yorgos Lanthimos,Director,Directing
2527,107985,11090,Edgar Wright,Writer,Writing
2528,107985,11108,Simon Pegg,Writer,Writing
2529,107985,11090,Edgar Wright,Director,Directing
2530,215,2675,Darren Lynn Bousman,Director,Directing
2531,215,2128,Leigh Whannell,Writer,Writing
2532,215,2675,Darren Lynn Bousman,Writer,Writing
2533,5876,4027,Frank Darabont,Screenplay,Writing
2534,5876,4027,Frank Darabont,Director,Directing
2535,508947,2009739,Domee Shi,Screenplay,Writing
2536,508947,1226604,Julia Cho,Screenplay,Writing
2537,508947,2009739,Domee Shi,Director,Directing
2538,527641,88675,Justin Baldoni,Director,Directing
2539,527641,1903350,Mikki Daughtry,Writer,Writing
2540,527641,76794,Tobias Iaconis,Writer,Writing
2541,1635,865,Michael Bay,Director,Directing
2542,1635,15346,Roberto Orci,Screenplay,Writing
2543,1635,18263,Caspian Tredwell-Owen,Screenplay,Writing
2544,1635,15345,Alex Kurtzman,Screenplay,Writing
2545,640146,1225024,Jeff Loveness,Writer,Writing
2546,640146,59026,Peyton Reed,Director,Directing
2547,10140,10781,Michael Apted,Director,Directing
2548,10140,5551,Christopher Markus,Screenplay,Writing
2549,10140,5552,Stephen McFeely,Screenplay,Writing
2550,10140,61239,Michael Petroni,Screenplay,Writing
2551,756999,55499,Scott Derrickson,Screenplay,Writing
2552,756999,928106,C. Robert Cargill,Screenplay,Writing
2553,756999,55499,Scott Derrickson,Director,Directing
2554,75,510,Tim Burton,Director,Directing
2555,75,513,Jonathan Gems,Screenplay,Writing
2556,675353,1492059,John Whittington,Screenplay,Writing
2557,675353,93364,Jeff Fowler,Director,Directing
2558,675353,63449,Josh Miller,Screenplay,Writing
2559,675353,63453,Pat Casey,Screenplay,Writing
2560,64635,13927,Kurt Wimmer,Screenplay,Writing
2561,64635,3950,Len Wiseman,Director,Directing
2562,64635,18189,Mark Bomback,Screenplay,Writing
2563,97020,52576,José Padilha,Director,Directing
2564,97020,1012022,Joshua Zetumer,Writer,Writing
2565,97020,7722,Edward Neumeier,Writer,Writing
2566,97020,44036,Michael Miner,Writer,Writing
2567,2567,1032,Martin Scorsese,Director,Directing
2568,2567,932,John Logan,Writer,Writing
2569,13811,56052,Ryne Douglas Pearson,Screenplay,Writing
2570,13811,21085,Alex Proyas,Director,Directing
2571,13811,84961,Juliet Snowden,Screenplay,Writing
2572,13811,84962,Stiles White,Screenplay,Writing
2573,4108,61,Robert Mark Kamen,Screenplay,Writing
2574,4108,59,Luc Besson,Screenplay,Writing
2575,4108,35452,Corey Yuen,Director,Directing
2576,4108,18865,Louis Leterrier,Director,Directing
2577,41733,57130,Todd Phillips,Director,Directing
2578,41733,57130,Todd Phillips,Screenplay,Writing
2579,41733,127148,Alan Freedland,Screenplay,Writing
2580,41733,66549,Adam Sztykiel,Screenplay,Writing
2581,41733,127146,Alan R. Cohen,Screenplay,Writing
2582,17578,488,Steven Spielberg,Director,Directing
2583,17578,11090,Edgar Wright,Screenplay,Writing
2584,17578,155531,Joe Cornish,Screenplay,Writing
2585,17578,146459,Steven Moffat,Screenplay,Writing
2586,307081,20907,Antoine Fuqua,Director,Directing
2587,307081,200043,Kurt Sutter,Writer,Writing
2588,60308,5345,Bennett Miller,Director,Directing
2589,60308,13520,Aaron Sorkin,Screenplay,Writing
2590,60308,2260,Steven Zaillian,Screenplay,Writing
2591,157353,559,Wally Pfister,Director,Directing
2592,157353,1155661,Jack Paglen,Writer,Writing
2593,8321,54472,Martin McDonagh,Director,Directing
2594,8321,54472,Martin McDonagh,Writer,Writing
2595,395834,1215399,Taylor Sheridan,Director,Directing
2596,395834,1215399,Taylor Sheridan,Writer,Writing
2597,480530,16483,Sylvester Stallone,Screenplay,Writing
2598,480530,1551545,Steven Caple Jr.,Director,Directing
2599,480530,1663692,Juel Taylor,Screenplay,Writing
2600,297,4178,Ron Osborn,Screenplay,Writing
2601,297,4179,Jeff Reno,Screenplay,Writing
2602,297,4180,Kevin Wade,Screenplay,Writing
2603,297,4181,Bo Goldman,Screenplay,Writing
2604,297,769,Martin Brest,Director,Directing
2605,6114,1776,Francis Ford Coppola,Director,Directing
2606,6114,10295,James V. Hart,Screenplay,Writing
2607,44264,1223,Joel Coen,Screenplay,Writing
2608,44264,1224,Ethan Coen,Director,Directing
2609,44264,1223,Joel Coen,Director,Directing
2610,44264,1224,Ethan Coen,Screenplay,Writing
2611,5548,10491,Paul Verhoeven,Director,Directing
2612,5548,7722,Edward Neumeier,Writer,Writing
2613,5548,44036,Michael Miner,Writer,Writing
2614,72559,91269,Paul Wernick,Writer,Writing
2615,72559,54507,Jon M. Chu,Director,Directing
2616,72559,7932,Rhett Reese,Writer,Writing
2617,377,5140,Wes Craven,Director,Directing
2618,377,5140,Wes Craven,Writer,Writing
2619,76726,934803,Josh Trank,Director,Directing
2620,76726,203285,Max Landis,Screenplay,Writing
2621,10009,61952,Aaron Blaise,Director,Directing
2622,10009,61950,Tab Murphy,Screenplay,Writing
2623,10009,61949,Robert Walker,Director,Directing
2624,10009,52872,Lorne Cameron,Screenplay,Writing
2625,10009,52873,David Hoselton,Screenplay,Writing
2626,10009,52695,Ron J. Friedman,Screenplay,Writing
2627,10009,52694,Steve Bencich,Screenplay,Writing
2628,225574,59521,Jaume Collet-Serra,Director,Directing
2629,225574,1211005,John W. Richardson,Screenplay,Writing
2630,225574,1211006,Christopher Roach,Screenplay,Writing
2631,225574,1325800,Ryan Engle,Screenplay,Writing
2632,879,488,Steven Spielberg,Director,Directing
2633,879,14693,Malia Scotch Marmo,Screenplay,Writing
2634,879,10295,James V. Hart,Screenplay,Writing
2635,10693,64864,Clyde Geronimi,Director,Directing
2636,10693,11434,Wilfred Jackson,Director,Directing
2637,10693,11429,Hamilton Luske,Director,Directing
2638,10693,5449,Ted Sears,Writer,Writing
2639,10693,64866,Erdman Penner,Writer,Writing
2640,37710,8193,Florian Henckel von Donnersmarck,Screenplay,Writing
2641,37710,9033,Christopher McQuarrie,Screenplay,Writing
2642,37710,8193,Florian Henckel von Donnersmarck,Director,Directing
2643,37710,10747,Julian Fellowes,Screenplay,Writing
2644,9509,893,Tony Scott,Director,Directing
2645,9509,4723,Brian Helgeland,Screenplay,Writing
2646,2109,11091,Brett Ratner,Director,Directing
2647,2109,21155,Jim Kouf,Screenplay,Writing
2648,2109,21634,Ross LaManna,Screenplay,Writing
2649,290859,55252,Tim Miller,Director,Directing
2650,290859,3893,David S. Goyer,Screenplay,Writing
2651,290859,113939,Justin Rhodes,Screenplay,Writing
2652,290859,21807,Billy Ray,Screenplay,Writing
2653,22803,37932,F. Gary Gray,Director,Directing
2654,22803,13927,Kurt Wimmer,Writer,Writing
2655,4523,15775,Kevin Lima,Director,Directing
2656,4523,1392461,Bill Kelly,Writer,Writing
2657,4523,12906,Rita Hsiao,Writer,Writing
2658,23168,880,Ben Affleck,Director,Directing
2659,23168,880,Ben Affleck,Screenplay,Writing
2660,23168,39386,Aaron Stockard,Screenplay,Writing
2661,23168,225633,Peter Craig,Screenplay,Writing
2662,559969,66633,Vince Gilligan,Writer,Writing
2663,559969,66633,Vince Gilligan,Director,Directing
2664,369972,136495,Damien Chazelle,Director,Directing
2665,369972,1219529,Josh Singer,Screenplay,Writing
2666,1991,138,Quentin Tarantino,Screenplay,Writing
2667,1991,138,Quentin Tarantino,Director,Directing
2668,567609,1039527,Tyler Gillett,Director,Directing
2669,567609,66681,Matt Bettinelli-Olpin,Director,Directing
2670,567609,1661850,Guy Busick,Writer,Writing
2671,567609,2448080,R. Christopher Murphy,Writer,Writing
2672,21208,59521,Jaume Collet-Serra,Director,Directing
2673,21208,142686,David Leslie Johnson-McGoldrick,Screenplay,Writing
2674,1562,17608,Rowan Joffé,Screenplay,Writing
2675,1562,17597,Juan Carlos Fresnadillo,Screenplay,Writing
2676,1562,17597,Juan Carlos Fresnadillo,Director,Directing
2677,1562,17609,Jesús Olmo,Screenplay,Writing
2678,1562,17603,Enrique López Lavigne,Screenplay,Writing
2679,10340,11429,Hamilton Luske,Director,Directing
2680,10340,64864,Clyde Geronimi,Director,Directing
2681,10340,11434,Wilfred Jackson,Director,Directing
2682,1581,17698,Nancy Meyers,Director,Directing
2683,1581,17698,Nancy Meyers,Writer,Writing
2684,11253,10828,Guillermo del Toro,Director,Directing
2685,11253,10828,Guillermo del Toro,Screenplay,Writing
2686,43347,9181,Edward Zwick,Director,Directing
2687,43347,1474332,Charles Randolph,Screenplay,Writing
2688,43347,9181,Edward Zwick,Screenplay,Writing
2689,43347,9182,Marshall Herskovitz,Screenplay,Writing
2690,107846,29605,Mikael Håfström,Director,Directing
2691,107846,133287,Jason Keller,Screenplay,Writing
2692,107846,1042683,Miles Chapman,Screenplay,Writing
2693,414,5572,Joel Schumacher,Director,Directing
2694,414,5575,Akiva Goldsman,Screenplay,Writing
2695,414,5574,Janet Scott Batchler,Screenplay,Writing
2696,414,5573,Lee Batchler,Screenplay,Writing
2697,9444,40345,Don Bluth,Director,Directing
2698,9444,65600,Noni White,Screenplay,Writing
2699,9444,58092,Susan Gauthier,Screenplay,Writing
2700,9444,12881,Gary Goldman,Director,Directing
2701,9444,65599,Bob Tzudiker,Screenplay,Writing
2702,9444,181904,Bruce Graham,Screenplay,Writing
2703,9444,12965,Tommy Swerdlow,Writer,Writing
2704,8078,2419,Jean-Pierre Jeunet,Director,Directing
2705,8078,12891,Joss Whedon,Writer,Writing
2706,503919,2169945,Max Eggers,Writer,Writing
2707,503919,138781,Robert Eggers,Writer,Writing
2708,503919,138781,Robert Eggers,Director,Directing
2709,2118,323,Curtis Hanson,Director,Directing
2710,2118,4723,Brian Helgeland,Screenplay,Writing
2711,2118,323,Curtis Hanson,Screenplay,Writing
2712,82695,933,William Nicholson,Screenplay,Writing
2713,82695,70500,Tom Hooper,Director,Directing
2714,82695,231710,Herbert Kretzmer,Writer,Writing
2715,82695,231709,Alain Boublil,Writer,Writing
2716,49049,2036,Alex Garland,Screenplay,Writing
2717,49049,43141,Pete Travis,Director,Directing
2718,6637,12962,Jon Turteltaub,Director,Directing
2719,6637,21158,Cormac Wibberley,Screenplay,Writing
2720,6637,21159,Marianne Wibberley,Screenplay,Writing
2721,311324,607,Zhang Yimou,Director,Directing
2722,311324,121479,Carlo Bernard,Screenplay,Writing
2723,311324,19242,Tony Gilroy,Screenplay,Writing
2724,311324,81203,Doug Miro,Screenplay,Writing
2725,792307,122423,Yorgos Lanthimos,Director,Directing
2726,792307,77723,Tony McNamara,Screenplay,Writing
2727,563,10491,Paul Verhoeven,Director,Directing
2728,563,7722,Edward Neumeier,Screenplay,Writing
2729,10096,17046,Gary Winick,Director,Directing
2730,10096,63352,Josh Goldsmith,Screenplay,Writing
2731,10096,63353,Cathy Yuspa,Screenplay,Writing
2732,10096,12906,Rita Hsiao,Writer,Writing
2733,353491,74752,Nikolaj Arcel,Director,Directing
2734,353491,74752,Nikolaj Arcel,Screenplay,Writing
2735,353491,1012,Anders Thomas Jensen,Screenplay,Writing
2736,353491,168309,Jeff Pinkner,Screenplay,Writing
2737,353491,5575,Akiva Goldsman,Screenplay,Writing
2738,308266,1394533,Stephen Chin,Writer,Writing
2739,308266,57130,Todd Phillips,Director,Directing
2740,308266,57130,Todd Phillips,Writer,Writing
2741,308266,1222279,Jason Smilovic,Writer,Writing
2742,345920,34050,Allan Loeb,Writer,Writing
2743,345920,5065,David Frankel,Director,Directing
2744,399404,36588,Joe Wright,Director,Directing
2745,399404,1041394,Anthony McCarten,Screenplay,Writing
2746,85350,564,Richard Linklater,Director,Directing
2747,85350,564,Richard Linklater,Writer,Writing
2748,634,9155,Helen Fielding,Screenplay,Writing
2749,634,9156,Andrew Davies,Screenplay,Writing
2750,634,7018,Richard Curtis,Screenplay,Writing
2751,634,9158,Sharon Maguire,Director,Directing
2752,254470,9281,Elizabeth Banks,Director,Directing
2753,254470,208664,Kay Cannon,Writer,Writing
2754,2667,26849,Daniel Myrick,Director,Directing
2755,2667,26849,Daniel Myrick,Writer,Writing
2756,2667,26850,Eduardo Sánchez,Director,Directing
2757,2667,26850,Eduardo Sánchez,Writer,Writing
2758,316727,53120,James DeMonaco,Director,Directing
2759,316727,53120,James DeMonaco,Writer,Writing
2760,7485,20907,Antoine Fuqua,Director,Directing
2761,7485,19241,Jonathan Lemkin,Screenplay,Writing
2762,49849,15345,Alex Kurtzman,Screenplay,Writing
2763,49849,15277,Jon Favreau,Director,Directing
2764,49849,15346,Roberto Orci,Screenplay,Writing
2765,49849,79207,Mark Fergus,Screenplay,Writing
2766,49849,79209,Hawk Ostby,Screenplay,Writing
2767,49849,28974,Damon Lindelof,Screenplay,Writing
2768,10882,64864,Clyde Geronimi,Director,Directing
2769,10882,64866,Erdman Penner,Screenplay,Writing
2770,9480,16837,Mark Steven Johnson,Director,Directing
2771,9480,16837,Mark Steven Johnson,Screenplay,Writing
2772,9836,20629,George Miller,Director,Directing
2773,9836,20629,George Miller,Writer,Writing
2774,9836,58063,Judy Morris,Writer,Writing
2775,9836,59767,Warren Coleman,Writer,Writing
2776,9836,55474,John Collee,Writer,Writing
2777,453405,1614,Ang Lee,Director,Directing
2778,453405,9813,David Benioff,Screenplay,Writing
2779,453405,582919,Darren Lemke,Screenplay,Writing
2780,453405,21807,Billy Ray,Screenplay,Writing
2781,23827,90591,Oren Peli,Director,Directing
2782,23827,90591,Oren Peli,Writer,Writing
2783,324849,144816,Chris McKay,Director,Directing
2784,324849,1246890,Chris McKenna,Screenplay,Writing
2785,324849,1492059,John Whittington,Screenplay,Writing
2786,324849,565491,Seth Grahame-Smith,Screenplay,Writing
2787,324849,1350918,Erik Sommers,Screenplay,Writing
2788,324849,89027,Jared Stern,Screenplay,Writing
2789,399174,5655,Wes Anderson,Director,Directing
2790,399174,5655,Wes Anderson,Screenplay,Writing
2791,4547,7467,David Fincher,Director,Directing
2792,4547,508,David Koepp,Screenplay,Writing
2793,613504,11873,Roger Kumble,Director,Directing
2794,613504,1664826,Anna Todd,Screenplay,Writing
2795,613504,2540911,Mario Celaya,Screenplay,Writing
2796,16996,58552,Burr Steers,Director,Directing
2797,16996,66211,Jason Filardi,Writer,Writing
2798,415,5572,Joel Schumacher,Director,Directing
2799,415,5575,Akiva Goldsman,Writer,Writing
2800,473033,129561,Josh Safdie,Director,Directing
2801,473033,227564,Benny Safdie,Director,Directing
2802,473033,129561,Josh Safdie,Writer,Writing
2803,473033,227565,Ronald Bronstein,Writer,Writing
2804,473033,227564,Benny Safdie,Writer,Writing
2805,9377,11505,John Hughes,Director,Directing
2806,9377,11505,John Hughes,Writer,Writing
2807,7443,7314,Nick Park,Director,Directing
2808,7443,53304,Peter Lord,Director,Directing
2809,7443,52845,Karey Kirkpatrick,Screenplay,Writing
2810,7443,7316,Mark Burton,Writer,Writing
2811,310307,54040,John Lee Hancock,Director,Directing
2812,310307,103041,Robert D. Siegel,Writer,Writing
2813,976573,21198,Peter Sohn,Director,Directing
2814,976573,1219225,John Hoberg,Screenplay,Writing
2815,976573,1212954,Kat Likkel,Screenplay,Writing
2816,976573,1222181,Brenda Hsueh,Screenplay,Writing
2817,524047,76422,Ric Roman Waugh,Director,Directing
2818,524047,95321,Chris Sparling,Writer,Writing
2819,1830,8685,Andrew Niccol,Director,Directing
2820,1830,8685,Andrew Niccol,Screenplay,Writing
2821,479455,37932,F. Gary Gray,Director,Directing
2822,479455,18873,Art Marcum,Screenplay,Writing
2823,479455,18875,Matt Holloway,Screenplay,Writing
2824,544,7398,John J. Strauss,Screenplay,Writing
2825,544,7397,Ed Decter,Screenplay,Writing
2826,544,7396,Peter Farrelly,Director,Directing
2827,544,7395,Bobby Farrelly,Director,Directing
2828,544,7395,Bobby Farrelly,Screenplay,Writing
2829,544,7396,Peter Farrelly,Screenplay,Writing
2830,10545,62047,Gary Trousdale,Director,Directing
2831,10545,7933,Jonathan Roberts,Screenplay,Writing
2832,10545,65600,Noni White,Screenplay,Writing
2833,10545,56041,Irene Mecchi,Screenplay,Writing
2834,10545,61950,Tab Murphy,Screenplay,Writing
2835,10545,65599,Bob Tzudiker,Screenplay,Writing
2836,10545,62048,Kirk Wise,Director,Directing
2837,268896,1257144,T.S. Nowlin,Writer,Writing
2838,268896,1213074,Steven S. DeKnight,Writer,Writing
2839,268896,1188564,Emily Carmichael,Writer,Writing
2840,268896,1582519,Kira Snyder,Writer,Writing
2841,268896,1213074,Steven S. DeKnight,Director,Directing
2842,76285,109857,Thor Freudenthal,Director,Directing
2843,76285,171830,Marc Guggenheim,Screenplay,Writing
2844,10112,57334,Ken Anderson,Screenplay,Writing
2845,10112,63646,Frank Thomas,Screenplay,Writing
2846,10112,57335,Vance Gerry,Screenplay,Writing
2847,10112,63647,Eric Cleworth,Screenplay,Writing
2848,10112,63648,Julius Svendsen,Screenplay,Writing
2849,10112,148822,Ralph Wright,Screenplay,Writing
2850,10112,57314,Wolfgang Reitherman,Director,Directing
2851,10112,57332,Larry Clemmons,Screenplay,Writing
2852,343611,9181,Edward Zwick,Director,Directing
2853,343611,9181,Edward Zwick,Screenplay,Writing
2854,343611,22814,Richard Wenk,Screenplay,Writing
2855,343611,9182,Marshall Herskovitz,Screenplay,Writing
2856,504172,190,Clint Eastwood,Director,Directing
2857,504172,74315,Nick Schenk,Screenplay,Writing
2858,320,944480,Hillary Seitz,Screenplay,Writing
2859,320,525,Christopher Nolan,Director,Directing
2860,138103,143059,Patrick Hughes,Director,Directing
2861,138103,1065351,Katrin Benedikt,Screenplay,Writing
2862,138103,16483,Sylvester Stallone,Screenplay,Writing
2863,138103,1065352,Creighton Rothenberger,Screenplay,Writing
2864,447200,57633,Rawson Marshall Thurber,Director,Directing
2865,447200,57633,Rawson Marshall Thurber,Screenplay,Writing
2866,454,6201,Baz Luhrmann,Screenplay,Writing
2867,454,6211,Craig Pearce,Screenplay,Writing
2868,454,6201,Baz Luhrmann,Director,Directing
2869,1491,17329,Neil Burger,Screenplay,Writing
2870,1491,17329,Neil Burger,Director,Directing
2871,2770,7409,J.B. Rogers,Director,Directing
2872,2770,21584,Adam Herz,Screenplay,Writing
2873,332567,129607,Anthony Jaswinski,Screenplay,Writing
2874,332567,59521,Jaume Collet-Serra,Director,Directing
2875,1265,36697,Gábor Csupó,Director,Directing
2876,1265,36698,Jeff Stockwell,Screenplay,Writing
2877,1265,54488,David Paterson,Screenplay,Writing
2878,7551,893,Tony Scott,Director,Directing
2879,7551,1706,Terry Rossio,Screenplay,Writing
2880,7551,52927,Bill Marsilii,Screenplay,Writing
2881,667538,3072850,Darnell Metayer,Screenplay,Writing
2882,667538,112947,Erich Hoeber,Screenplay,Writing
2883,667538,112948,Jon Hoeber,Screenplay,Writing
2884,667538,3072852,Josh Peters,Screenplay,Writing
2885,667538,74569,Joby Harold,Screenplay,Writing
2886,667538,1551545,Steven Caple Jr.,Director,Directing
2887,5559,44113,Steve Hickner,Director,Directing
2888,5559,44114,Simon J. Smith,Director,Directing
2889,5559,16377,Jerry Seinfeld,Writer,Writing
2890,5559,44115,Spike Feresten,Writer,Writing
2891,5559,44116,Barry Marder,Writer,Writing
2892,5559,44117,Andy Robin,Writer,Writing
2893,11774,11887,Brad Silberling,Director,Directing
2894,11774,41386,Robert Gordon,Screenplay,Writing
2895,11360,11426,Ben Sharpsteen,Director,Directing
2896,11360,69133,Joe Grant,Screenplay,Writing
2897,11360,69134,Dick Huemer,Screenplay,Writing
2898,11360,74565,Jack Kinney,Director,Directing
2899,11360,11427,Bill Roberts,Director,Directing
2900,11360,11434,Wilfred Jackson,Director,Directing
2901,11360,5691,Samuel Armstrong,Director,Directing
2902,11360,226599,Norman Ferguson,Director,Directing
2903,27022,81203,Doug Miro,Screenplay,Writing
2904,27022,12962,Jon Turteltaub,Director,Directing
2905,27022,121479,Carlo Bernard,Screenplay,Writing
2906,27022,2103,Mark Rosenthal,Writer,Writing
2907,27022,60212,Matt Lopez,Writer,Writing
2908,27022,2100,Lawrence Konner,Writer,Writing
2909,1700,348,William Goldman,Screenplay,Writing
2910,1700,3026,Rob Reiner,Director,Directing
2911,4944,1224,Ethan Coen,Director,Directing
2912,4944,1223,Joel Coen,Director,Directing
2913,4944,1223,Joel Coen,Writer,Writing
2914,4944,1224,Ethan Coen,Writer,Writing
2915,4248,9562,Marlon Wayans,Screenplay,Writing
2916,4248,35741,Alyson Fouse,Screenplay,Writing
2917,4248,35748,Michael Anthony Snowden,Screenplay,Writing
2918,4248,35689,Keenen Ivory Wayans,Director,Directing
2919,4248,35690,Shawn Wayans,Screenplay,Writing
2920,4248,35751,Craig Wayans,Screenplay,Writing
2921,4248,35744,Greg Grabianski,Screenplay,Writing
2922,4248,35746,Dave Polsky,Screenplay,Writing
2923,9880,1201,Garry Marshall,Director,Directing
2924,9880,59972,Gina Wendkos,Screenplay,Writing
2925,431,5880,André Bijelic,Screenplay,Writing
2926,431,5877,Vincenzo Natali,Screenplay,Writing
2927,431,5877,Vincenzo Natali,Director,Directing
2928,431,5883,Graeme Manson,Screenplay,Writing
2929,36586,3893,David S. Goyer,Writer,Writing
2930,36586,10828,Guillermo del Toro,Director,Directing
2931,338762,115033,Eric Heisserer,Screenplay,Writing
2932,338762,55075,Jeff Wadlow,Screenplay,Writing
2933,338762,1773871,David S. F. Wilson,Director,Directing
2934,81005,582919,Darren Lemke,Screenplay,Writing
2935,81005,9033,Christopher McQuarrie,Screenplay,Writing
2936,81005,9032,Bryan Singer,Director,Directing
2937,81005,86266,Dan Studney,Screenplay,Writing
2938,201085,10828,Guillermo del Toro,Director,Directing
2939,201085,10828,Guillermo del Toro,Writer,Writing
2940,201085,12677,Matthew Robbins,Writer,Writing
2941,253412,67813,Baltasar Kormákur,Director,Directing
2942,253412,57631,Simon Beaufoy,Screenplay,Writing
2943,253412,933,William Nicholson,Screenplay,Writing
2944,9802,865,Michael Bay,Director,Directing
2945,9802,24049,David Weisberg,Screenplay,Writing
2946,9802,59331,Douglas S. Cook,Screenplay,Writing
2947,9802,59332,Mark Rosner,Screenplay,Writing
2948,9802,876,Jonathan Hensleigh,Screenplay,Writing
2949,615,2461,Mel Gibson,Screenplay,Writing
2950,615,8746,Benedict Fitzgerald,Screenplay,Writing
2951,615,2461,Mel Gibson,Director,Directing
2952,274855,8676,Dean Devlin,Director,Directing
2953,274855,8676,Dean Devlin,Writer,Writing
2954,274855,1328415,Paul Guyot,Writer,Writing
2955,9740,1255,David Mamet,Screenplay,Writing
2956,9740,2260,Steven Zaillian,Screenplay,Writing
2957,9740,578,Ridley Scott,Director,Directing
2958,97367,139098,Derek Cianfrance,Screenplay,Writing
2959,97367,1076793,Darius Marder,Screenplay,Writing
2960,97367,132973,Ben Coccio,Screenplay,Writing
2961,97367,139098,Derek Cianfrance,Director,Directing
2962,428078,1419579,Christian Rivers,Director,Directing
2963,428078,108,Peter Jackson,Screenplay,Writing
2964,428078,128,Philippa Boyens,Screenplay,Writing
2965,428078,126,Fran Walsh,Screenplay,Writing
2966,575264,9033,Christopher McQuarrie,Writer,Writing
2967,575264,33312,Erik Jendresen,Writer,Writing
2968,575264,9033,Christopher McQuarrie,Director,Directing
2969,298312,11614,M. Night Shyamalan,Director,Directing
2970,298312,11614,M. Night Shyamalan,Writer,Writing
2971,509967,91269,Paul Wernick,Writer,Writing
2972,509967,7932,Rhett Reese,Writer,Writing
2973,509967,865,Michael Bay,Director,Directing
2974,425909,57193,Gil Kenan,Writer,Writing
2975,425909,52443,Jason Reitman,Writer,Writing
2976,425909,52443,Jason Reitman,Director,Directing
2977,693,10385,Jim Herzfeld,Screenplay,Writing
2978,693,6737,Jay Roach,Director,Directing
2979,693,17871,John Hamburg,Screenplay,Writing
2980,88751,9622,Eric Brevig,Director,Directing
2981,88751,66218,Jennifer Flackett,Screenplay,Writing
2982,88751,66219,Mark Levin,Screenplay,Writing
2983,88751,33287,Michael D. Weiss,Screenplay,Writing
2984,346910,1108,Shane Black,Director,Directing
2985,346910,1108,Shane Black,Writer,Writing
2986,346910,44056,Fred Dekker,Writer,Writing
2987,10865,62047,Gary Trousdale,Director,Directing
2988,10865,62048,Kirk Wise,Director,Directing
2989,10865,61950,Tab Murphy,Screenplay,Writing
2990,286565,77950,Scott Neustadter,Screenplay,Writing
2991,286565,77951,Michael H. Weber,Screenplay,Writing
2992,286565,836732,Jake Schreier,Director,Directing
2993,2493,3026,Rob Reiner,Director,Directing
2994,2493,348,William Goldman,Screenplay,Writing
2995,792,1152,Oliver Stone,Director,Directing
2996,792,1152,Oliver Stone,Writer,Writing
2997,1061474,15218,James Gunn,Writer,Writing
2998,1061474,15218,James Gunn,Director,Directing
2999,109428,932248,Fede Álvarez,Director,Directing
3000,109428,932248,Fede Álvarez,Screenplay,Writing
3001,109428,1046225,Rodo Sayagues,Screenplay,Writing
3002,338953,10966,J.K. Rowling,Screenplay,Writing
3003,338953,10967,Steve Kloves,Screenplay,Writing
3004,338953,11343,David Yates,Director,Directing
3005,117251,6046,Roland Emmerich,Director,Directing
3006,117251,20204,James Vanderbilt,Writer,Writing
3007,639933,138781,Robert Eggers,Director,Directing
3008,639933,138781,Robert Eggers,Writer,Writing
3009,639933,106200,Sjón,Writer,Writing
3010,267860,54868,Christian Gudegast,Screenplay,Writing
3011,267860,1065351,Katrin Benedikt,Screenplay,Writing
3012,267860,1065352,Creighton Rothenberger,Screenplay,Writing
3013,267860,132239,Babak Najafi,Director,Directing
3014,267860,935203,Chad St. John,Screenplay,Writing
3015,583083,1066705,Vince Marcello,Screenplay,Writing
3016,583083,1063460,Jay Arnold,Screenplay,Writing
3017,583083,1066705,Vince Marcello,Director,Directing
3018,23629,15217,Zack Snyder,Director,Directing
3019,23629,15217,Zack Snyder,Screenplay,Writing
3020,23629,563350,Steve Shibuya,Screenplay,Writing
3021,813,12936,Jim Abrahams,Director,Directing
3022,813,12987,David Zucker,Director,Directing
3023,813,3415,Jerry Zucker,Director,Directing
3024,813,12936,Jim Abrahams,Writer,Writing
3025,813,12987,David Zucker,Writer,Writing
3026,813,3415,Jerry Zucker,Writer,Writing
3027,298618,1113116,Andy Muschietti,Director,Directing
3028,298618,1448221,Christina Hodson,Screenplay,Writing
3029,476669,957,Matthew Vaughn,Director,Directing
3030,476669,957,Matthew Vaughn,Screenplay,Writing
3031,476669,99411,Karl Gajdusek,Screenplay,Writing
3032,500664,2128,Leigh Whannell,Director,Directing
3033,500664,2128,Leigh Whannell,Writer,Writing
3034,941,1108,Shane Black,Screenplay,Writing
3035,941,7187,Richard Donner,Director,Directing
3036,522681,1306608,Adam Robitel,Director,Directing
3037,522681,143550,Bragi F. Schut,Screenplay,Writing
3038,522681,1851664,Maria Melnik,Screenplay,Writing
3039,507089,2103746,Emma Tammi,Director,Directing
3040,507089,2103746,Emma Tammi,Screenplay,Writing
3041,507089,1292135,Seth Cuddeback,Screenplay,Writing
3042,507089,2125615,Scott Cawthon,Screenplay,Writing
3043,424139,64141,David Gordon Green,Director,Directing
3044,424139,64141,David Gordon Green,Screenplay,Writing
3045,424139,62862,Danny McBride,Screenplay,Writing
3046,424139,2010039,Jeff Fradley,Writer,Writing
3047,7299,13927,Kurt Wimmer,Director,Directing
3048,7299,13927,Kurt Wimmer,Screenplay,Writing
3049,2907,1901,Caroline Thompson,Screenplay,Writing
3050,2907,5174,Barry Sonnenfeld,Director,Directing
3051,2907,29529,Larry Wilson,Screenplay,Writing
3052,1495,578,Ridley Scott,Director,Directing
3053,1495,34510,William Monahan,Screenplay,Writing
3054,9428,5655,Wes Anderson,Writer,Writing
3055,9428,5655,Wes Anderson,Director,Directing
3056,9428,887,Owen Wilson,Writer,Writing
3057,8065,37933,Peter Steinfeld,Screenplay,Writing
3058,8065,36797,Robert Luketic,Director,Directing
3059,8065,34050,Allan Loeb,Screenplay,Writing
3060,1878,280,Terry Gilliam,Director,Directing
3061,1878,280,Terry Gilliam,Screenplay,Writing
3062,1878,943964,Tod Davies,Screenplay,Writing
3063,1878,19725,Tony Grisoni,Screenplay,Writing
3064,1878,31493,Alex Cox,Screenplay,Writing
3065,1427,673,Bernd Eichinger,Screenplay,Writing
3066,1427,1071,Tom Tykwer,Director,Directing
3067,1427,1071,Tom Tykwer,Screenplay,Writing
3068,1427,2355,Andrew Birkin,Screenplay,Writing
3069,686,24,Robert Zemeckis,Director,Directing
3070,686,10296,Michael Goldenberg,Screenplay,Writing
3071,686,10295,James V. Hart,Screenplay,Writing
3072,290595,1454884,Cedric Nicolas-Troyan,Director,Directing
3073,290595,35796,Craig Mazin,Writer,Writing
3074,290595,80675,Evan Spiliotopoulos,Writer,Writing
3075,59440,77003,Gavin O'Connor,Screenplay,Writing
3076,59440,589613,Anthony Tambakis,Screenplay,Writing
3077,59440,77003,Gavin O'Connor,Director,Directing
3078,59440,181550,Cliff Dorfman,Screenplay,Writing
3079,20662,578,Ridley Scott,Director,Directing
3080,20662,4723,Brian Helgeland,Screenplay,Writing
3081,411088,1051305,Oriol Paulo,Screenplay,Writing
3082,411088,1051305,Oriol Paulo,Director,Directing
3083,46529,40256,D.J. Caruso,Director,Directing
3084,46529,18923,Miles Millar,Screenplay,Writing
3085,46529,18924,Alfred Gough,Screenplay,Writing
3086,46529,149495,Marti Noxon,Screenplay,Writing
3087,34544,40223,Joe Carnahan,Director,Directing
3088,34544,18185,Skip Woods,Screenplay,Writing
3089,34544,40223,Joe Carnahan,Screenplay,Writing
3090,34544,4753,Brian Bloom,Screenplay,Writing
3091,337170,11694,Doug Liman,Director,Directing
3092,337170,1031259,Gary Spinelli,Writer,Writing
3093,433,5837,Don DaGradi,Screenplay,Writing
3094,433,5834,Robert Stevenson,Director,Directing
3095,433,5836,Bill Walsh,Screenplay,Writing
3096,15512,65630,Rob Letterman,Director,Directing
3097,15512,65630,Rob Letterman,Screenplay,Writing
3098,15512,12080,Conrad Vernon,Director,Directing
3099,15512,67360,Maya Forbes,Screenplay,Writing
3100,15512,486,Wallace Wolodarsky,Screenplay,Writing
3101,15512,57744,Jonathan Aibel,Screenplay,Writing
3102,15512,57743,Glenn Berger,Screenplay,Writing
3103,696806,1274663,Jonathan Tropper,Writer,Writing
3104,696806,1257144,T.S. Nowlin,Screenplay,Writing
3105,696806,66219,Mark Levin,Screenplay,Writing
3106,696806,66218,Jennifer Flackett,Screenplay,Writing
3107,696806,17825,Shawn Levy,Director,Directing
3108,395,4014,Paul W. S. Anderson,Director,Directing
3109,395,4014,Paul W. S. Anderson,Writer,Writing
3110,9426,224,David Cronenberg,Director,Directing
3111,9426,224,David Cronenberg,Screenplay,Writing
3112,9426,56058,Charles Edward Pogue,Screenplay,Writing
3113,786892,20629,George Miller,Writer,Writing
3114,786892,1027146,Nico Lathouris,Writer,Writing
3115,786892,20629,George Miller,Director,Directing
3116,504608,974,Dexter Fletcher,Director,Directing
3117,504608,470,Lee Hall,Writer,Writing
3118,762504,291263,Jordan Peele,Writer,Writing
3119,762504,291263,Jordan Peele,Director,Directing
3120,9659,20629,George Miller,Director,Directing
3121,9659,58407,James McCausland,Screenplay,Writing
3122,9659,20629,George Miller,Screenplay,Writing
3123,41630,8858,Ivan Reitman,Director,Directing
3124,41630,513378,Elizabeth Meriwether,Screenplay,Writing
3125,33,190,Clint Eastwood,Director,Directing
3126,33,7191,David Webb Peoples,Writer,Writing
3127,214,2675,Darren Lynn Bousman,Director,Directing
3128,214,2128,Leigh Whannell,Screenplay,Writing
3129,7980,126,Fran Walsh,Screenplay,Writing
3130,7980,108,Peter Jackson,Screenplay,Writing
3131,7980,108,Peter Jackson,Director,Directing
3132,7980,128,Philippa Boyens,Screenplay,Writing
3133,9398,7399,Ben Stiller,Director,Directing
3134,9398,57603,Drake Sather,Screenplay,Writing
3135,9398,7399,Ben Stiller,Screenplay,Writing
3136,9398,17871,John Hamburg,Screenplay,Writing
3137,588,8296,Christophe Gans,Director,Directing
3138,588,8297,Roger Avary,Writer,Writing
3139,583,10707,Terry Jones,Director,Directing
3140,583,10722,Graham Chapman,Screenplay,Writing
3141,583,8930,John Cleese,Screenplay,Writing
3142,583,280,Terry Gilliam,Screenplay,Writing
3143,583,10713,Eric Idle,Screenplay,Writing
3144,583,10707,Terry Jones,Screenplay,Writing
3145,583,383,Michael Palin,Screenplay,Writing
3146,38050,1921,George Nolfi,Director,Directing
3147,38050,1921,George Nolfi,Screenplay,Writing
3148,52449,84417,Lee Eisenberg,Screenplay,Writing
3149,52449,84416,Gene Stupnitsky,Screenplay,Writing
3150,52449,51851,Jake Kasdan,Director,Directing
3151,9928,5713,Chris Wedge,Director,Directing
3152,9928,23766,David Lindsay-Abaire,Screenplay,Writing
3153,9928,27518,Lowell Ganz,Screenplay,Writing
3154,9928,27519,Babaloo Mandel,Screenplay,Writing
3155,8839,11887,Brad Silberling,Director,Directing
3156,8839,56055,Deanna Oliver,Writer,Writing
3157,8839,56054,Sherri Stoner,Writer,Writing
3158,7451,53345,Rich Wilkes,Screenplay,Writing
3159,7451,18878,Rob Cohen,Director,Directing
3160,3021,7131,Larry Karaszewski,Screenplay,Writing
3161,3021,29606,Matt Greenberg,Screenplay,Writing
3162,3021,29605,Mikael Håfström,Director,Directing
3163,3021,7130,Scott Alexander,Screenplay,Writing
3164,1585,2662,Frank Capra,Director,Directing
3165,1585,2662,Frank Capra,Screenplay,Writing
3166,1585,26160,Albert Hackett,Screenplay,Writing
3167,1585,26159,Frances Goodrich,Screenplay,Writing
3168,501170,551463,Mike Flanagan,Director,Directing
3169,501170,551463,Mike Flanagan,Screenplay,Writing
3170,335,4385,Sergio Leone,Director,Directing
3171,335,5555,Sergio Donati,Screenplay,Writing
3172,335,4385,Sergio Leone,Screenplay,Writing
3173,37834,366,James Mangold,Director,Directing
3174,37834,21066,Patrick O'Neill,Writer,Writing
3175,14869,7775,Stephen Sommers,Director,Directing
3176,14869,1707,Stuart Beattie,Screenplay,Writing
3177,14869,34672,David Elliot,Screenplay,Writing
3178,14869,84768,Paul Lovett,Screenplay,Writing
3179,296524,36602,Peter Berg,Director,Directing
3180,296524,36603,Matthew Michael Carnahan,Screenplay,Writing
3181,296524,112014,Matthew Sand,Screenplay,Writing
3182,9023,12079,Kelly Asbury,Director,Directing
3183,9023,20801,John Fusco,Screenplay,Writing
3184,9023,56660,Lorna Cook,Director,Directing
3185,9023,71486,Michael Lucker,Screenplay,Writing
3186,446354,1774411,Liz Hannah,Writer,Writing
3187,446354,1219529,Josh Singer,Writer,Writing
3188,446354,488,Steven Spielberg,Director,Directing
3189,631843,11614,M. Night Shyamalan,Screenplay,Writing
3190,631843,11614,M. Night Shyamalan,Director,Directing
3191,9679,58498,Dominic Sena,Director,Directing
3192,9679,3228,Scott Rosenberg,Screenplay,Writing
3193,17979,24,Robert Zemeckis,Director,Directing
3194,17979,24,Robert Zemeckis,Screenplay,Writing
3195,8329,54525,Jaume Balagueró,Director,Directing
3196,8329,54526,Paco Plaza,Screenplay,Writing
3197,8329,54526,Paco Plaza,Director,Directing
3198,8329,54525,Jaume Balagueró,Screenplay,Writing
3199,8329,586103,Luiso Berdejo,Screenplay,Writing
3200,97630,14392,Kathryn Bigelow,Director,Directing
3201,97630,51686,Mark Boal,Writer,Writing
3202,278154,5715,Michael J. Wilson,Screenplay,Writing
3203,278154,5716,Michael Berg,Screenplay,Writing
3204,278154,967321,Yoni Brenner,Screenplay,Writing
3205,278154,229962,Michael Thurmeier,Director,Directing
3206,9358,20219,J. Mackye Gruber,Screenplay,Writing
3207,9358,20218,Eric Bress,Screenplay,Writing
3208,9358,4755,David R. Ellis,Director,Directing
3209,338766,3055,David Mackenzie,Director,Directing
3210,338766,1215399,Taylor Sheridan,Writer,Writing
3211,9366,10723,Mike Newell,Director,Directing
3212,9366,45543,Paul Attanasio,Screenplay,Writing
3213,7518,52845,Karey Kirkpatrick,Screenplay,Writing
3214,7518,52872,Lorne Cameron,Screenplay,Writing
3215,7518,52871,Len Blum,Screenplay,Writing
3216,7518,52873,David Hoselton,Screenplay,Writing
3217,7518,52845,Karey Kirkpatrick,Director,Directing
3218,7518,52870,Tim Johnson,Director,Directing
3219,2978,1524,Harold Ramis,Screenplay,Writing
3220,2978,707,Dan Aykroyd,Screenplay,Writing
3221,2978,8858,Ivan Reitman,Director,Directing
3222,536554,1327476,Akela Cooper,Screenplay,Writing
3223,536554,1288796,Gerard Johnstone,Director,Directing
3224,1233413,1056121,Ryan Coogler,Writer,Writing
3225,1233413,1056121,Ryan Coogler,Director,Directing
3226,11322,638,Michael Mann,Director,Directing
3227,11322,17815,Ann Biderman,Screenplay,Writing
3228,11322,84665,Ronan Bennett,Screenplay,Writing
3229,11322,638,Michael Mann,Screenplay,Writing
3230,11216,65314,Giuseppe Tornatore,Director,Directing
3231,11216,65314,Giuseppe Tornatore,Screenplay,Writing
3232,11216,3778372,Vanna Paoli,Writer,Writing
3233,376570,551463,Mike Flanagan,Writer,Writing
3234,376570,551463,Mike Flanagan,Director,Directing
3235,376570,932076,Kate Siegel,Writer,Writing
3236,147441,578,Ridley Scott,Director,Directing
3237,147441,59266,Bill Collage,Screenplay,Writing
3238,147441,2260,Steven Zaillian,Screenplay,Writing
3239,147441,59265,Adam Cooper,Screenplay,Writing
3240,147441,10704,Jeffrey Caine,Screenplay,Writing
3241,824,6201,Baz Luhrmann,Director,Directing
3242,824,6201,Baz Luhrmann,Writer,Writing
3243,824,6211,Craig Pearce,Writer,Writing
3244,152584,17458,Abdellatif Kechiche,Screenplay,Writing
3245,152584,1066722,Ghalya Lacroix,Screenplay,Writing
3246,152584,17458,Abdellatif Kechiche,Director,Directing
3247,1374,16483,Sylvester Stallone,Director,Directing
3248,1374,16483,Sylvester Stallone,Writer,Writing
3249,12429,608,Hayao Miyazaki,Director,Directing
3250,12429,608,Hayao Miyazaki,Writer,Writing
3251,547016,71947,Gina Prince-Bythewood,Director,Directing
3252,547016,113914,Greg Rucka,Screenplay,Writing
3253,526896,125738,Daniel Espinosa,Director,Directing
3254,526896,1167472,Matt Sazama,Screenplay,Writing
3255,526896,1167473,Burk Sharpless,Screenplay,Writing
3256,2268,3288,Chris Weitz,Screenplay,Writing
3257,2268,3288,Chris Weitz,Director,Directing
3258,1367,16483,Sylvester Stallone,Director,Directing
3259,1367,16483,Sylvester Stallone,Screenplay,Writing
3260,2787,63921,Ken Wheat,Screenplay,Writing
3261,2787,63920,Jim Wheat,Screenplay,Writing
3262,2787,28239,David Twohy,Director,Directing
3263,2787,28239,David Twohy,Screenplay,Writing
3264,103663,4453,Thomas Vinterberg,Director,Directing
3265,103663,4453,Thomas Vinterberg,Screenplay,Writing
3266,103663,141883,Tobias Lindholm,Screenplay,Writing
3267,10830,518,Danny DeVito,Director,Directing
3268,10830,20213,Nicholas Kazan,Screenplay,Writing
3269,10830,19852,Robin Swicord,Screenplay,Writing
3270,1735,18878,Rob Cohen,Director,Directing
3271,1735,18924,Alfred Gough,Writer,Writing
3272,1735,18923,Miles Millar,Writer,Writing
3273,149,1677,Izo Hashimoto,Screenplay,Writing
3274,149,185,Katsuhiro Otomo,Director,Directing
3275,149,185,Katsuhiro Otomo,Screenplay,Writing
3276,5503,12989,Andrew Davis,Director,Directing
3277,5503,7671,Jeb Stuart,Screenplay,Writing
3278,5503,28239,David Twohy,Screenplay,Writing
3279,492,5953,Spike Jonze,Director,Directing
3280,492,202,Charlie Kaufman,Writer,Writing
3281,134374,5551,Christopher Markus,Screenplay,Writing
3282,134374,5552,Stephen McFeely,Screenplay,Writing
3283,134374,865,Michael Bay,Director,Directing
3284,9603,57434,Amy Heckerling,Director,Directing
3285,9603,57434,Amy Heckerling,Writer,Writing
3286,514999,20204,James Vanderbilt,Screenplay,Writing
3287,514999,1254001,Kyle Newacheck,Director,Directing
3288,369885,23227,Steven Knight,Writer,Writing
3289,369885,24,Robert Zemeckis,Director,Directing
3290,1577,17649,Alexander Witt,Director,Directing
3291,1577,4014,Paul W. S. Anderson,Writer,Writing
3292,438695,52842,Garth Jennings,Writer,Writing
3293,438695,52842,Garth Jennings,Director,Directing
3294,14306,2199,Scott Frank,Screenplay,Writing
3295,14306,5065,David Frankel,Director,Directing
3296,14306,57579,Don Roos,Screenplay,Writing
3297,9637,1215,Raja Gosnell,Director,Directing
3298,9637,15218,James Gunn,Screenplay,Writing
3299,279,3974,Miloš Forman,Director,Directing
3300,279,3975,Peter Shaffer,Screenplay,Writing
3301,4233,5140,Wes Craven,Director,Directing
3302,4233,26458,Kevin Williamson,Screenplay,Writing
3303,1578,1032,Martin Scorsese,Director,Directing
3304,1578,1035,Paul Schrader,Screenplay,Writing
3305,1578,2554,Mardik Martin,Screenplay,Writing
3306,10947,65310,Kenny Ortega,Director,Directing
3307,10947,40254,Peter Barsocchini,Screenplay,Writing
3308,193756,36602,Peter Berg,Writer,Writing
3309,193756,36602,Peter Berg,Director,Directing
3310,397243,135113,André Øvredal,Director,Directing
3311,397243,1247264,Ian B. Goldberg,Screenplay,Writing
3312,397243,1661846,Richard Naing,Screenplay,Writing
3313,49046,1684737,Lesley Paterson,Screenplay,Writing
3314,49046,1684738,Ian Stokell,Screenplay,Writing
3315,49046,221522,Edward Berger,Screenplay,Writing
3316,49046,221522,Edward Berger,Director,Directing
3317,9602,57327,David Sheffield,Screenplay,Writing
3318,9602,4610,John Landis,Director,Directing
3319,9602,57328,Barry W. Blaustein,Screenplay,Writing
3320,8916,3288,Chris Weitz,Screenplay,Writing
3321,8916,18863,Eric Darnell,Director,Directing
3322,8916,3289,Paul Weitz,Screenplay,Writing
3323,8916,52870,Tim Johnson,Director,Directing
3324,8916,56268,Todd Alcott,Screenplay,Writing
3325,493529,186654,Michael Gilio,Screenplay,Writing
3326,493529,52935,John Francis Daley,Director,Directing
3327,493529,1236679,Jonathan Goldstein,Director,Directing
3328,493529,52935,John Francis Daley,Screenplay,Writing
3329,493529,1236679,Jonathan Goldstein,Screenplay,Writing
3330,1885,16513,John G. Avildsen,Director,Directing
3331,1885,61,Robert Mark Kamen,Writer,Writing
3332,6477,49903,Tim Hill,Director,Directing
3333,6477,49904,Will McRobb,Screenplay,Writing
3334,6477,49905,Chris Viscardi,Screenplay,Writing
3335,6477,239,Jon Vitti,Screenplay,Writing
3336,785084,6431,Darren Aronofsky,Director,Directing
3337,785084,2932477,Samuel D. Hunter,Screenplay,Writing
3338,1701,12786,Simon West,Director,Directing
3339,1701,3228,Scott Rosenberg,Screenplay,Writing
3340,9533,11091,Brett Ratner,Director,Directing
3341,9533,57862,Ted Tally,Screenplay,Writing
3342,823464,98631,Adam Wingard,Director,Directing
3343,823464,1706,Terry Rossio,Screenplay,Writing
3344,823464,83858,Simon Barrett,Screenplay,Writing
3345,823464,1147923,Jeremy Slater,Screenplay,Writing
3346,391,4385,Sergio Leone,Director,Directing
3347,391,16319,Víctor Andrés Catena,Screenplay,Writing
3348,391,16320,Jaime Comas Gil,Screenplay,Writing
3349,391,4385,Sergio Leone,Screenplay,Writing
3350,391,49892,Fernando Di Leo,Screenplay,Writing
3351,391,99511,Duccio Tessari,Screenplay,Writing
3352,391,57639,Tonino Valerii,Screenplay,Writing
3353,45317,17883,David O. Russell,Director,Directing
3354,45317,86525,Paul Tamasy,Screenplay,Writing
3355,45317,324,Scott Silver,Screenplay,Writing
3356,45317,132983,Eric Johnson,Screenplay,Writing
3357,9522,42994,David Dobkin,Director,Directing
3358,9522,57820,Steve Faber,Writer,Writing
3359,9522,57821,Bob Fisher,Writer,Writing
3360,76,564,Richard Linklater,Director,Directing
3361,76,568,Kim Krizan,Writer,Writing
3362,76,564,Richard Linklater,Writer,Writing
3363,840,488,Steven Spielberg,Writer,Writing
3364,840,488,Steven Spielberg,Director,Directing
3365,109418,17494,Dennis Dugan,Director,Directing
3366,109418,56728,Tim Herlihy,Writer,Writing
3367,109418,19292,Adam Sandler,Writer,Writing
3368,109418,66563,Fred Wolf,Writer,Writing
3369,4347,12952,Christopher Hampton,Screenplay,Writing
3370,4347,36588,Joe Wright,Director,Directing
3371,133805,2836,Kimberly Peirce,Director,Directing
3372,133805,1098032,Roberto Aguirre-Sacasa,Screenplay,Writing
3373,133805,27767,Lawrence D. Cohen,Screenplay,Writing
3374,1907,2034,Danny Boyle,Director,Directing
3375,1907,8999,John Hodge,Screenplay,Writing
3376,581,1269,Kevin Costner,Director,Directing
3377,581,7844,Michael Blake,Screenplay,Writing
3378,136797,293911,Scott Waugh,Director,Directing
3379,136797,968453,George Gatins,Screenplay,Writing
3380,71552,68843,Jon Hurwitz,Director,Directing
3381,71552,68844,Hayden Schlossberg,Director,Directing
3382,71552,68843,Jon Hurwitz,Screenplay,Writing
3383,71552,68844,Hayden Schlossberg,Screenplay,Writing
3384,400155,185438,Genndy Tartakovsky,Director,Directing
3385,400155,185438,Genndy Tartakovsky,Writer,Writing
3386,400155,14172,Michael McCullers,Writer,Writing
3387,508965,2221826,Zach Lewis,Screenplay,Writing
3388,508965,1989568,Jim Mahoney,Screenplay,Writing
3389,508965,124749,Sergio Pablos,Screenplay,Writing
3390,508965,124749,Sergio Pablos,Director,Directing
3391,1903,11649,Cameron Crowe,Screenplay,Writing
3392,1903,11649,Cameron Crowe,Director,Directing
3393,985939,90812,Scott Mann,Director,Directing
3394,985939,232626,Jonathan Frank,Writer,Writing
3395,985939,90812,Scott Mann,Writer,Writing
3396,10515,608,Hayao Miyazaki,Director,Directing
3397,10515,608,Hayao Miyazaki,Screenplay,Writing
3398,945961,932248,Fede Álvarez,Director,Directing
3399,945961,932248,Fede Álvarez,Writer,Writing
3400,945961,1046225,Rodo Sayagues,Writer,Writing
3401,55721,116805,Paul Feig,Director,Directing
3402,55721,174514,Annie Mumolo,Writer,Writing
3403,55721,41091,Kristen Wiig,Writer,Writing
3404,302401,1152,Oliver Stone,Director,Directing
3405,302401,1291827,Kieran Fitzgerald,Screenplay,Writing
3406,302401,1152,Oliver Stone,Screenplay,Writing
3407,9732,58829,Darrell Rooney,Director,Directing
3408,9732,58831,Flip Kobler,Screenplay,Writing
3409,9732,58832,Cindy Marcus,Screenplay,Writing
3410,34851,113306,Alex Litvak,Writer,Writing
3411,34851,41671,Nimród Antal,Director,Directing
3412,34851,113307,Michael Finch,Writer,Writing
3413,10137,11614,M. Night Shyamalan,Screenplay,Writing
3414,10137,63952,Greg Brooker,Screenplay,Writing
3415,10137,18898,Rob Minkoff,Director,Directing
3416,11423,21684,Bong Joon Ho,Writer,Writing
3417,11423,21684,Bong Joon Ho,Director,Directing
3418,11423,69384,Shim Sung-bo,Writer,Writing
3419,399035,59521,Jaume Collet-Serra,Director,Directing
3420,399035,1625285,Byron Willinger,Screenplay,Writing
3421,399035,1625287,Philip de Blasi,Screenplay,Writing
3422,399035,1325800,Ryan Engle,Screenplay,Writing
3423,9800,16294,Jonathan Demme,Director,Directing
3424,9800,59330,Ron Nyswaner,Writer,Writing
3425,11886,57314,Wolfgang Reitherman,Director,Directing
3426,11886,57334,Ken Anderson,Writer,Writing
3427,5175,11091,Brett Ratner,Director,Directing
3428,5175,2689,Jeff Nathanson,Screenplay,Writing
3429,63311,309,Pedro Almodóvar,Director,Directing
3430,63311,309,Pedro Almodóvar,Screenplay,Writing
3431,9016,56611,Rob Edwards,Screenplay,Writing
3432,9016,15810,Ron Clements,Director,Directing
3433,9016,15811,John Musker,Director,Directing
3434,9016,15811,John Musker,Screenplay,Writing
3435,9016,15810,Ron Clements,Screenplay,Writing
3436,305470,1099862,Dean Israelite,Director,Directing
3437,305470,53176,John Gatins,Screenplay,Writing
3438,134,1223,Joel Coen,Director,Directing
3439,134,1224,Ethan Coen,Writer,Writing
3440,134,1223,Joel Coen,Writer,Writing
3441,417859,12098,Chris Miller,Director,Directing
3442,417859,936668,Tom Wheeler,Screenplay,Writing
3443,227156,13015,Phillip Noyce,Director,Directing
3444,227156,74159,Robert B. Weide,Screenplay,Writing
3445,227156,1349911,Michael Mitnick,Screenplay,Writing
3446,123553,57062,I. Marlene King,Screenplay,Writing
3447,123553,21981,Harald Zwart,Director,Directing
3448,123553,1119149,Jessica Postigo,Screenplay,Writing
3449,8699,55710,Adam McKay,Director,Directing
3450,8699,23659,Will Ferrell,Writer,Writing
3451,8699,55710,Adam McKay,Writer,Writing
3452,325133,52934,Nicholas Stoller,Director,Directing
3453,325133,54734,Evan Goldberg,Writer,Writing
3454,325133,19274,Seth Rogen,Writer,Writing
3455,325133,52934,Nicholas Stoller,Writer,Writing
3456,325133,1085179,Andrew J. Cohen,Writer,Writing
3457,325133,184582,Brendan O'Brien,Writer,Writing
3458,639,3026,Rob Reiner,Director,Directing
3459,639,9248,Nora Ephron,Writer,Writing
3460,90,774,Daniel Petrie Jr.,Screenplay,Writing
3461,90,769,Martin Brest,Director,Directing
3462,6947,11614,M. Night Shyamalan,Director,Directing
3463,6947,11614,M. Night Shyamalan,Writer,Writing
3464,36955,2710,James Cameron,Director,Directing
3465,36955,2710,James Cameron,Screenplay,Writing
3466,36955,11201,Claude Zidi,Screenplay,Writing
3467,36955,22317,Simon Michaël,Screenplay,Writing
3468,36955,24796,Didier Kaminka,Screenplay,Writing
3469,7737,52968,Russell Mulcahy,Director,Directing
3470,7737,4014,Paul W. S. Anderson,Writer,Writing
3471,381341,225160,Paolo Genovese,Director,Directing
3472,381341,225880,Paolo Costella,Screenplay,Writing
3473,381341,225160,Paolo Genovese,Screenplay,Writing
3474,381341,1575877,Paola Mammini,Screenplay,Writing
3475,381341,149349,Rolando Ravello,Screenplay,Writing
3476,381341,1269894,Filippo Bologna,Screenplay,Writing
3477,4133,818,David McKenna,Screenplay,Writing
3478,4133,34849,Ted Demme,Director,Directing
3479,4133,11151,Nick Cassavetes,Screenplay,Writing
3480,16859,608,Hayao Miyazaki,Screenplay,Writing
3481,16859,608,Hayao Miyazaki,Director,Directing
3482,9286,57134,James Wong,Screenplay,Writing
3483,9286,57134,James Wong,Director,Directing
3484,9286,58403,Glen Morgan,Screenplay,Writing
3485,12153,71481,Xavier Cook,Screenplay,Writing
3486,12153,35748,Michael Anthony Snowden,Screenplay,Writing
3487,12153,9562,Marlon Wayans,Screenplay,Writing
3488,12153,35690,Shawn Wayans,Screenplay,Writing
3489,12153,35689,Keenen Ivory Wayans,Director,Directing
3490,12153,71479,Andrew McElfresh,Screenplay,Writing
3491,12153,35689,Keenen Ivory Wayans,Screenplay,Writing
3492,91586,2127,James Wan,Director,Directing
3493,91586,2128,Leigh Whannell,Screenplay,Writing
3494,484247,116805,Paul Feig,Writer,Writing
3495,484247,116805,Paul Feig,Director,Directing
3496,484247,77831,Jessica Sharzer,Screenplay,Writing
3497,1452,11012,Michael Dougherty,Screenplay,Writing
3498,1452,11013,Dan Harris,Screenplay,Writing
3499,1452,9032,Bryan Singer,Director,Directing
3500,9273,4489,Steve Oedekerk,Director,Directing
3501,9273,4489,Steve Oedekerk,Writer,Writing
3502,27581,55710,Adam McKay,Director,Directing
3503,27581,55710,Adam McKay,Writer,Writing
3504,27581,99410,Chris Henchy,Writer,Writing
3505,8835,40590,Kirsten Smith,Screenplay,Writing
3506,8835,40589,Karen McCullah,Screenplay,Writing
3507,8835,36797,Robert Luketic,Director,Directing
3508,291870,1371033,John Phillips,Screenplay,Writing
3509,291870,6733,Dan Mazer,Director,Directing
3510,138697,24045,Joseph Gordon-Levitt,Director,Directing
3511,138697,24045,Joseph Gordon-Levitt,Writer,Writing
3512,10719,15277,Jon Favreau,Director,Directing
3513,10719,54051,David Berenbaum,Writer,Writing
3514,10719,15277,Jon Favreau,Screenplay,Writing
3515,406,2406,Mathieu Kassovitz,Director,Directing
3516,406,2406,Mathieu Kassovitz,Screenplay,Writing
3517,2698,4499,Tom Shadyac,Director,Directing
3518,2698,4489,Steve Oedekerk,Screenplay,Writing
3519,635302,1283010,Haruo Sotozaki,Director,Directing
3520,558449,21527,David Scarpa,Screenplay,Writing
3521,558449,578,Ridley Scott,Director,Directing
3522,339988,930710,James Ponsoldt,Director,Directing
3523,339988,930710,James Ponsoldt,Screenplay,Writing
3524,339988,84414,Dave Eggers,Screenplay,Writing
3525,525,4610,John Landis,Director,Directing
3526,525,707,Dan Aykroyd,Writer,Writing
3527,525,4610,John Landis,Writer,Writing
3528,19404,35771,Aditya Chopra,Director,Directing
3529,19404,35771,Aditya Chopra,Screenplay,Writing
3530,924,15217,Zack Snyder,Director,Directing
3531,924,15218,James Gunn,Screenplay,Writing
3532,924,14999,George A. Romero,Screenplay,Writing
3533,9495,57703,David J. Schow,Screenplay,Writing
3534,9495,21085,Alex Proyas,Director,Directing
3535,9495,1217663,John Shirley,Screenplay,Writing
3536,378064,1072778,Naoko Yamada,Director,Directing
3537,378064,78373,Reiko Yoshida,Screenplay,Writing
3538,764,7623,Sam Raimi,Writer,Writing
3539,764,7623,Sam Raimi,Director,Directing
3540,4256,12991,Pat Proft,Screenplay,Writing
3541,4256,35796,Craig Mazin,Screenplay,Writing
3542,4256,12987,David Zucker,Director,Directing
3543,9820,17698,Nancy Meyers,Screenplay,Writing
3544,9820,17698,Nancy Meyers,Director,Directing
3545,9820,29715,David Swift,Screenplay,Writing
3546,9820,56106,Charles Shyer,Screenplay,Writing
3547,637920,2614272,Kubilay Tat,Screenplay,Writing
3548,637920,230767,Mehmet Ada Öztekin,Director,Directing
3549,637920,1556675,Özge Efendioğlu,Writer,Writing
3550,37136,3415,Jerry Zucker,Writer,Writing
3551,37136,12936,Jim Abrahams,Writer,Writing
3552,37136,12987,David Zucker,Writer,Writing
3553,37136,12991,Pat Proft,Writer,Writing
3554,37136,12987,David Zucker,Director,Directing
3555,387426,21684,Bong Joon Ho,Director,Directing
3556,387426,21684,Bong Joon Ho,Screenplay,Writing
3557,387426,64813,Jon Ronson,Screenplay,Writing
3558,4327,36425,McG,Director,Directing
3559,4327,36426,Ryan Rowe,Writer,Writing
3560,4327,1300,John August,Writer,Writing
3561,4327,9612,Ed Solomon,Writer,Writing
3562,1996,2209,Jan de Bont,Director,Directing
3563,1996,20516,Dean Georgaris,Screenplay,Writing
3564,2789,28239,David Twohy,Director,Directing
3565,2789,28239,David Twohy,Writer,Writing
3566,213,2636,Alfred Hitchcock,Director,Directing
3567,213,2637,Ernest Lehman,Writer,Writing
3568,72545,72725,Mark Gunn,Screenplay,Writing
3569,72545,132876,Brad Peyton,Director,Directing
3570,72545,72724,Brian Gunn,Screenplay,Writing
3571,51828,1176,Lone Scherfig,Director,Directing
3572,51828,133876,David Nicholls,Screenplay,Writing
3573,136400,67813,Baltasar Kormákur,Director,Directing
3574,136400,1229856,Blake Masters,Screenplay,Writing
3575,1371,16483,Sylvester Stallone,Director,Directing
3576,1371,16483,Sylvester Stallone,Writer,Writing
3577,203833,126945,Brian Percival,Director,Directing
3578,203833,61239,Michael Petroni,Writer,Writing
3579,57165,66739,Jonathan Liebesman,Director,Directing
3580,57165,142686,David Leslie Johnson-McGoldrick,Screenplay,Writing
3581,57165,937234,Dan Mazeau,Screenplay,Writing
3582,329996,510,Tim Burton,Director,Directing
3583,329996,15244,Ehren Kruger,Screenplay,Writing
3584,186,2291,Paul McGuigan,Director,Directing
3585,186,1222279,Jason Smilovic,Screenplay,Writing
3586,3580,190,Clint Eastwood,Director,Directing
3587,3580,33045,J. Michael Straczynski,Writer,Writing
3588,938,4385,Sergio Leone,Director,Directing
3589,938,4385,Sergio Leone,Screenplay,Writing
3590,938,5810,Luciano Vincenzoni,Screenplay,Writing
3591,270946,66511,Michael Colton,Screenplay,Writing
3592,270946,66510,John Aboud,Screenplay,Writing
3593,270946,44114,Simon J. Smith,Director,Directing
3594,270946,18863,Eric Darnell,Director,Directing
3595,270946,1215723,Brandon Sawyer,Screenplay,Writing
3596,9919,60534,Kristen Buckley,Screenplay,Writing
3597,9919,18281,Donald Petrie,Director,Directing
3598,9919,60543,Brian Regan,Screenplay,Writing
3599,9919,58552,Burr Steers,Screenplay,Writing
3600,116741,17825,Shawn Levy,Director,Directing
3601,116741,4937,Vince Vaughn,Screenplay,Writing
3602,116741,89027,Jared Stern,Screenplay,Writing
3603,590223,1851294,Michael Matthews,Director,Directing
3604,590223,1551346,Matthew Robinson,Screenplay,Writing
3605,590223,1295292,Brian Duffield,Screenplay,Writing
3606,571,2636,Alfred Hitchcock,Director,Directing
3607,571,7394,Evan Hunter,Screenplay,Writing
3608,164,1931,George Axelrod,Screenplay,Writing
3609,164,1927,Blake Edwards,Director,Directing
3610,2270,957,Matthew Vaughn,Director,Directing
3611,2270,957,Matthew Vaughn,Screenplay,Writing
3612,2270,23447,Jane Goldman,Screenplay,Writing
3613,399057,122423,Yorgos Lanthimos,Director,Directing
3614,399057,122423,Yorgos Lanthimos,Writer,Writing
3615,399057,136427,Efthimis Filippou,Writer,Writing
3616,9392,57581,Neil Marshall,Director,Directing
3617,9392,57581,Neil Marshall,Writer,Writing
3618,537996,1223,Joel Coen,Director,Directing
3619,537996,1224,Ethan Coen,Director,Directing
3620,537996,1224,Ethan Coen,Writer,Writing
3621,537996,1223,Joel Coen,Writer,Writing
3622,272693,991868,Ari Sandel,Director,Directing
3623,272693,129305,Josh A. Cagan,Screenplay,Writing
3624,869,510,Tim Burton,Director,Directing
3625,869,2103,Mark Rosenthal,Screenplay,Writing
3626,869,142,William Broyles Jr.,Screenplay,Writing
3627,869,2100,Lawrence Konner,Screenplay,Writing
3628,360920,19273,Michael LeSieur,Screenplay,Writing
3629,360920,61300,Yarrow Cheney,Director,Directing
3630,360920,20503,Scott Mosier,Director,Directing
3631,360920,12965,Tommy Swerdlow,Screenplay,Writing
3632,503736,15217,Zack Snyder,Director,Directing
3633,503736,15217,Zack Snyder,Screenplay,Writing
3634,503736,2104243,Shay Hatten,Screenplay,Writing
3635,503736,74569,Joby Harold,Screenplay,Writing
3636,205587,42994,David Dobkin,Director,Directing
3637,205587,1281388,Bill Dubuque,Screenplay,Writing
3638,205587,74315,Nick Schenk,Screenplay,Writing
3639,132232,1113116,Andy Muschietti,Director,Directing
3640,132232,1113116,Andy Muschietti,Screenplay,Writing
3641,132232,1094761,Barbara Muschietti,Screenplay,Writing
3642,132232,510218,Neil Cross,Screenplay,Writing
3643,787699,114253,Simon Farnaby,Screenplay,Writing
3644,787699,101666,Paul King,Screenplay,Writing
3645,787699,101666,Paul King,Director,Directing
3646,87421,28239,David Twohy,Director,Directing
3647,87421,28239,David Twohy,Writer,Writing
3648,188161,52139,Seth MacFarlane,Director,Directing
3649,188161,52139,Seth MacFarlane,Writer,Writing
3650,188161,570785,Alec Sulkin,Writer,Writing
3651,188161,1224494,Wellesley Wild,Writer,Writing
3652,8273,54584,Jesse Dylan,Director,Directing
3653,8273,21584,Adam Herz,Screenplay,Writing
3654,8698,10808,Stephen Norrington,Director,Directing
3655,8698,56113,James Robinson,Screenplay,Writing
3656,3981,17698,Nancy Meyers,Director,Directing
3657,3981,63352,Josh Goldsmith,Screenplay,Writing
3658,3981,63353,Cathy Yuspa,Screenplay,Writing
3659,2832,366,James Mangold,Director,Directing
3660,2832,28399,Michael Cooney,Writer,Writing
3661,402,10491,Paul Verhoeven,Director,Directing
3662,402,10492,Joe Eszterhas,Screenplay,Writing
3663,356305,17871,John Hamburg,Director,Directing
3664,356305,17871,John Hamburg,Screenplay,Writing
3665,356305,1105485,Ian Helfer,Screenplay,Writing
3666,224141,90037,James Lapine,Screenplay,Writing
3667,224141,17633,Rob Marshall,Director,Directing
3668,227159,74619,Sean Anders,Director,Directing
3669,227159,212576,John Morris,Screenplay,Writing
3670,227159,74619,Sean Anders,Screenplay,Writing
3671,34584,5231,Wolfgang Petersen,Director,Directing
3672,34584,5231,Wolfgang Petersen,Screenplay,Writing
3673,34584,24120,Herman Weigel,Screenplay,Writing
3674,929590,2036,Alex Garland,Writer,Writing
3675,929590,2036,Alex Garland,Director,Directing
3676,834,3950,Len Wiseman,Director,Directing
3677,834,1248221,Danny McBride,Screenplay,Writing
3678,805,3556,Roman Polanski,Director,Directing
3679,805,3556,Roman Polanski,Screenplay,Writing
3680,205775,6159,Ron Howard,Director,Directing
3681,205775,1997,Charles Leavitt,Screenplay,Writing
3682,770,9049,Victor Fleming,Director,Directing
3683,770,11488,Sidney Howard,Screenplay,Writing
3684,116,1243,Woody Allen,Director,Directing
3685,116,1243,Woody Allen,Writer,Writing
3686,290098,10099,Park Chan-wook,Director,Directing
3687,290098,10099,Park Chan-wook,Writer,Writing
3688,290098,37928,Chung Seo-kyung,Writer,Writing
3689,2024,12832,Robert Rodat,Screenplay,Writing
3690,2024,6046,Roland Emmerich,Director,Directing
3691,321697,2034,Danny Boyle,Director,Directing
3692,321697,13520,Aaron Sorkin,Screenplay,Writing
3693,52520,33045,J. Michael Straczynski,Screenplay,Writing
3694,52520,80923,Måns Mårlind,Director,Directing
3695,52520,80924,Björn Stein,Director,Directing
3696,52520,3950,Len Wiseman,Screenplay,Writing
3697,52520,146142,John Hlavin,Screenplay,Writing
3698,52520,54781,Allison Burnett,Screenplay,Writing
3699,227306,11701,Angelina Jolie,Director,Directing
3700,227306,1224,Ethan Coen,Screenplay,Writing
3701,227306,1223,Joel Coen,Screenplay,Writing
3702,227306,2163,Richard LaGravenese,Screenplay,Writing
3703,227306,933,William Nicholson,Screenplay,Writing
3704,710,10702,Martin Campbell,Director,Directing
3705,710,10704,Jeffrey Caine,Screenplay,Writing
3706,710,10705,Bruce Feirstein,Screenplay,Writing
3707,205584,21085,Alex Proyas,Director,Directing
3708,205584,1167472,Matt Sazama,Screenplay,Writing
3709,205584,1167473,Burk Sharpless,Screenplay,Writing
3710,6145,17812,Gregory Hoblit,Director,Directing
3711,6145,48137,Glenn Gers,Screenplay,Writing
3712,6145,29378,Daniel Pyne,Screenplay,Writing
3713,184315,11091,Brett Ratner,Director,Directing
3714,184315,1167458,Ryan J. Condal,Screenplay,Writing
3715,184315,80675,Evan Spiliotopoulos,Screenplay,Writing
3716,866398,13927,Kurt Wimmer,Writer,Writing
3717,866398,19769,David Ayer,Director,Directing
3718,36648,3893,David S. Goyer,Director,Directing
3719,36648,3893,David S. Goyer,Writer,Writing
3720,9342,10702,Martin Campbell,Director,Directing
3721,9342,57378,John Eskow,Screenplay,Writing
3722,9342,1705,Ted Elliott,Screenplay,Writing
3723,9342,1706,Terry Rossio,Screenplay,Writing
3724,1369,16483,Sylvester Stallone,Screenplay,Writing
3725,1369,16566,George P. Cosmatos,Director,Directing
3726,1369,2710,James Cameron,Screenplay,Writing
3727,9297,57193,Gil Kenan,Director,Directing
3728,9297,57194,Dan Harmon,Screenplay,Writing
3729,9297,57195,Rob Schrab,Screenplay,Writing
3730,9297,34892,Pamela Pettler,Screenplay,Writing
3731,613,673,Bernd Eichinger,Screenplay,Writing
3732,613,7832,Oliver Hirschbiegel,Director,Directing
3733,22954,71244,Anthony Peckham,Screenplay,Writing
3734,22954,190,Clint Eastwood,Director,Directing
3735,71679,4014,Paul W. S. Anderson,Director,Directing
3736,71679,4014,Paul W. S. Anderson,Writer,Writing
3737,146216,15002,Dean Parisot,Director,Directing
3738,146216,112948,Jon Hoeber,Writer,Writing
3739,146216,112947,Erich Hoeber,Writer,Writing
3740,911430,86270,Joseph Kosinski,Director,Directing
3741,911430,15244,Ehren Kruger,Screenplay,Writing
3742,912649,940376,Kelly Marcel,Screenplay,Writing
3743,912649,940376,Kelly Marcel,Director,Directing
3744,7340,1150,Brian De Palma,Director,Directing
3745,7340,27767,Lawrence D. Cohen,Screenplay,Writing
3746,9837,44113,Steve Hickner,Director,Directing
3747,9837,59803,Brenda Chapman,Director,Directing
3748,9837,21879,Simon Wells,Director,Directing
3749,9837,37078,Philip LaZebnik,Writer,Writing
3750,9837,1788,Nicholas Meyer,Screenplay,Writing
3751,653346,507,Josh Friedman,Writer,Writing
3752,653346,1179066,Wes Ball,Director,Directing
3753,4964,41039,Judd Apatow,Director,Directing
3754,4964,41039,Judd Apatow,Writer,Writing
3755,1924,55279,Leslie Newman,Screenplay,Writing
3756,1924,6729,Robert Benton,Screenplay,Writing
3757,1924,3083,Mario Puzo,Screenplay,Writing
3758,1924,7187,Richard Donner,Director,Directing
3759,1924,6728,David Newman,Screenplay,Writing
3760,1924,7190,Tom Mankiewicz,Writer,Writing
3761,725201,19272,Joe Russo,Screenplay,Writing
3762,725201,19272,Joe Russo,Director,Directing
3763,725201,19271,Anthony Russo,Director,Directing
3764,725201,5552,Stephen McFeely,Screenplay,Writing
3765,725201,5551,Christopher Markus,Screenplay,Writing
3766,20766,53333,John Hillcoat,Director,Directing
3767,20766,57573,Joe Penhall,Screenplay,Writing
3768,1272,2034,Danny Boyle,Director,Directing
3769,1272,2036,Alex Garland,Writer,Writing
3770,9798,893,Tony Scott,Director,Directing
3771,9798,21002,David Marconi,Writer,Writing
3772,276907,4723,Brian Helgeland,Writer,Writing
3773,276907,4723,Brian Helgeland,Director,Directing
3774,1587,5306,Lasse Hallström,Director,Directing
3775,1587,3290,Peter Hedges,Screenplay,Writing
3776,49524,57270,Robert Schwentke,Director,Directing
3777,49524,54048,Matt Manfredi,Screenplay,Writing
3778,49524,54047,Phil Hay,Screenplay,Writing
3779,86838,54472,Martin McDonagh,Director,Directing
3780,86838,54472,Martin McDonagh,Writer,Writing
3781,7555,52943,Art Monterastelli,Screenplay,Writing
3782,7555,16483,Sylvester Stallone,Screenplay,Writing
3783,7555,16483,Sylvester Stallone,Director,Directing
3784,588228,144816,Chris McKay,Director,Directing
3785,588228,1014026,Zach Dean,Screenplay,Writing
3786,249164,89814,R.J. Cutler,Director,Directing
3787,249164,101903,Shauna Cross,Screenplay,Writing
3788,829,3556,Roman Polanski,Director,Directing
3789,829,11057,Robert Towne,Writer,Writing
3790,10330,11708,Leslie Dixon,Screenplay,Writing
3791,10330,64829,Heather Hach,Screenplay,Writing
3792,10330,54050,Mark Waters,Director,Directing
3793,2123,7396,Peter Farrelly,Director,Directing
3794,2123,7395,Bobby Farrelly,Director,Directing
3795,2123,7396,Peter Farrelly,Screenplay,Writing
3796,2123,7395,Bobby Farrelly,Screenplay,Writing
3797,2123,21800,Mike Cerrone,Screenplay,Writing
3798,22971,5306,Lasse Hallström,Director,Directing
3799,22971,68432,Jamie Linden,Screenplay,Writing
3800,19994,54025,Karyn Kusama,Director,Directing
3801,19994,52444,Diablo Cody,Writer,Writing
3802,11778,12114,Michael Cimino,Director,Directing
3803,11778,12113,Deric Washburn,Screenplay,Writing
3804,274479,17883,David O. Russell,Director,Directing
3805,274479,17883,David O. Russell,Screenplay,Writing
3806,10196,11614,M. Night Shyamalan,Writer,Writing
3807,10196,11614,M. Night Shyamalan,Director,Directing
3808,7453,52842,Garth Jennings,Director,Directing
3809,7453,52845,Karey Kirkpatrick,Screenplay,Writing
3810,7453,52843,Douglas Adams,Screenplay,Writing
3811,515195,2034,Danny Boyle,Director,Directing
3812,515195,7018,Richard Curtis,Screenplay,Writing
3813,10229,56909,Karen Janszen,Screenplay,Writing
3814,10229,20739,Adam Shankman,Director,Directing
3815,116149,101666,Paul King,Director,Directing
3816,116149,101666,Paul King,Screenplay,Writing
3817,346,5026,Akira Kurosawa,Screenplay,Writing
3818,346,7449,Shinobu Hashimoto,Screenplay,Writing
3819,346,20827,Hideo Oguni,Screenplay,Writing
3820,346,5026,Akira Kurosawa,Director,Directing
3821,489999,1932296,Aneesh Chaganty,Director,Directing
3822,489999,1932296,Aneesh Chaganty,Writer,Writing
3823,489999,1639084,Sev Ohanian,Writer,Writing
3824,376660,983909,Kelly Fremon Craig,Director,Directing
3825,376660,983909,Kelly Fremon Craig,Writer,Writing
3826,376659,52115,Scott Moore,Writer,Writing
3827,376659,52115,Scott Moore,Director,Directing
3828,376659,52114,Jon Lucas,Director,Directing
3829,376659,52114,Jon Lucas,Writer,Writing
3830,929,6046,Roland Emmerich,Director,Directing
3831,929,6046,Roland Emmerich,Screenplay,Writing
3832,929,8676,Dean Devlin,Screenplay,Writing
3833,703,1243,Woody Allen,Director,Directing
3834,703,1243,Woody Allen,Writer,Writing
3835,703,10439,Marshall Brickman,Writer,Writing
3836,82682,91268,Ruben Fleischer,Director,Directing
3837,82682,466391,Will Beall,Writer,Writing
3838,1948,20192,Brian Taylor,Director,Directing
3839,1948,20193,Mark Neveldine,Director,Directing
3840,1948,20192,Brian Taylor,Screenplay,Writing
3841,1948,20193,Mark Neveldine,Screenplay,Writing
3842,72570,566328,Michael Sucsy,Director,Directing
3843,72570,69125,Marc Silverstein,Writer,Writing
3844,72570,69124,Abby Kohn,Writer,Writing
3845,72570,181751,Jason Katims,Writer,Writing
3846,8920,12893,Alec Sokolow,Screenplay,Writing
3847,8920,12892,Joel Cohen,Screenplay,Writing
3848,8920,18357,Peter Hewitt,Director,Directing
3849,505026,11181,Kenneth Branagh,Director,Directing
3850,505026,191937,Michael Green,Screenplay,Writing
3851,1493,62365,Katie Ford,Writer,Writing
3852,1493,18281,Donald Petrie,Director,Directing
3853,1493,18323,Marc Lawrence,Writer,Writing
3854,1493,62366,Caryn Lucas,Writer,Writing
3855,522938,1525173,Matthew Cirulnick,Screenplay,Writing
3856,522938,16483,Sylvester Stallone,Screenplay,Writing
3857,522938,589402,Adrian Grünberg,Director,Directing
3858,228161,51327,Tom J. Astle,Screenplay,Writing
3859,228161,51328,Matt Ember,Screenplay,Writing
3860,228161,52870,Tim Johnson,Director,Directing
3861,10189,19274,Seth Rogen,Screenplay,Writing
3862,10189,64141,David Gordon Green,Director,Directing
3863,10189,54734,Evan Goldberg,Screenplay,Writing
3864,35791,4014,Paul W. S. Anderson,Director,Directing
3865,35791,4014,Paul W. S. Anderson,Writer,Writing
3866,442249,1709468,Gerard McMurray,Director,Directing
3867,442249,53120,James DeMonaco,Writer,Writing
3868,379686,835926,Terence Nance,Screenplay,Writing
3869,379686,1691546,Tony Rettenmaier,Screenplay,Writing
3870,379686,1733682,Celeste Ballard,Screenplay,Writing
3871,379686,1239151,Jesse Gordon,Screenplay,Writing
3872,379686,1663692,Juel Taylor,Screenplay,Writing
3873,379686,72024,Malcolm D. Lee,Director,Directing
3874,379686,2588648,Keenan Coogler,Screenplay,Writing
3875,335977,21339,Jez Butterworth,Writer,Writing
3876,335977,120254,John-Henry Butterworth,Writer,Writing
3877,335977,508,David Koepp,Writer,Writing
3878,335977,366,James Mangold,Writer,Writing
3879,335977,366,James Mangold,Director,Directing
3880,41446,5140,Wes Craven,Director,Directing
3881,41446,26458,Kevin Williamson,Screenplay,Writing
3882,4771,39386,Aaron Stockard,Screenplay,Writing
3883,4771,880,Ben Affleck,Screenplay,Writing
3884,4771,880,Ben Affleck,Director,Directing
3885,340837,1704,Gore Verbinski,Director,Directing
3886,340837,66721,Justin Haythe,Screenplay,Writing
3887,225886,51851,Jake Kasdan,Director,Directing
3888,225886,41088,Jason Segel,Screenplay,Writing
3889,225886,52934,Nicholas Stoller,Screenplay,Writing
3890,225886,113226,Kate Angelo,Screenplay,Writing
3891,460019,55075,Jeff Wadlow,Director,Directing
3892,460019,1213735,Michael Reisz,Screenplay,Writing
3893,460019,1826888,Jillian Jacobs,Screenplay,Writing
3894,460019,1211006,Christopher Roach,Screenplay,Writing
3895,460019,55075,Jeff Wadlow,Screenplay,Writing
3896,1817,5572,Joel Schumacher,Director,Directing
3897,1817,19266,Larry Cohen,Screenplay,Writing
3898,277216,37932,F. Gary Gray,Director,Directing
3899,277216,989235,Andrea Berloff,Screenplay,Writing
3900,277216,211197,Jonathan Herman,Screenplay,Writing
3901,8810,11452,Terry Hayes,Screenplay,Writing
3902,8810,20629,George Miller,Screenplay,Writing
3903,8810,20629,George Miller,Director,Directing
3904,8810,55992,Brian Hannant,Screenplay,Writing
3905,466420,1032,Martin Scorsese,Screenplay,Writing
3906,466420,1032,Martin Scorsese,Director,Directing
3907,466420,27,Eric Roth,Screenplay,Writing
3908,881,3026,Rob Reiner,Director,Directing
3909,881,13520,Aaron Sorkin,Screenplay,Writing
3910,48138,59521,Jaume Collet-Serra,Director,Directing
3911,48138,139919,Oliver Butcher,Screenplay,Writing
3912,48138,132350,Stephen Cornwell,Screenplay,Writing
3913,189,2293,Frank Miller,Director,Directing
3914,189,2294,Robert Rodriguez,Director,Directing
3915,189,2293,Frank Miller,Writer,Writing
3916,3558,366,James Mangold,Director,Directing
3917,3558,32795,Anna Hamilton Phelan,Screenplay,Writing
3918,3558,366,James Mangold,Screenplay,Writing
3919,3558,32794,Lisa Loomer,Screenplay,Writing
3920,569547,211845,Charlie Brooker,Writer,Writing
3921,569547,27571,David Slade,Director,Directing
3922,9982,61413,Ron Anderson,Screenplay,Writing
3923,9982,61411,Mark Dindal,Director,Directing
3924,9982,52694,Steve Bencich,Screenplay,Writing
3925,9982,52695,Ron J. Friedman,Screenplay,Writing
3926,10483,4014,Paul W. S. Anderson,Screenplay,Writing
3927,10483,4014,Paul W. S. Anderson,Director,Directing
3928,1213,2239,Anthony Minghella,Screenplay,Writing
3929,1213,2239,Anthony Minghella,Director,Directing
3930,136795,116805,Paul Feig,Director,Directing
3931,136795,1106222,Katie Dippold,Writer,Writing
3932,64686,239571,Carl Rinsch,Director,Directing
3933,64686,58191,Chris Morgan,Screenplay,Writing
3934,64686,56960,Hossein Amini,Screenplay,Writing
3935,1339713,2381985,Curry Barker,Writer,Writing
3936,1339713,2381985,Curry Barker,Director,Directing
3937,529203,1450348,Joel Crawford,Director,Directing
3938,529203,1003944,Dan Hageman,Screenplay,Writing
3939,529203,1003945,Kevin Hageman,Screenplay,Writing
3940,529203,934181,Paul Fisher,Screenplay,Writing
3941,529203,1767030,Bob Logan,Screenplay,Writing
3942,2898,3388,James L. Brooks,Director,Directing
3943,2898,28780,Mark Andrus,Screenplay,Writing
3944,2898,3388,James L. Brooks,Screenplay,Writing
3945,75174,574090,Ian Mackenzie Jeffers,Screenplay,Writing
3946,75174,40223,Joe Carnahan,Director,Directing
3947,75174,40223,Joe Carnahan,Screenplay,Writing
3948,582,8193,Florian Henckel von Donnersmarck,Director,Directing
3949,582,8193,Florian Henckel von Donnersmarck,Screenplay,Writing
3950,345911,1302082,David F. Sandberg,Director,Directing
3951,345911,115033,Eric Heisserer,Screenplay,Writing
3952,9739,5128,Daniel Waters,Screenplay,Writing
3953,9739,58840,Robert Reneau,Screenplay,Writing
3954,9739,58839,Peter M. Lenkov,Screenplay,Writing
3955,9739,58838,Marco Brambilla,Director,Directing
3956,9313,2460,Randall Wallace,Director,Directing
3957,9313,2460,Randall Wallace,Screenplay,Writing
3958,14756,77703,Edmond Wong Chi-Mun,Screenplay,Writing
3959,14756,63571,Wilson Yip,Director,Directing
3960,14756,1536908,Chan Tai-Lee,Writer,Writing
3961,663,2675,Darren Lynn Bousman,Director,Directing
3962,663,51021,Patrick Melton,Screenplay,Writing
3963,663,51023,Marcus Dunstan,Screenplay,Writing
3964,10501,1706,Terry Rossio,Screenplay,Writing
3965,10501,65629,Bibo Bergeron,Director,Directing
3966,10501,1705,Ted Elliott,Screenplay,Writing
3967,10501,2036264,Don Paul,Director,Directing
3968,40807,56661,Jonathan Levine,Director,Directing
3969,40807,124649,Will Reiser,Writer,Writing
3970,37094,5572,Joel Schumacher,Director,Directing
3971,37094,116778,Ebbe Roe Smith,Writer,Writing
3972,16871,7623,Sam Raimi,Director,Directing
3973,16871,7623,Sam Raimi,Writer,Writing
3974,16871,7629,Ivan Raimi,Writer,Writing
3975,882598,2218465,Parker Finn,Director,Directing
3976,882598,2218465,Parker Finn,Writer,Writing
3977,4148,39,Sam Mendes,Director,Directing
3978,4148,66721,Justin Haythe,Screenplay,Writing
3979,55779,93214,Steven Quale,Director,Directing
3980,55779,115033,Eric Heisserer,Screenplay,Writing
3981,9804,8300,Kevin Reynolds,Director,Directing
3982,9804,28239,David Twohy,Writer,Writing
3983,9804,964306,Peter Rader,Writer,Writing
3984,8271,40256,D.J. Caruso,Director,Directing
3985,8271,54248,Christopher Landon,Screenplay,Writing
3986,8271,20977,Carl Ellsworth,Screenplay,Writing
3987,7350,52599,Justin Zackham,Writer,Writing
3988,7350,3026,Rob Reiner,Director,Directing
3989,1010581,1739102,Domingo González,Director,Directing
3990,1010581,1739102,Domingo González,Screenplay,Writing
3991,351460,98631,Adam Wingard,Director,Directing
3992,351460,1147923,Jeremy Slater,Screenplay,Writing
3993,351460,119254,Vlas Parlapanides,Screenplay,Writing
3994,351460,119253,Charley Parlapanides,Screenplay,Writing
3995,11619,33183,David Bowers,Director,Directing
3996,11619,70039,Joe Keenan,Screenplay,Writing
3997,11619,58897,Sam Fell,Director,Directing
3998,11619,18910,Dick Clement,Screenplay,Writing
3999,11619,21075,William Davies,Screenplay,Writing
4000,11619,1205496,Christopher Lloyd,Screenplay,Writing
4001,11619,38937,Ian La Frenais,Screenplay,Writing
4002,11619,1236919,Lise Mayer,Writer,Writing
4003,426426,11218,Alfonso Cuarón,Writer,Writing
4004,426426,11218,Alfonso Cuarón,Director,Directing
4005,2253,9032,Bryan Singer,Director,Directing
4006,2253,9033,Christopher McQuarrie,Screenplay,Writing
4007,2253,23228,Nathan Alexander,Screenplay,Writing
4008,301337,13235,Alexander Payne,Director,Directing
4009,301337,4948,Jim Taylor,Screenplay,Writing
4010,301337,13235,Alexander Payne,Screenplay,Writing
4011,9078,57314,Wolfgang Reitherman,Director,Directing
4012,9078,57316,Bill Peet,Screenplay,Writing
4013,71676,3893,David S. Goyer,Screenplay,Writing
4014,71676,20192,Brian Taylor,Director,Directing
4015,71676,205379,Scott M. Gimple,Screenplay,Writing
4016,71676,204847,Seth Hoffman,Screenplay,Writing
4017,71676,20193,Mark Neveldine,Director,Directing
4018,81,608,Hayao Miyazaki,Screenplay,Writing
4019,81,608,Hayao Miyazaki,Director,Directing
4020,71,468,Stephen Daldry,Director,Directing
4021,71,470,Lee Hall,Writer,Writing
4022,3082,13848,Charlie Chaplin,Screenplay,Writing
4023,3082,13848,Charlie Chaplin,Director,Directing
4024,4234,5140,Wes Craven,Director,Directing
4025,4234,15244,Ehren Kruger,Screenplay,Writing
4026,400535,1215399,Taylor Sheridan,Writer,Writing
4027,400535,932533,Stefano Sollima,Director,Directing
4028,10661,17494,Dennis Dugan,Director,Directing
4029,10661,19292,Adam Sandler,Screenplay,Writing
4030,10661,41039,Judd Apatow,Screenplay,Writing
4031,10661,53684,Robert Smigel,Screenplay,Writing
4032,1164,223,Alejandro G. Iñárritu,Director,Directing
4033,1164,273,Guillermo Arriaga,Writer,Writing
4034,853,2352,Jean-Jacques Annaud,Director,Directing
4035,853,2352,Jean-Jacques Annaud,Screenplay,Writing
4036,853,2358,Alain Godard,Screenplay,Writing
4037,646,9859,Johanna Harwood,Screenplay,Writing
4038,646,9855,Terence Young,Director,Directing
4039,646,9860,Berkely Mather,Screenplay,Writing
4040,646,9858,Richard Maibaum,Screenplay,Writing
4041,5176,366,James Mangold,Director,Directing
4042,5176,7865,Michael Brandt,Screenplay,Writing
4043,5176,8161,Derek Haas,Screenplay,Writing
4044,5176,115328,Halsted Welles,Screenplay,Writing
4045,72710,8685,Andrew Niccol,Director,Directing
4046,72710,8685,Andrew Niccol,Screenplay,Writing
4047,10591,65734,Luke Greenfield,Director,Directing
4048,10591,62204,Brent Goldberg,Writer,Writing
4049,10591,44679,David Wagner,Writer,Writing
4050,10591,40277,Stuart Blumberg,Writer,Writing
4051,2280,14911,Penny Marshall,Director,Directing
4052,2280,23965,Anne Spielberg,Writer,Writing
4053,2280,23964,Gary Ross,Writer,Writing
4054,522402,114404,Miguel Sapochnik,Director,Directing
4055,522402,60318,Craig Luck,Writer,Writing
4056,522402,5054,Ivor Powell,Writer,Writing
4057,72976,488,Steven Spielberg,Director,Directing
4058,72976,8780,Tony Kushner,Screenplay,Writing
4059,10184,29009,Ken Kwapis,Director,Directing
4060,10184,69124,Abby Kohn,Writer,Writing
4061,10184,69125,Marc Silverstein,Writer,Writing
4062,12163,6431,Darren Aronofsky,Director,Directing
4063,12163,103041,Robert D. Siegel,Writer,Writing
4064,334,4762,Paul Thomas Anderson,Director,Directing
4065,334,4762,Paul Thomas Anderson,Writer,Writing
4066,153518,1281387,Clay Kaytis,Director,Directing
4067,153518,52701,Fergal Reilly,Director,Directing
4068,153518,239,Jon Vitti,Screenplay,Writing
4069,438148,8023,Kyle Balda,Director,Directing
4070,438148,1777724,Matthew Fogel,Screenplay,Writing
4071,22947,52443,Jason Reitman,Director,Directing
4072,22947,52443,Jason Reitman,Screenplay,Writing
4073,22947,57336,Sheldon Turner,Screenplay,Writing
4074,5038,1243,Woody Allen,Director,Directing
4075,5038,1243,Woody Allen,Writer,Writing
4076,396371,13520,Aaron Sorkin,Director,Directing
4077,396371,13520,Aaron Sorkin,Writer,Writing
4078,752623,931525,Aaron Nee,Director,Directing
4079,752623,174313,Adam Nee,Director,Directing
4080,752623,174313,Adam Nee,Screenplay,Writing
4081,752623,931525,Aaron Nee,Screenplay,Writing
4082,752623,56718,Dana Fox,Screenplay,Writing
4083,752623,1090787,Oren Uziel,Screenplay,Writing
4084,122081,51918,Harmony Korine,Director,Directing
4085,122081,51918,Harmony Korine,Writer,Writing
4086,4147,39,Sam Mendes,Director,Directing
4087,4147,35021,David Self,Screenplay,Writing
4088,670292,3288,Chris Weitz,Screenplay,Writing
4089,670292,129894,Gareth Edwards,Director,Directing
4090,670292,129894,Gareth Edwards,Screenplay,Writing
4091,1089,14392,Kathryn Bigelow,Director,Directing
4092,1089,15304,W. Peter Iliff,Screenplay,Writing
4093,760104,101542,Ti West,Writer,Writing
4094,760104,101542,Ti West,Director,Directing
4095,1592,17814,Steve Shagan,Screenplay,Writing
4096,1592,17815,Ann Biderman,Screenplay,Writing
4097,1592,17812,Gregory Hoblit,Director,Directing
4098,41513,1215,Raja Gosnell,Director,Directing
4099,41513,12084,J. David Stem,Screenplay,Writing
4100,41513,12085,David N. Weiss,Screenplay,Writing
4101,41513,68208,Jay Scherick,Screenplay,Writing
4102,41513,54904,David Ronn,Screenplay,Writing
4103,615656,20516,Dean Georgaris,Screenplay,Writing
4104,615656,112947,Erich Hoeber,Screenplay,Writing
4105,615656,112948,Jon Hoeber,Screenplay,Writing
4106,615656,137467,Ben Wheatley,Director,Directing
4107,270487,1223,Joel Coen,Writer,Writing
4108,270487,1223,Joel Coen,Director,Directing
4109,270487,1224,Ethan Coen,Director,Directing
4110,270487,1224,Ethan Coen,Writer,Writing
4111,198277,45117,John Carney,Director,Directing
4112,198277,45117,John Carney,Writer,Writing
4113,296099,52935,John Francis Daley,Director,Directing
4114,296099,1236679,Jonathan Goldstein,Writer,Writing
4115,296099,52935,John Francis Daley,Writer,Writing
4116,296099,1236679,Jonathan Goldstein,Director,Directing
4117,83533,2710,James Cameron,Screenplay,Writing
4118,83533,2710,James Cameron,Director,Directing
4119,83533,67802,Rick Jaffa,Screenplay,Writing
4120,83533,67803,Amanda Silver,Screenplay,Writing
4121,658,9915,Guy Hamilton,Director,Directing
4122,658,9858,Richard Maibaum,Screenplay,Writing
4123,658,9916,Paul Dehn,Screenplay,Writing
4124,4538,5655,Wes Anderson,Director,Directing
4125,4538,5655,Wes Anderson,Writer,Writing
4126,4538,38803,Roman Coppola,Writer,Writing
4127,4538,17881,Jason Schwartzman,Writer,Writing
4128,871,13265,Franklin J. Schaffner,Director,Directing
4129,871,13268,Rod Serling,Screenplay,Writing
4130,871,13267,Michael Wilson,Screenplay,Writing
4131,9335,18865,Louis Leterrier,Director,Directing
4132,9335,59,Luc Besson,Writer,Writing
4133,9335,61,Robert Mark Kamen,Writer,Writing
4134,8645,11614,M. Night Shyamalan,Director,Directing
4135,8645,11614,M. Night Shyamalan,Screenplay,Writing
4136,257445,65630,Rob Letterman,Director,Directing
4137,257445,582919,Darren Lemke,Screenplay,Writing
4138,950396,1014026,Zach Dean,Writer,Writing
4139,950396,55499,Scott Derrickson,Director,Directing
4140,9475,769,Martin Brest,Director,Directing
4141,9475,4181,Bo Goldman,Screenplay,Writing
4142,298250,56501,Michael Spierig,Director,Directing
4143,298250,56502,Peter Spierig,Director,Directing
4144,298250,965416,Pete Goldfinger,Writer,Writing
4145,298250,62157,Josh Stolberg,Writer,Writing
4146,300671,865,Michael Bay,Director,Directing
4147,300671,1465193,Chuck Hogan,Screenplay,Writing
4148,1690,16847,Eli Roth,Director,Directing
4149,1690,16847,Eli Roth,Writer,Writing
4150,252,1299,Roald Dahl,Screenplay,Writing
4151,252,3451,Mel Stuart,Director,Directing
4152,252,3616,Leslie Bricusse,Writer,Writing
4153,252,81409,Anthony Newley,Writer,Writing
4154,455207,54507,Jon M. Chu,Director,Directing
4155,455207,84435,Peter Chiarelli,Screenplay,Writing
4156,455207,1215038,Adele Lim,Screenplay,Writing
4157,246741,55936,Jemaine Clement,Director,Directing
4158,246741,55934,Taika Waititi,Director,Directing
4159,246741,55936,Jemaine Clement,Writer,Writing
4160,246741,55934,Taika Waititi,Writer,Writing
4161,12437,1248221,Danny McBride,Screenplay,Writing
4162,12437,3964,Patrick Tatopoulos,Director,Directing
4163,12437,77272,Dirk Blackman,Screenplay,Writing
4164,12437,65525,Howard McCain,Screenplay,Writing
4165,1054867,4762,Paul Thomas Anderson,Director,Directing
4166,1054867,4762,Paul Thomas Anderson,Writer,Writing
4167,321258,62768,William Brent Bell,Director,Directing
4168,321258,1447246,Stacey Menear,Writer,Writing
4169,258480,16863,Todd Haynes,Director,Directing
4170,258480,1034086,Phyllis Nagy,Screenplay,Writing
4171,1955,5602,David Lynch,Director,Directing
4172,1955,5602,David Lynch,Screenplay,Writing
4173,1955,32478,Christopher De Vore,Screenplay,Writing
4174,1955,32477,Eric Bergren,Screenplay,Writing
4175,2277,20213,Nicholas Kazan,Screenplay,Writing
4176,2277,10965,Chris Columbus,Director,Directing
4177,1586,508,David Koepp,Director,Directing
4178,1586,508,David Koepp,Screenplay,Writing
4179,301365,21183,Nicolas Winding Refn,Director,Directing
4180,301365,1397141,Mary Laws,Screenplay,Writing
4181,301365,21183,Nicolas Winding Refn,Screenplay,Writing
4182,301365,1363577,Polly Stenham,Screenplay,Writing
4183,7445,53334,Jim Sheridan,Director,Directing
4184,7445,9813,David Benioff,Screenplay,Writing
4185,7445,1012,Anders Thomas Jensen,Writer,Writing
4186,7445,1011,Susanne Bier,Writer,Writing
4187,481848,66193,Chris Sanders,Director,Directing
4188,481848,191937,Michael Green,Screenplay,Writing
4189,346672,402272,Anna Foerster,Director,Directing
4190,346672,120119,Cory Goodman,Screenplay,Writing
4191,343674,551463,Mike Flanagan,Director,Directing
4192,343674,551463,Mike Flanagan,Screenplay,Writing
4193,343674,1224355,Jeff Howard,Screenplay,Writing
4194,59961,125738,Daniel Espinosa,Director,Directing
4195,59961,230174,David Guggenheim,Writer,Writing
4196,19912,4755,David R. Ellis,Director,Directing
4197,19912,20218,Eric Bress,Writer,Writing
4198,9323,12180,Mamoru Oshii,Director,Directing
4199,9323,57302,Kazunori Ito,Screenplay,Writing
4200,819,8246,Barry Levinson,Director,Directing
4201,819,8246,Barry Levinson,Screenplay,Writing
4202,44048,18189,Mark Bomback,Writer,Writing
4203,44048,893,Tony Scott,Director,Directing
4204,1598,1032,Martin Scorsese,Director,Directing
4205,1598,17880,Wesley Strick,Screenplay,Writing
4206,646385,20204,James Vanderbilt,Writer,Writing
4207,646385,1661850,Guy Busick,Writer,Writing
4208,646385,1039527,Tyler Gillett,Director,Directing
4209,646385,66681,Matt Bettinelli-Olpin,Director,Directing
4210,94329,142013,Gareth Evans,Director,Directing
4211,94329,142013,Gareth Evans,Writer,Writing
4212,419479,36425,McG,Director,Directing
4213,419479,1295292,Brian Duffield,Screenplay,Writing
4214,12244,71923,Shane Acker,Director,Directing
4215,12244,34892,Pamela Pettler,Screenplay,Writing
4216,614934,142983,Jeremy Doner,Screenplay,Writing
4217,614934,2360164,Sam Bromell,Screenplay,Writing
4218,614934,6201,Baz Luhrmann,Director,Directing
4219,614934,6201,Baz Luhrmann,Screenplay,Writing
4220,614934,6211,Craig Pearce,Screenplay,Writing
4221,884605,84416,Gene Stupnitsky,Director,Directing
4222,884605,84416,Gene Stupnitsky,Writer,Writing
4223,884605,1371033,John Phillips,Writer,Writing
4224,36669,10783,Robert Wade,Screenplay,Writing
4225,36669,7256,Lee Tamahori,Director,Directing
4226,36669,10782,Neal Purvis,Screenplay,Writing
4227,1640,455,Paul Haggis,Director,Directing
4228,1640,455,Paul Haggis,Screenplay,Writing
4229,1640,137064,Bobby Moresco,Screenplay,Writing
4230,9762,29214,Anne Fletcher,Director,Directing
4231,9762,54510,Duane Adler,Screenplay,Writing
4232,9762,56855,Melissa Rosenberg,Screenplay,Writing
4233,576845,11090,Edgar Wright,Screenplay,Writing
4234,576845,1643383,Krysty Wilson-Cairns,Screenplay,Writing
4235,576845,11090,Edgar Wright,Director,Directing
4236,239,3146,Billy Wilder,Director,Directing
4237,239,3146,Billy Wilder,Screenplay,Writing
4238,239,3147,I. A. L. Diamond,Screenplay,Writing
4239,11665,13426,Peter Segal,Director,Directing
4240,11665,51327,Tom J. Astle,Screenplay,Writing
4241,11665,51328,Matt Ember,Screenplay,Writing
4242,73723,124748,Chris Renaud,Director,Directing
4243,73723,52361,Cinco Paul,Screenplay,Writing
4244,73723,52360,Ken Daurio,Screenplay,Writing
4245,9481,13015,Phillip Noyce,Director,Directing
4246,9481,57650,Jeremy Iacone,Screenplay,Writing
4247,1541,578,Ridley Scott,Director,Directing
4248,1541,17397,Callie Khouri,Writer,Writing
4249,16320,12891,Joss Whedon,Director,Directing
4250,16320,12891,Joss Whedon,Writer,Writing
4251,423204,76422,Ric Roman Waugh,Director,Directing
4252,423204,61,Robert Mark Kamen,Screenplay,Writing
4253,423204,1123799,Matt Cook,Screenplay,Writing
4254,423204,76422,Ric Roman Waugh,Screenplay,Writing
4255,82520,916958,Liza Johnson,Writer,Writing
4256,82520,916958,Liza Johnson,Director,Directing
4257,448119,2945,Stephen Gaghan,Director,Directing
4258,448119,2945,Stephen Gaghan,Screenplay,Writing
4259,448119,1579776,Dan Gregor,Screenplay,Writing
4260,448119,1579777,Doug Mand,Screenplay,Writing
4261,617653,56539,Nicole Holofcener,Screenplay,Writing
4262,617653,880,Ben Affleck,Screenplay,Writing
4263,617653,1892,Matt Damon,Screenplay,Writing
4264,617653,578,Ridley Scott,Director,Directing
4265,446021,47506,Drew Goddard,Director,Directing
4266,446021,47506,Drew Goddard,Screenplay,Writing
4267,664,2209,Jan de Bont,Director,Directing
4268,664,9986,Anne-Marie Martin,Screenplay,Writing
4269,664,4782,Michael Crichton,Screenplay,Writing
4270,256274,77147,John Erick Dowdle,Director,Directing
4271,256274,77147,John Erick Dowdle,Writer,Writing
4272,256274,142520,Drew Dowdle,Writer,Writing
4273,746036,1239407,Drew Pearce,Writer,Writing
4274,746036,40684,David Leitch,Director,Directing
4275,8965,56851,Victor Cook,Director,Directing
4276,8965,56852,Tad Stones,Director,Directing
4277,8965,1372782,Steve Englehart,Screenplay,Writing
4278,8965,35294,Henry Gilroy,Screenplay,Writing
4279,8965,56852,Tad Stones,Screenplay,Writing
4280,8965,200014,Thomas Hart,Screenplay,Writing
4281,8965,74282,Kevin Hopps,Screenplay,Writing
4282,8965,175473,Marty Isenberg,Screenplay,Writing
4283,8965,139851,Toby Shelton,Director,Directing
4284,1992,2294,Robert Rodriguez,Director,Directing
4285,1992,2294,Robert Rodriguez,Screenplay,Writing
4286,204082,16483,Sylvester Stallone,Screenplay,Writing
4287,204082,5501,Gary Fleder,Director,Directing
4288,169,2042,Stephen Hopkins,Director,Directing
4289,169,1094,John Thomas,Writer,Writing
4290,169,1092,Jim Thomas,Writer,Writing
4291,13649,65310,Kenny Ortega,Director,Directing
4292,13649,40254,Peter Barsocchini,Screenplay,Writing
4293,9472,57633,Rawson Marshall Thurber,Director,Directing
4294,9472,57633,Rawson Marshall Thurber,Writer,Writing
4295,2164,6046,Roland Emmerich,Screenplay,Writing
4296,2164,8676,Dean Devlin,Screenplay,Writing
4297,2164,6046,Roland Emmerich,Director,Directing
4298,399170,1221668,Jules Asner,Writer,Writing
4299,399170,1884,Steven Soderbergh,Director,Directing
4300,3176,31074,Kinji Fukasaku,Director,Directing
4301,3176,31073,Kenta Fukasaku,Screenplay,Writing
4302,274854,52609,Breck Eisner,Director,Directing
4303,274854,120119,Cory Goodman,Writer,Writing
4304,274854,1167472,Matt Sazama,Writer,Writing
4305,274854,1167473,Burk Sharpless,Writer,Writing
4306,30497,10051,Tobe Hooper,Director,Directing
4307,30497,27797,Kim Henkel,Screenplay,Writing
4308,30497,10051,Tobe Hooper,Screenplay,Writing
4309,521029,1338249,Gary Dauberman,Screenplay,Writing
4310,521029,1338249,Gary Dauberman,Director,Directing
4311,793,5602,David Lynch,Director,Directing
4312,793,5602,David Lynch,Writer,Writing
4313,718789,1748205,Jason Headley,Screenplay,Writing
4314,718789,7929,Angus MacLane,Screenplay,Writing
4315,718789,7929,Angus MacLane,Director,Directing
4316,97370,66728,Jonathan Glazer,Director,Directing
4317,97370,1047640,Walter Campbell,Screenplay,Writing
4318,97370,66728,Jonathan Glazer,Screenplay,Writing
4319,97370,16447,Milo Addica,Writer,Writing
4320,313297,1033661,Travis Knight,Director,Directing
4321,313297,1402866,Marc Haimes,Screenplay,Writing
4322,313297,154705,Chris Butler,Screenplay,Writing
4323,62215,42,Lars von Trier,Director,Directing
4324,62215,42,Lars von Trier,Screenplay,Writing
4325,9486,21075,William Davies,Writer,Writing
4326,9486,10782,Neal Purvis,Writer,Writing
4327,9486,10783,Robert Wade,Writer,Writing
4328,9486,1230252,Peter Howitt,Director,Directing
4329,1008042,2070453,Danny Philippou,Writer,Writing
4330,1008042,2070452,Michael Philippou,Director,Directing
4331,1008042,2070453,Danny Philippou,Director,Directing
4332,1008042,3764010,Bill Hinzman,Writer,Writing
4333,136799,64151,Mike Mitchell,Director,Directing
4334,136799,57744,Jonathan Aibel,Screenplay,Writing
4335,136799,57743,Glenn Berger,Screenplay,Writing
4336,11917,2679,David Hackl,Director,Directing
4337,11917,51023,Marcus Dunstan,Screenplay,Writing
4338,11917,51021,Patrick Melton,Screenplay,Writing
4339,1246,16483,Sylvester Stallone,Writer,Writing
4340,1246,16483,Sylvester Stallone,Director,Directing
4341,347031,1383612,Daniel Kwan,Director,Directing
4342,347031,1317730,Daniel Scheinert,Director,Directing
4343,347031,1383612,Daniel Kwan,Writer,Writing
4344,347031,1317730,Daniel Scheinert,Writer,Writing
4345,816,6737,Jay Roach,Director,Directing
4346,816,12073,Mike Myers,Screenplay,Writing
4347,241,3181,Richard Rutowski,Screenplay,Writing
4348,241,1152,Oliver Stone,Director,Directing
4349,241,1152,Oliver Stone,Screenplay,Writing
4350,241,3180,David Veloz,Screenplay,Writing
4351,152760,1461,George Clooney,Director,Directing
4352,152760,1461,George Clooney,Screenplay,Writing
4353,152760,31511,Grant Heslov,Screenplay,Writing
4354,80,569,Ethan Hawke,Screenplay,Writing
4355,80,1146,Julie Delpy,Screenplay,Writing
4356,80,564,Richard Linklater,Director,Directing
4357,80,564,Richard Linklater,Screenplay,Writing
4358,232672,57370,Frank Coraci,Director,Directing
4359,232672,186858,Ivan Menchell,Writer,Writing
4360,232672,1274512,Clare Sera,Writer,Writing
4361,713704,1398631,Lee Cronin,Writer,Writing
4362,713704,1398631,Lee Cronin,Director,Directing
4363,77877,224385,Will Fetters,Screenplay,Writing
4364,77877,33433,Scott Hicks,Director,Directing
4365,936075,932,John Logan,Writer,Writing
4366,936075,20907,Antoine Fuqua,Director,Directing
4367,308531,120015,Josh Appelbaum,Writer,Writing
4368,308531,1018751,André Nemec,Writer,Writing
4369,308531,1101410,Dave Green,Director,Directing
4370,615777,136495,Damien Chazelle,Writer,Writing
4371,615777,136495,Damien Chazelle,Director,Directing
4372,580175,4453,Thomas Vinterberg,Writer,Writing
4373,580175,141883,Tobias Lindholm,Writer,Writing
4374,580175,4453,Thomas Vinterberg,Director,Directing
4375,426063,138781,Robert Eggers,Director,Directing
4376,426063,138781,Robert Eggers,Writer,Writing
4377,400617,4762,Paul Thomas Anderson,Director,Directing
4378,400617,4762,Paul Thomas Anderson,Writer,Writing
4379,10200,55499,Scott Derrickson,Director,Directing
4380,10200,21527,David Scarpa,Screenplay,Writing
4381,926393,22814,Richard Wenk,Writer,Writing
4382,926393,20907,Antoine Fuqua,Director,Directing
4383,172385,5714,Carlos Saldanha,Director,Directing
4384,172385,58144,Don Rhymer,Screenplay,Writing
4385,172385,1524786,Carlos Kotkin,Screenplay,Writing
4386,172385,66962,Jenny Bicks,Screenplay,Writing
4387,172385,967321,Yoni Brenner,Screenplay,Writing
4388,20943,36797,Robert Luketic,Director,Directing
4389,20943,40589,Karen McCullah,Writer,Writing
4390,20943,141439,Nicole Eastman,Writer,Writing
4391,2899,4275,Alain Chabat,Screenplay,Writing
4392,2899,4275,Alain Chabat,Director,Directing
4393,265195,591600,Damián Szifron,Director,Directing
4394,265195,591600,Damián Szifron,Writer,Writing
4395,59,224,David Cronenberg,Director,Directing
4396,59,305,Josh Olson,Screenplay,Writing
4397,942,7187,Richard Donner,Director,Directing
4398,942,737,Jeffrey Boam,Screenplay,Writing
4399,371638,77951,Michael H. Weber,Screenplay,Writing
4400,371638,17051,James Franco,Director,Directing
4401,371638,77950,Scott Neustadter,Screenplay,Writing
4402,9390,11649,Cameron Crowe,Director,Directing
4403,9390,11649,Cameron Crowe,Writer,Writing
4404,44943,66739,Jonathan Liebesman,Director,Directing
4405,44943,141682,Christopher Bertolini,Writer,Writing
4406,587792,1704882,Max Barbakow,Director,Directing
4407,587792,2475993,Andy Siara,Screenplay,Writing
4408,5174,11091,Brett Ratner,Director,Directing
4409,5174,2689,Jeff Nathanson,Screenplay,Writing
4410,986056,836732,Jake Schreier,Director,Directing
4411,986056,579281,Eric Pearson,Screenplay,Writing
4412,986056,1407445,Joanna Calo,Screenplay,Writing
4413,866,12995,Marc Forster,Director,Directing
4414,866,12996,David Magee,Screenplay,Writing
4415,2288,5342,Mike Nichols,Director,Directing
4416,2288,23606,Patrick Marber,Screenplay,Writing
4417,2252,224,David Cronenberg,Director,Directing
4418,2252,23227,Steven Knight,Screenplay,Writing
4419,582014,1252934,Emerald Fennell,Director,Directing
4420,582014,1252934,Emerald Fennell,Writer,Writing
4421,68,280,Terry Gilliam,Director,Directing
4422,68,372,Tom Stoppard,Screenplay,Writing
4423,68,374,Charles McKeown,Screenplay,Writing
4424,68,280,Terry Gilliam,Screenplay,Writing
4425,193610,11151,Nick Cassavetes,Director,Directing
4426,193610,1173989,Melissa K. Stack,Writer,Writing
4427,23169,224385,Will Fetters,Writer,Writing
4428,23169,16834,Allen Coulter,Director,Directing
4429,11621,608,Hayao Miyazaki,Director,Directing
4430,11621,608,Hayao Miyazaki,Screenplay,Writing
4431,417678,1572145,Stella Meghie,Director,Directing
4432,417678,225499,J. Mills Goodloe,Screenplay,Writing
4433,340102,1053420,Josh Boone,Writer,Writing
4434,340102,1371036,Knate Gwaltney,Writer,Writing
4435,340102,1053420,Josh Boone,Director,Directing
4436,10054,2294,Robert Rodriguez,Director,Directing
4437,10054,2294,Robert Rodriguez,Writer,Writing
4438,456740,57581,Neil Marshall,Director,Directing
4439,456740,1237644,Andrew Cosby,Screenplay,Writing
4440,914,13848,Charlie Chaplin,Director,Directing
4441,914,13848,Charlie Chaplin,Screenplay,Writing
4442,696506,21684,Bong Joon Ho,Director,Directing
4443,696506,21684,Bong Joon Ho,Writer,Writing
4444,9870,52934,Nicholas Stoller,Director,Directing
4445,9870,41088,Jason Segel,Screenplay,Writing
4446,514847,79434,Craig Zobel,Director,Directing
4447,514847,1544457,Nick Cuse,Writer,Writing
4448,514847,28974,Damon Lindelof,Writer,Writing
4449,9291,13426,Peter Segal,Director,Directing
4450,9291,57336,Sheldon Turner,Screenplay,Writing
4451,77950,94075,David Soren,Screenplay,Writing
4452,77950,94075,David Soren,Director,Directing
4453,77950,582919,Darren Lemke,Screenplay,Writing
4454,77950,103041,Robert D. Siegel,Screenplay,Writing
4455,37247,10769,Calder Willingham,Screenplay,Writing
4456,37247,5342,Mike Nichols,Director,Directing
4457,37247,7795,Buck Henry,Screenplay,Writing
4458,57212,470,Lee Hall,Screenplay,Writing
4459,57212,7018,Richard Curtis,Writer,Writing
4460,57212,488,Steven Spielberg,Director,Directing
4461,817,12073,Mike Myers,Screenplay,Writing
4462,817,14172,Michael McCullers,Screenplay,Writing
4463,817,6737,Jay Roach,Director,Directing
4464,13387,75035,Olivier Megaton,Director,Directing
4465,13387,61,Robert Mark Kamen,Screenplay,Writing
4466,13387,59,Luc Besson,Screenplay,Writing
4467,50456,36588,Joe Wright,Director,Directing
4468,50456,79886,David Farr,Screenplay,Writing
4469,50456,1027824,Seth Lochhead,Screenplay,Writing
4470,278924,52961,Dennis Gansel,Director,Directing
4471,278924,1466046,Philip Shelby,Screenplay,Writing
4472,278924,1475226,Rachel Long,Screenplay,Writing
4473,278924,1475225,Tony Mosher,Screenplay,Writing
4474,278924,1308362,Brian Pittman,Screenplay,Writing
4475,65086,63306,James Watkins,Director,Directing
4476,65086,23447,Jane Goldman,Screenplay,Writing
4477,1621,4610,John Landis,Director,Directing
4478,1621,14711,Timothy Harris,Writer,Writing
4479,1621,14710,Herschel Weingrod,Writer,Writing
4480,594767,58191,Chris Morgan,Writer,Writing
4481,594767,1101411,Henry Gayden,Writer,Writing
4482,594767,1302082,David F. Sandberg,Director,Directing
4483,499932,56369,Antonio Campos,Screenplay,Writing
4484,499932,2123138,Paulo Campos,Screenplay,Writing
4485,499932,56369,Antonio Campos,Director,Directing
4486,258216,42,Lars von Trier,Director,Directing
4487,258216,42,Lars von Trier,Writer,Writing
4488,1620,18184,Xavier Gens,Director,Directing
4489,1620,18185,Skip Woods,Screenplay,Writing
4490,406759,5430,Harald Kloser,Writer,Writing
4491,406759,6046,Roland Emmerich,Writer,Writing
4492,406759,1651531,Spenser Cohen,Writer,Writing
4493,406759,6046,Roland Emmerich,Director,Directing
4494,600354,1150548,Florian Zeller,Director,Directing
4495,600354,1150548,Florian Zeller,Screenplay,Writing
4496,600354,12952,Christopher Hampton,Screenplay,Writing
4497,1078605,84833,Zach Cregger,Director,Directing
4498,1078605,84833,Zach Cregger,Writer,Writing
4499,212778,15277,Jon Favreau,Director,Directing
4500,212778,15277,Jon Favreau,Writer,Writing
4501,50348,144221,Brad Furman,Director,Directing
4502,50348,1217611,John Romano,Screenplay,Writing
4503,512196,54248,Christopher Landon,Director,Directing
4504,512196,54248,Christopher Landon,Writer,Writing
4505,77016,19769,David Ayer,Screenplay,Writing
4506,77016,19769,David Ayer,Director,Directing
4507,462,1884,Steven Soderbergh,Director,Directing
4508,462,6340,Susannah Grant,Writer,Writing
4509,9489,57678,Delia Ephron,Screenplay,Writing
4510,9489,9248,Nora Ephron,Director,Directing
4511,9489,9248,Nora Ephron,Screenplay,Writing
4512,7512,17403,Mike Judge,Director,Directing
4513,7512,52803,Etan Cohen,Screenplay,Writing
4514,7512,17403,Mike Judge,Screenplay,Writing
4515,11674,18356,Stephen Herek,Director,Directing
4516,11674,11505,John Hughes,Screenplay,Writing
4517,160588,1243,Woody Allen,Director,Directing
4518,160588,1243,Woody Allen,Writer,Writing
4519,1669,912,Larry Ferguson,Screenplay,Writing
4520,1669,1090,John McTiernan,Director,Directing
4521,1669,59906,Donald E. Stewart,Screenplay,Writing
4522,4257,35796,Craig Mazin,Screenplay,Writing
4523,4257,12936,Jim Abrahams,Screenplay,Writing
4524,4257,12991,Pat Proft,Screenplay,Writing
4525,4257,12987,David Zucker,Director,Directing
4526,937278,12995,Marc Forster,Director,Directing
4527,937278,12996,David Magee,Screenplay,Writing
4528,267935,488,Steven Spielberg,Director,Directing
4529,267935,9964,Melissa Mathison,Screenplay,Writing
4530,15121,2637,Ernest Lehman,Screenplay,Writing
4531,15121,1744,Robert Wise,Director,Directing
4532,280092,2128,Leigh Whannell,Writer,Writing
4533,280092,2128,Leigh Whannell,Director,Directing
4534,1062722,10828,Guillermo del Toro,Director,Directing
4535,1062722,10828,Guillermo del Toro,Writer,Writing
4536,27582,12786,Simon West,Director,Directing
4537,27582,22814,Richard Wenk,Screenplay,Writing
4538,27582,84657,Lewis John Carlino,Screenplay,Writing
4539,62214,510,Tim Burton,Director,Directing
4540,62214,1300,John August,Screenplay,Writing
4541,314,19535,John Rogers,Screenplay,Writing
4542,314,4586,Pitof,Director,Directing
4543,314,12906,Rita Hsiao,Writer,Writing
4544,7735,4918,Peter Thorwarth,Screenplay,Writing
4545,7735,52961,Dennis Gansel,Director,Directing
4546,7735,52961,Dennis Gansel,Screenplay,Writing
4547,6795,508,David Koepp,Screenplay,Writing
4548,6795,15277,Jon Favreau,Director,Directing
4549,6795,51296,John Kamps,Screenplay,Writing
4550,1443,1769,Sofia Coppola,Director,Directing
4551,1443,1769,Sofia Coppola,Screenplay,Writing
4552,59962,36425,McG,Director,Directing
4553,59962,132315,Timothy Dowling,Screenplay,Writing
4554,59962,11092,Simon Kinberg,Screenplay,Writing
4555,429197,55710,Adam McKay,Writer,Writing
4556,429197,55710,Adam McKay,Director,Directing
4557,8367,8300,Kevin Reynolds,Director,Directing
4558,8367,2185,John Watson,Screenplay,Writing
4559,8367,2182,Pen Densham,Screenplay,Writing
4560,87093,7131,Larry Karaszewski,Writer,Writing
4561,87093,510,Tim Burton,Director,Directing
4562,87093,7130,Scott Alexander,Writer,Writing
4563,8487,12100,Jeffrey Price,Screenplay,Writing
4564,8487,12101,Peter S. Seaman,Screenplay,Writing
4565,8487,5174,Barry Sonnenfeld,Director,Directing
4566,8487,26479,S.S. Wilson,Screenplay,Writing
4567,8487,26475,Brent Maddock,Screenplay,Writing
4568,796,11873,Roger Kumble,Director,Directing
4569,796,11873,Roger Kumble,Screenplay,Writing
4570,146,1617,James Schamus,Screenplay,Writing
4571,146,1618,Tsai Kuo-Jung,Screenplay,Writing
4572,146,28642,Wang Huiling,Screenplay,Writing
4573,146,1614,Ang Lee,Director,Directing
4574,9362,26475,Brent Maddock,Screenplay,Writing
4575,9362,33485,Ron Underwood,Director,Directing
4576,9362,26479,S.S. Wilson,Screenplay,Writing
4577,58233,56710,Oliver Parker,Director,Directing
4578,58233,21075,William Davies,Writer,Writing
4579,58233,16359,Hamish McColl,Screenplay,Writing
4580,261023,65167,Scott Cooper,Director,Directing
4581,261023,21339,Jez Butterworth,Screenplay,Writing
4582,261023,1304301,Mark Mallouk,Screenplay,Writing
4583,11887,40254,Peter Barsocchini,Writer,Writing
4584,11887,65310,Kenny Ortega,Director,Directing
4585,4995,4762,Paul Thomas Anderson,Director,Directing
4586,4995,4762,Paul Thomas Anderson,Writer,Writing
4587,384521,1301933,Julius Onah,Director,Directing
4588,384521,1090787,Oren Uziel,Screenplay,Writing
4589,384521,65779,Doug Jung,Screenplay,Writing
4590,1011985,57744,Jonathan Aibel,Writer,Writing
4591,1011985,57743,Glenn Berger,Writer,Writing
4592,1011985,582919,Darren Lemke,Writer,Writing
4593,1011985,64151,Mike Mitchell,Director,Directing
4594,458576,4014,Paul W. S. Anderson,Director,Directing
4595,458576,4014,Paul W. S. Anderson,Screenplay,Writing
4596,617126,1212522,Matt Shakman,Director,Directing
4597,617126,507,Josh Friedman,Screenplay,Writing
4598,617126,579281,Eric Pearson,Screenplay,Writing
4599,617126,1184281,Jeff Kaplan,Screenplay,Writing
4600,617126,1184283,Ian Springer,Screenplay,Writing
4601,504949,114334,David Michôd,Director,Directing
4602,504949,114334,David Michôd,Screenplay,Writing
4603,504949,33192,Joel Edgerton,Screenplay,Writing
4604,401104,149495,Marti Noxon,Screenplay,Writing
4605,401104,149495,Marti Noxon,Director,Directing
4606,449563,222470,Todd Strauss-Schulson,Director,Directing
4607,449563,122517,Erin Cardillo,Screenplay,Writing
4608,449563,56718,Dana Fox,Screenplay,Writing
4609,449563,1491121,Katie Silberman,Screenplay,Writing
4610,23631,2294,Robert Rodriguez,Director,Directing
4611,23631,61847,Ethan Maniquis,Director,Directing
4612,23631,2294,Robert Rodriguez,Writer,Writing
4613,23631,57475,Álvaro Rodríguez,Writer,Writing
4614,458423,17510,Ol Parker,Director,Directing
4615,458423,17510,Ol Parker,Writer,Writing
4616,295964,47333,John Wells,Director,Directing
4617,295964,23227,Steven Knight,Screenplay,Writing
4618,258230,51894,J. A. Bayona,Director,Directing
4619,258230,1299057,Patrick Ness,Screenplay,Writing
4620,9032,17494,Dennis Dugan,Director,Directing
4621,9032,56728,Tim Herlihy,Screenplay,Writing
4622,9032,19292,Adam Sandler,Screenplay,Writing
4623,9032,204761,Steve Franks,Screenplay,Writing
4624,1234821,508,David Koepp,Writer,Writing
4625,1234821,129894,Gareth Edwards,Director,Directing
4626,12222,71729,Steve Martino,Director,Directing
4627,12222,52360,Ken Daurio,Screenplay,Writing
4628,12222,8029,Jimmy Hayward,Director,Directing
4629,12222,52361,Cinco Paul,Screenplay,Writing
4630,72331,565491,Seth Grahame-Smith,Screenplay,Writing
4631,72331,23430,Timur Bekmambetov,Director,Directing
4632,766,7623,Sam Raimi,Writer,Writing
4633,766,7629,Ivan Raimi,Writer,Writing
4634,766,7623,Sam Raimi,Director,Directing
4635,572802,142686,David Leslie Johnson-McGoldrick,Screenplay,Writing
4636,572802,2127,James Wan,Director,Directing
4637,8619,2690,Peter Weir,Director,Directing
4638,8619,2690,Peter Weir,Screenplay,Writing
4639,8619,55474,John Collee,Screenplay,Writing
4640,695721,1273117,Michael Lesslie,Screenplay,Writing
4641,695721,10943,Francis Lawrence,Director,Directing
4642,695721,16961,Michael Arndt,Screenplay,Writing
4643,399361,556172,J.C. Chandor,Director,Directing
4644,399361,556172,J.C. Chandor,Screenplay,Writing
4645,399361,51686,Mark Boal,Screenplay,Writing
4646,765,11641,Scott Spiegel,Screenplay,Writing
4647,765,7623,Sam Raimi,Screenplay,Writing
4648,765,7623,Sam Raimi,Director,Directing
4649,1103,14692,Nick Castle,Screenplay,Writing
4650,1103,11770,John Carpenter,Director,Directing
4651,1103,11770,John Carpenter,Screenplay,Writing
4652,3594,5572,Joel Schumacher,Director,Directing
4653,3594,33234,Fernley Phillips,Screenplay,Writing
4654,46705,139098,Derek Cianfrance,Director,Directing
4655,46705,139098,Derek Cianfrance,Writer,Writing
4656,46705,549018,Cami Delavigne,Writer,Writing
4657,46705,961942,Joey Curtis,Writer,Writing
4658,457799,69237,Joe Berlinger,Director,Directing
4659,457799,1817747,Michael Werwie,Writer,Writing
4660,419478,932088,Scott Speer,Director,Directing
4661,419478,1799597,Eric Kirsten,Writer,Writing
4662,277685,1347823,Nelson Greaves,Writer,Writing
4663,277685,86688,Levan Gabriadze,Director,Directing
4664,74643,67717,Michel Hazanavicius,Director,Directing
4665,74643,67717,Michel Hazanavicius,Writer,Writing
4666,397837,86035,Maria Maggenti,Screenplay,Writing
4667,397837,45419,Ry Russo-Young,Director,Directing
4668,22804,2150,Kevin Greutert,Director,Directing
4669,22804,51023,Marcus Dunstan,Screenplay,Writing
4670,22804,51021,Patrick Melton,Screenplay,Writing
4671,381289,5306,Lasse Hallström,Director,Directing
4672,381289,1382199,Cathryn Michon,Screenplay,Writing
4673,381289,36805,Audrey Wells,Screenplay,Writing
4674,381289,117382,W. Bruce Cameron,Screenplay,Writing
4675,381289,67360,Maya Forbes,Screenplay,Writing
4676,381289,486,Wallace Wolodarsky,Screenplay,Writing
4677,1966,1152,Oliver Stone,Screenplay,Writing
4678,1966,20293,Christopher Kyle,Screenplay,Writing
4679,1966,20294,Laeta Kalogridis,Screenplay,Writing
4680,1966,1152,Oliver Stone,Director,Directing
4681,872,13284,Stanley Donen,Director,Directing
4682,872,13286,Adolph Green,Screenplay,Writing
4683,872,13294,Gene Kelly,Director,Directing
4684,872,197796,Betty Comden,Screenplay,Writing
4685,906126,51894,J. A. Bayona,Director,Directing
4686,906126,51894,J. A. Bayona,Screenplay,Writing
4687,906126,94215,Jaime Marques,Screenplay,Writing
4688,906126,16984,Bernat Vilaplana,Screenplay,Writing
4689,906126,1021406,Nicolás Casariego Córdoba,Screenplay,Writing
4690,10948,67604,Ted Berman,Director,Directing
4691,10948,67607,Art Stevens,Director,Directing
4692,10948,107274,Richard Rich,Director,Directing
4693,8337,11770,John Carpenter,Director,Directing
4694,8337,11770,John Carpenter,Screenplay,Writing
4695,392,5308,Robert Nelson Jacobs,Screenplay,Writing
4696,392,5306,Lasse Hallström,Director,Directing
4697,443791,125324,William Eubank,Director,Directing
4698,443791,1106745,Adam Cozad,Screenplay,Writing
4699,443791,1295292,Brian Duffield,Screenplay,Writing
4700,328425,33192,Joel Edgerton,Director,Directing
4701,328425,33192,Joel Edgerton,Writer,Writing
4702,109431,71600,Seth Gordon,Director,Directing
4703,109431,35796,Craig Mazin,Screenplay,Writing
4704,899082,2122937,Joe Pearlman,Director,Directing
4705,899082,2192897,Casey Patterson,Director,Directing
4706,899082,1398126,Giorgio Testi,Director,Directing
4707,899082,999760,Eran Creevy,Director,Directing
4708,262391,225142,Philippe de Chauveron,Director,Directing
4709,262391,1033664,Guy Laurent,Screenplay,Writing
4710,262391,225142,Philippe de Chauveron,Screenplay,Writing
4711,263472,16847,Eli Roth,Director,Directing
4712,263472,16847,Eli Roth,Screenplay,Writing
4713,263472,86500,Nicolás López,Screenplay,Writing
4714,263472,236211,Guillermo Amoedo,Screenplay,Writing
4715,173897,4014,Paul W. S. Anderson,Director,Directing
4716,173897,4014,Paul W. S. Anderson,Writer,Writing
4717,1370,16589,Peter MacDonald,Director,Directing
4718,1370,16483,Sylvester Stallone,Screenplay,Writing
4719,1370,16590,Sheldon Lettich,Screenplay,Writing
4720,531309,1362815,David Yarovesky,Director,Directing
4721,531309,72724,Brian Gunn,Screenplay,Writing
4722,531309,72725,Mark Gunn,Screenplay,Writing
4723,140823,75511,Sue Smith,Writer,Writing
4724,140823,54040,John Lee Hancock,Director,Directing
4725,140823,940376,Kelly Marcel,Writer,Writing
4726,109451,1046494,Kris Pearn,Director,Directing
4727,109451,12095,Cody Cameron,Director,Directing
4728,109451,52935,John Francis Daley,Screenplay,Writing
4729,109451,1236679,Jonathan Goldstein,Screenplay,Writing
4730,109451,1229796,Erica Rivinoja,Screenplay,Writing
4731,40805,201,Michel Gondry,Director,Directing
4732,40805,54734,Evan Goldberg,Screenplay,Writing
4733,40805,19274,Seth Rogen,Screenplay,Writing
4734,6075,1150,Brian De Palma,Director,Directing
4735,6075,508,David Koepp,Screenplay,Writing
4736,6023,2163,Richard LaGravenese,Director,Directing
4737,6023,2163,Richard LaGravenese,Screenplay,Writing
4738,6023,47283,Steven Rogers,Screenplay,Writing
4739,2756,2710,James Cameron,Director,Directing
4740,2756,2710,James Cameron,Writer,Writing
4741,609681,3119329,Elissa Karasik,Writer,Writing
4742,609681,2056482,Megan McDonnell,Writer,Writing
4743,609681,1795072,Nia DaCosta,Writer,Writing
4744,609681,1795072,Nia DaCosta,Director,Directing
4745,220289,146439,James Ward Byrkit,Director,Directing
4746,220289,146439,James Ward Byrkit,Screenplay,Writing
4747,433808,226587,Joe Barton,Writer,Writing
4748,433808,141962,David Bruckner,Director,Directing
4749,1375,16513,John G. Avildsen,Director,Directing
4750,1375,16483,Sylvester Stallone,Writer,Writing
4751,974576,221522,Edward Berger,Director,Directing
4752,974576,64814,Peter Straughan,Screenplay,Writing
4753,9506,13426,Peter Segal,Director,Directing
4754,9506,1932926,David Dorfman,Writer,Writing
4755,947,12238,David Lean,Director,Directing
4756,947,13317,Robert Bolt,Screenplay,Writing
4757,947,13267,Michael Wilson,Screenplay,Writing
4758,244267,45459,Mike Cahill,Director,Directing
4759,244267,45459,Mike Cahill,Writer,Writing
4760,714,1724,Roger Spottiswoode,Director,Directing
4761,714,10705,Bruce Feirstein,Screenplay,Writing
4762,19959,7213,Jonathan Mostow,Director,Directing
4763,19959,7214,John Brancato,Screenplay,Writing
4764,19959,7215,Michael Ferris,Screenplay,Writing
4765,400650,17633,Rob Marshall,Director,Directing
4766,400650,12996,David Magee,Screenplay,Writing
4767,2486,25453,Stefen Fangmeier,Director,Directing
4768,2486,4946,Peter Buchman,Screenplay,Writing
4769,980489,82194,Neill Blomkamp,Director,Directing
4770,980489,1530530,Jason Hall,Screenplay,Writing
4771,980489,2360102,Zach Baylin,Screenplay,Writing
4772,9361,638,Michael Mann,Director,Directing
4773,9361,638,Michael Mann,Screenplay,Writing
4774,9361,57447,Christopher Crowe,Screenplay,Writing
4775,2005,716,Emile Ardolino,Director,Directing
4776,2005,32588,Paul Rudnick,Writer,Writing
4777,455980,1341472,Jeff Tomsic,Director,Directing
4778,455980,230773,Mark Steilen,Screenplay,Writing
4779,455980,52941,Rob McKittrick,Screenplay,Writing
4780,818,6737,Jay Roach,Director,Directing
4781,818,12073,Mike Myers,Screenplay,Writing
4782,818,14172,Michael McCullers,Screenplay,Writing
4783,957,14639,Mel Brooks,Director,Directing
4784,957,14640,Thomas Meehan,Screenplay,Writing
4785,957,14641,Ronny Graham,Screenplay,Writing
4786,957,14639,Mel Brooks,Screenplay,Writing
4787,39451,17871,John Hamburg,Writer,Writing
4788,39451,3289,Paul Weitz,Director,Directing
4789,39451,10391,Larry Stuckey,Writer,Writing
4790,10312,4489,Steve Oedekerk,Screenplay,Writing
4791,10312,4499,Tom Shadyac,Director,Directing
4792,644495,14588,Becky Johnston,Screenplay,Writing
4793,644495,578,Ridley Scott,Director,Directing
4794,644495,1085584,Roberto Bentivegna,Screenplay,Writing
4795,353616,1278722,Trish Sie,Director,Directing
4796,353616,208664,Kay Cannon,Writer,Writing
4797,353616,17735,Mike White,Writer,Writing
4798,274167,74619,Sean Anders,Director,Directing
4799,274167,202648,Brian Burns,Screenplay,Writing
4800,274167,55710,Adam McKay,Screenplay,Writing
4801,274167,99410,Chris Henchy,Screenplay,Writing
4802,841,5602,David Lynch,Screenplay,Writing
4803,841,5602,David Lynch,Director,Directing
4804,462919,1384266,Ian Samuels,Director,Directing
4805,462919,1475529,Lindsey Anderson Beer,Writer,Writing
4806,15969,139851,Toby Shelton,Director,Directing
4807,15969,34480,Alan Zaslove,Director,Directing
4808,15969,56852,Tad Stones,Director,Directing
4809,15969,1719746,Mirith J. Colao,Writer,Writing
4810,15969,87149,Bill Motz,Writer,Writing
4811,15969,1222319,Steve Roberts,Writer,Writing
4812,15969,142532,Dev Ross,Writer,Writing
4813,15969,87150,Bob Roth,Writer,Writing
4814,15969,1214729,Jan Strnad,Writer,Writing
4815,15969,1219078,Brian Swenlin,Writer,Writing
4816,15969,1219089,Kevin D. Campbell,Writer,Writing
4817,157433,1290272,Dennis Widmyer,Director,Directing
4818,157433,1154561,Kevin Kölsch,Director,Directing
4819,157433,67358,Jeff Buhler,Screenplay,Writing
4820,6557,29214,Anne Fletcher,Director,Directing
4821,6557,10567,Aline Brosh McKenna,Writer,Writing
4822,762441,2580328,Michael Sarnoski,Director,Directing
4823,762441,2580328,Michael Sarnoski,Screenplay,Writing
4824,449443,54868,Christian Gudegast,Director,Directing
4825,449443,54868,Christian Gudegast,Screenplay,Writing
4826,100042,7395,Bobby Farrelly,Director,Directing
4827,100042,7396,Peter Farrelly,Director,Directing
4828,100042,55162,Bennett Yellin,Writer,Writing
4829,100042,74619,Sean Anders,Writer,Writing
4830,100042,212576,John Morris,Writer,Writing
4831,100042,7396,Peter Farrelly,Writer,Writing
4832,100042,7395,Bobby Farrelly,Writer,Writing
4833,100042,21800,Mike Cerrone,Writer,Writing
4834,12133,55710,Adam McKay,Director,Directing
4835,12133,23659,Will Ferrell,Screenplay,Writing
4836,12133,55710,Adam McKay,Screenplay,Writing
4837,76025,72757,Steve McQueen,Director,Directing
4838,76025,93289,Abi Morgan,Screenplay,Writing
4839,76025,72757,Steve McQueen,Screenplay,Writing
4840,1542,17403,Mike Judge,Director,Directing
4841,1542,17403,Mike Judge,Screenplay,Writing
4842,18487,893,Tony Scott,Director,Directing
4843,18487,4723,Brian Helgeland,Screenplay,Writing
4844,470,223,Alejandro G. Iñárritu,Director,Directing
4845,470,273,Guillermo Arriaga,Writer,Writing
4846,3034,3460,Gene Wilder,Screenplay,Writing
4847,3034,14639,Mel Brooks,Screenplay,Writing
4848,3034,14639,Mel Brooks,Director,Directing
4849,674324,54472,Martin McDonagh,Director,Directing
4850,674324,54472,Martin McDonagh,Writer,Writing
4851,393519,1392433,Julia Ducournau,Director,Directing
4852,393519,1392433,Julia Ducournau,Screenplay,Writing
4853,9476,4723,Brian Helgeland,Director,Directing
4854,9476,4723,Brian Helgeland,Writer,Writing
4855,11130,1201,Garry Marshall,Director,Directing
4856,11130,25539,Shonda Rhimes,Screenplay,Writing
4857,8055,468,Stephen Daldry,Director,Directing
4858,8055,8403,David Hare,Screenplay,Writing
4859,968,13861,Frank Pierson,Screenplay,Writing
4860,968,39996,Sidney Lumet,Director,Directing
4861,501929,1578590,Jeff Rowe,Writer,Writing
4862,501929,1647289,Mike Rianda,Writer,Writing
4863,501929,1647289,Mike Rianda,Director,Directing
4864,597208,10828,Guillermo del Toro,Director,Directing
4865,597208,10828,Guillermo del Toro,Screenplay,Writing
4866,597208,1234753,Kim Morgan,Screenplay,Writing
4867,511987,59291,Alexandre Aja,Director,Directing
4868,511987,133405,Shawn Rasmussen,Writer,Writing
4869,511987,2892084,Michael Rasmussen,Writer,Writing
4870,76649,4014,Paul W. S. Anderson,Director,Directing
4871,76649,5574,Janet Scott Batchler,Screenplay,Writing
4872,76649,5573,Lee Batchler,Screenplay,Writing
4873,76649,112689,Michael Robert Johnson,Screenplay,Writing
4874,6978,53025,David Z. Weinstein,Screenplay,Writing
4875,6978,11770,John Carpenter,Director,Directing
4876,6978,1582654,Gary Goldman,Screenplay,Writing
4877,1904,17633,Rob Marshall,Director,Directing
4878,1904,19852,Robin Swicord,Screenplay,Writing
4879,149870,608,Hayao Miyazaki,Director,Directing
4880,149870,608,Hayao Miyazaki,Screenplay,Writing
4881,1242898,568322,Dan Trachtenberg,Director,Directing
4882,1242898,1061155,Patrick Aison,Screenplay,Writing
4883,581734,1395183,Chloé Zhao,Director,Directing
4884,581734,1395183,Chloé Zhao,Writer,Writing
4885,9334,10995,David Hayter,Screenplay,Writing
4886,9334,7775,Stephen Sommers,Screenplay,Writing
4887,9334,57341,William Osborne,Screenplay,Writing
4888,9334,26713,Chuck Russell,Director,Directing
4889,657,9855,Terence Young,Director,Directing
4890,657,9858,Richard Maibaum,Screenplay,Writing
4891,285783,24,Robert Zemeckis,Screenplay,Writing
4892,285783,1371893,Christopher Browne,Screenplay,Writing
4893,285783,24,Robert Zemeckis,Director,Directing
4894,10585,65677,Don Mancini,Screenplay,Writing
4895,10585,65678,John Lafia,Screenplay,Writing
4896,10585,64796,Tom Holland,Screenplay,Writing
4897,10585,64796,Tom Holland,Director,Directing
4898,9792,59291,Alexandre Aja,Director,Directing
4899,9792,59290,Grégory Levasseur,Screenplay,Writing
4900,9792,59291,Alexandre Aja,Screenplay,Writing
4901,11247,68770,Mark Rosman,Director,Directing
4902,11247,68771,Leigh Dunlap,Writer,Writing
4903,573435,1399841,Adil El Arbi,Director,Directing
4904,573435,1399842,Bilall Fallah,Director,Directing
4905,573435,1986351,Chris Bremner,Writer,Writing
4906,573435,466391,Will Beall,Writer,Writing
4907,555604,1245934,Mark Gustafson,Director,Directing
4908,555604,10828,Guillermo del Toro,Director,Directing
4909,555604,10828,Guillermo del Toro,Screenplay,Writing
4910,555604,1245729,Patrick McHale,Screenplay,Writing
4911,35690,114597,Julie Anne Robinson,Director,Directing
4912,35690,114598,Jeff Van Wie,Screenplay,Writing
4913,35690,64172,Nicholas Sparks,Screenplay,Writing
4914,10066,59521,Jaume Collet-Serra,Director,Directing
4915,10066,22038,Carey Hayes,Screenplay,Writing
4916,10066,22039,Chad Hayes,Screenplay,Writing
4917,9614,17494,Dennis Dugan,Director,Directing
4918,9614,56728,Tim Herlihy,Screenplay,Writing
4919,9614,19292,Adam Sandler,Screenplay,Writing
4920,556984,13520,Aaron Sorkin,Writer,Writing
4921,556984,13520,Aaron Sorkin,Director,Directing
4922,4488,35475,Sean S. Cunningham,Director,Directing
4923,4488,38685,Victor Miller,Writer,Writing
4924,622,1026261,Enrique Urbizu,Screenplay,Writing
4925,622,3556,Roman Polanski,Screenplay,Writing
4926,622,8909,John Brownjohn,Screenplay,Writing
4927,622,3556,Roman Polanski,Director,Directing
4928,490,6648,Ingmar Bergman,Director,Directing
4929,490,6648,Ingmar Bergman,Screenplay,Writing
4930,180863,2034,Danny Boyle,Director,Directing
4931,180863,8999,John Hodge,Screenplay,Writing
4932,609,488,Steven Spielberg,Screenplay,Writing
4933,609,10056,Michael Grais,Screenplay,Writing
4934,609,10058,Mark Victor,Screenplay,Writing
4935,609,10051,Tobe Hooper,Director,Directing
4936,915935,1175622,Arthur Harari,Screenplay,Writing
4937,915935,1175620,Justine Triet,Director,Directing
4938,915935,1175620,Justine Triet,Screenplay,Writing
4939,8656,51984,Mimi Leder,Director,Directing
4940,8656,3431,Bruce Joel Rubin,Writer,Writing
4941,8656,16939,Michael Tolkin,Writer,Writing
4942,8413,4014,Paul W. S. Anderson,Director,Directing
4943,8413,55753,Philip Eisner,Writer,Writing
4944,12113,578,Ridley Scott,Director,Directing
4945,12113,34510,William Monahan,Screenplay,Writing
4946,9354,52122,Ed Naha,Screenplay,Writing
4947,9354,4945,Joe Johnston,Director,Directing
4948,9354,2691,Tom Schulman,Screenplay,Writing
4949,440,6037,Colin Strause,Director,Directing
4950,440,6038,Greg Strause,Director,Directing
4951,440,6039,Shane Salerno,Screenplay,Writing
4952,516486,58292,Aaron Schneider,Director,Directing
4953,516486,31,Tom Hanks,Screenplay,Writing
4954,82633,39516,Nick Cave,Screenplay,Writing
4955,82633,53333,John Hillcoat,Director,Directing
4956,46738,137427,Denis Villeneuve,Director,Directing
4957,46738,970214,Valérie Beaugrand-Champagne,Screenplay,Writing
4958,46738,137427,Denis Villeneuve,Screenplay,Writing
4959,939243,93364,Jeff Fowler,Director,Directing
4960,939243,1492059,John Whittington,Screenplay,Writing
4961,939243,63449,Josh Miller,Screenplay,Writing
4962,939243,63453,Pat Casey,Screenplay,Writing
4963,913290,84833,Zach Cregger,Director,Directing
4964,913290,84833,Zach Cregger,Writer,Writing
4965,259694,69124,Abby Kohn,Screenplay,Writing
4966,259694,63820,Christian Ditter,Director,Directing
4967,259694,69125,Marc Silverstein,Screenplay,Writing
4968,259694,56718,Dana Fox,Screenplay,Writing
4969,412117,1024175,Brian Lynch,Writer,Writing
4970,412117,124748,Chris Renaud,Director,Directing
4971,9772,5231,Wolfgang Petersen,Director,Directing
4972,9772,57532,Andrew W. Marlowe,Screenplay,Writing
4973,8967,30715,Terrence Malick,Director,Directing
4974,8967,30715,Terrence Malick,Writer,Writing
4975,979,14597,Gaspar Noé,Director,Directing
4976,979,14597,Gaspar Noé,Writer,Writing
4977,43949,3026,Rob Reiner,Director,Directing
4978,43949,3030,Andrew Scheinman,Screenplay,Writing
4979,43949,3026,Rob Reiner,Screenplay,Writing
4980,818647,1111138,Marçal Forés,Director,Directing
4981,818647,1439986,Eduard Sola,Screenplay,Writing
4982,635744,27005,Don Michael Paul,Director,Directing
4983,635744,27005,Don Michael Paul,Writer,Writing
4984,447277,17633,Rob Marshall,Director,Directing
4985,447277,12996,David Magee,Screenplay,Writing
4986,13809,956,Guy Ritchie,Writer,Writing
4987,13809,956,Guy Ritchie,Director,Directing
4988,8741,30715,Terrence Malick,Director,Directing
4989,8741,30715,Terrence Malick,Screenplay,Writing
4990,68722,4762,Paul Thomas Anderson,Writer,Writing
4991,68722,4762,Paul Thomas Anderson,Director,Directing
4992,68730,14393,Jay Cocks,Screenplay,Writing
4993,68730,1032,Martin Scorsese,Screenplay,Writing
4994,68730,1032,Martin Scorsese,Director,Directing
4995,378236,89112,Tony Leondis,Director,Directing
4996,378236,89112,Tony Leondis,Screenplay,Writing
4997,378236,211565,Eric Siegel,Screenplay,Writing
4998,378236,17735,Mike White,Screenplay,Writing
4999,228205,66121,George Tillman Jr.,Director,Directing
5000,228205,34692,Craig Bolotin,Screenplay,Writing
5001,109421,19014,Scott Z. Burns,Screenplay,Writing
5002,109421,1884,Steven Soderbergh,Director,Directing
5003,2758,5174,Barry Sonnenfeld,Director,Directing
5004,2758,32588,Paul Rudnick,Screenplay,Writing
5005,8922,56349,Victor Salva,Director,Directing
5006,8922,56349,Victor Salva,Writer,Writing
5007,192,2356,Gérard Brach,Screenplay,Writing
5008,192,2352,Jean-Jacques Annaud,Director,Directing
5009,192,2355,Andrew Birkin,Screenplay,Writing
5010,192,2357,Howard Franklin,Screenplay,Writing
5011,192,2358,Alain Godard,Screenplay,Writing
5012,9029,56717,Tom Vaughan,Director,Directing
5013,9029,56718,Dana Fox,Screenplay,Writing
5014,756,11427,Bill Roberts,Director,Directing
5015,756,11428,Paul Satterfield,Director,Directing
5016,756,11434,Wilfred Jackson,Director,Directing
5017,756,11426,Ben Sharpsteen,Director,Directing
5018,756,5690,James Algar,Director,Directing
5019,756,11432,T. Hee,Director,Directing
5020,756,11429,Hamilton Luske,Director,Directing
5021,756,5691,Samuel Armstrong,Director,Directing
5022,756,11430,Jim Handley,Director,Directing
5023,756,226599,Norman Ferguson,Director,Directing
5024,756,5446,David Hand,Director,Directing
5025,756,1094239,Ford Beebe Jr.,Director,Directing
5026,41439,51023,Marcus Dunstan,Screenplay,Writing
5027,41439,2150,Kevin Greutert,Director,Directing
5028,41439,51021,Patrick Melton,Screenplay,Writing
5029,7214,52038,Thomas Carter,Director,Directing
5030,7214,53175,Mark Schwahn,Screenplay,Writing
5031,7214,53176,John Gatins,Screenplay,Writing
5032,1226863,1719706,Aaron Horvath,Director,Directing
5033,1226863,113901,Michael Jelenic,Director,Directing
5034,1226863,1777724,Matthew Fogel,Screenplay,Writing
5035,543540,56514,Steve Bloom,Screenplay,Writing
5036,543540,1971208,Randall Green,Screenplay,Writing
5037,543540,154547,Chris Nelson,Director,Directing
5038,10439,65310,Kenny Ortega,Director,Directing
5039,10439,59648,Neil Cuthbert,Screenplay,Writing
5040,10439,61824,Mick Garris,Screenplay,Writing
5041,179144,56194,Paolo Sorrentino,Screenplay,Writing
5042,179144,56194,Paolo Sorrentino,Director,Directing
5043,179144,126970,Umberto Contarello,Screenplay,Writing
5044,9655,58375,Andy Fickman,Director,Directing
5045,9655,58376,Ewan Leslie,Screenplay,Writing
5046,9655,40589,Karen McCullah,Screenplay,Writing
5047,9655,40590,Kirsten Smith,Screenplay,Writing
5048,49730,19850,Catherine Hardwicke,Director,Directing
5049,49730,142686,David Leslie Johnson-McGoldrick,Writer,Writing
5050,1738,7256,Lee Tamahori,Director,Directing
5051,1738,16835,Paul Bernbaum,Screenplay,Writing
5052,1738,876,Jonathan Hensleigh,Screenplay,Writing
5053,1738,1582654,Gary Goldman,Screenplay,Writing
5054,9471,21159,Marianne Wibberley,Screenplay,Writing
5055,9471,21158,Cormac Wibberley,Screenplay,Writing
5056,9471,36425,McG,Director,Directing
5057,9471,1300,John August,Screenplay,Writing
5058,238615,56512,Tarsem Singh,Director,Directing
5059,238615,94220,Àlex Pastor,Screenplay,Writing
5060,238615,94222,David Pastor,Screenplay,Writing
5061,3597,26458,Kevin Williamson,Screenplay,Writing
5062,3597,33254,Jim Gillespie,Director,Directing
5063,726209,1331163,Sam Esmail,Screenplay,Writing
5064,726209,1331163,Sam Esmail,Director,Directing
5065,249070,1413740,Aleksander Bach,Director,Directing
5066,249070,18185,Skip Woods,Screenplay,Writing
5067,249070,113307,Michael Finch,Screenplay,Writing
5068,3050,31024,Betty Thomas,Director,Directing
5069,3050,31025,Nat Mauldin,Screenplay,Writing
5070,3050,31026,Larry Levin,Screenplay,Writing
5071,9714,1215,Raja Gosnell,Director,Directing
5072,9714,11505,John Hughes,Writer,Writing
5073,975,240,Stanley Kubrick,Screenplay,Writing
5074,975,3335,Jim Thompson,Screenplay,Writing
5075,975,240,Stanley Kubrick,Director,Directing
5076,975,10769,Calder Willingham,Screenplay,Writing
5077,36643,10705,Bruce Feirstein,Screenplay,Writing
5078,36643,10781,Michael Apted,Director,Directing
5079,13310,74396,Tomas Alfredson,Director,Directing
5080,13310,74397,John Ajvide Lindqvist,Writer,Writing
5081,843,12453,Wong Kar-Wai,Screenplay,Writing
5082,843,12453,Wong Kar-Wai,Director,Directing
5083,119283,18596,Taylor Hackford,Director,Directing
5084,119283,1054633,John J. McLaughlin,Screenplay,Writing
5085,9355,20629,George Miller,Director,Directing
5086,9355,20629,George Miller,Screenplay,Writing
5087,9355,11452,Terry Hayes,Screenplay,Writing
5088,9355,57433,George Ogilvie,Director,Directing
5089,1064213,118415,Sean Baker,Director,Directing
5090,1064213,118415,Sean Baker,Writer,Writing
5091,38408,120353,Ian Deitchman,Writer,Writing
5092,38408,88967,Greg Berlanti,Director,Directing
5093,38408,120354,Kristin Rusk Robinson,Writer,Writing
5094,943,737,Jeffrey Boam,Screenplay,Writing
5095,943,7187,Richard Donner,Director,Directing
5096,943,61,Robert Mark Kamen,Screenplay,Writing
5097,62764,133287,Jason Keller,Screenplay,Writing
5098,62764,56512,Tarsem Singh,Director,Directing
5099,62764,58789,Marc Klein,Screenplay,Writing
5100,284293,82335,Richard Glatzer,Director,Directing
5101,284293,82337,Wash Westmoreland,Director,Directing
5102,284293,82335,Richard Glatzer,Screenplay,Writing
5103,284293,82337,Wash Westmoreland,Screenplay,Writing
5104,519182,124748,Chris Renaud,Director,Directing
5105,519182,17735,Mike White,Writer,Writing
5106,519182,52360,Ken Daurio,Writer,Writing
5107,10022,59413,Robert Ben Garant,Screenplay,Writing
5108,10022,539,Thomas Lennon,Screenplay,Writing
5109,10022,20739,Adam Shankman,Director,Directing
5110,619,8843,Mick Jackson,Director,Directing
5111,619,8844,Lawrence Kasdan,Screenplay,Writing
5112,415842,84931,Michael Cuesta,Director,Directing
5113,415842,59583,Stephen Schiff,Screenplay,Writing
5114,415842,9182,Marshall Herskovitz,Screenplay,Writing
5115,415842,9181,Edward Zwick,Screenplay,Writing
5116,415842,113307,Michael Finch,Screenplay,Writing
5117,167073,77269,John Crowley,Director,Directing
5118,167073,3225,Nick Hornby,Screenplay,Writing
5119,60935,115033,Eric Heisserer,Writer,Writing
5120,60935,1692687,Matthijs van Heijningen Jr.,Director,Directing
5121,940721,43652,Takashi Yamazaki,Director,Directing
5122,940721,43652,Takashi Yamazaki,Screenplay,Writing
5123,10494,40333,Satoshi Kon,Director,Directing
5124,10494,65441,Sadayuki Murai,Screenplay,Writing
5125,934433,1661850,Guy Busick,Writer,Writing
5126,934433,1039527,Tyler Gillett,Director,Directing
5127,934433,66681,Matt Bettinelli-Olpin,Director,Directing
5128,934433,20204,James Vanderbilt,Writer,Writing
5129,491418,74619,Sean Anders,Director,Directing
5130,491418,74619,Sean Anders,Writer,Writing
5131,491418,212576,John Morris,Writer,Writing
5132,2666,21085,Alex Proyas,Director,Directing
5133,2666,3893,David S. Goyer,Screenplay,Writing
5134,2666,21085,Alex Proyas,Screenplay,Writing
5135,2666,23649,Lem Dobbs,Screenplay,Writing
5136,882569,956,Guy Ritchie,Director,Directing
5137,882569,956,Guy Ritchie,Writer,Writing
5138,882569,2037427,Ivan Atkinson,Writer,Writing
5139,882569,1270829,Marn Davies,Writer,Writing
5140,15472,19346,Niels Arden Oplev,Director,Directing
5141,15472,74758,Rasmus Heisterberg,Screenplay,Writing
5142,15472,74752,Nikolaj Arcel,Screenplay,Writing
5143,9470,545537,Tsang Kan-Cheong,Screenplay,Writing
5144,9470,57607,Stephen Chow,Director,Directing
5145,9470,57607,Stephen Chow,Screenplay,Writing
5146,9470,566175,Chan Man-Keung,Screenplay,Writing
5147,9470,15160,Xin Huo,Screenplay,Writing
5148,61979,82724,Fernando González Molina,Director,Directing
5149,61979,125064,Ramón Salazar,Writer,Writing
5150,11836,70651,Stephen Hillenburg,Director,Directing
5151,11836,70651,Stephen Hillenburg,Screenplay,Writing
5152,11836,49903,Tim Hill,Screenplay,Writing
5153,11836,70652,Derek Drymon,Screenplay,Writing
5154,11836,45416,Kent Osborne,Screenplay,Writing
5155,11836,217181,Aaron Springer,Screenplay,Writing
5156,11836,217174,Paul Tibbitt,Screenplay,Writing
5157,11283,64045,Kirk Jones,Director,Directing
5158,11283,7056,Emma Thompson,Screenplay,Writing
5159,1970,20355,Stephen Susco,Writer,Writing
5160,1970,20310,Takashi Shimizu,Director,Directing
5161,1970,20310,Takashi Shimizu,Writer,Writing
5162,1934,18844,John Madden,Director,Directing
5163,1934,20061,Marc Norman,Writer,Writing
5164,1934,372,Tom Stoppard,Writer,Writing
5165,525661,6737,Jay Roach,Director,Directing
5166,525661,1474332,Charles Randolph,Writer,Writing
5167,157547,551463,Mike Flanagan,Screenplay,Writing
5168,157547,551463,Mike Flanagan,Director,Directing
5169,157547,1224355,Jeff Howard,Screenplay,Writing
5170,46838,52479,Eli Craig,Writer,Writing
5171,46838,137482,Morgan Jurgenson,Writer,Writing
5172,46838,52479,Eli Craig,Director,Directing
5173,822119,1301933,Julius Onah,Director,Directing
5174,822119,1301933,Julius Onah,Screenplay,Writing
5175,822119,1189506,Peter Glanz,Screenplay,Writing
5176,822119,56611,Rob Edwards,Screenplay,Writing
5177,822119,1868712,Malcolm Spellman,Screenplay,Writing
5178,822119,1437638,Dalan Musson,Screenplay,Writing
5179,249397,42,Lars von Trier,Director,Directing
5180,249397,42,Lars von Trier,Writer,Writing
5181,3175,240,Stanley Kubrick,Screenplay,Writing
5182,3175,240,Stanley Kubrick,Director,Directing
5183,429351,1719601,Nicolai Fuglsig,Director,Directing
5184,429351,57862,Ted Tally,Writer,Writing
5185,429351,225633,Peter Craig,Writer,Writing
5186,51739,144476,Hiromasa Yonebayashi,Director,Directing
5187,51739,608,Hayao Miyazaki,Screenplay,Writing
5188,51739,1416,Keiko Niwa,Screenplay,Writing
5189,758323,1299642,Julius Avery,Director,Directing
5190,758323,80675,Evan Spiliotopoulos,Screenplay,Writing
5191,758323,61239,Michael Petroni,Screenplay,Writing
5192,10734,14773,Don Siegel,Director,Directing
5193,10734,66274,Richard Tuggle,Screenplay,Writing
5194,59108,2689,Jeff Nathanson,Screenplay,Writing
5195,59108,1886,Ted Griffin,Screenplay,Writing
5196,59108,11091,Brett Ratner,Director,Directing
5197,7840,6046,Roland Emmerich,Director,Directing
5198,7840,6046,Roland Emmerich,Screenplay,Writing
5199,7840,5430,Harald Kloser,Screenplay,Writing
5200,11906,44959,Daria Nicolodi,Screenplay,Writing
5201,11906,4955,Dario Argento,Director,Directing
5202,11906,4955,Dario Argento,Screenplay,Writing
5203,205,2589,Terry George,Director,Directing
5204,205,2590,Keir Pearson,Writer,Writing
5205,205,2589,Terry George,Writer,Writing
5206,25,39,Sam Mendes,Director,Directing
5207,25,142,William Broyles Jr.,Screenplay,Writing
5208,917496,510,Tim Burton,Director,Directing
5209,917496,18923,Miles Millar,Screenplay,Writing
5210,917496,18924,Alfred Gough,Screenplay,Writing
5211,503314,1057579,Tatsuya Nagamine,Director,Directing
5212,503314,78322,Akira Toriyama,Screenplay,Writing
5213,421,5655,Wes Anderson,Director,Directing
5214,421,5655,Wes Anderson,Writer,Writing
5215,421,5656,Noah Baumbach,Writer,Writing
5216,10521,83872,Casey Wilson,Screenplay,Writing
5217,10521,67376,Greg DePaul,Screenplay,Writing
5218,10521,83873,June Diane Raphael,Screenplay,Writing
5219,10521,17046,Gary Winick,Director,Directing
5220,7220,876,Jonathan Hensleigh,Director,Directing
5221,7220,876,Jonathan Hensleigh,Writer,Writing
5222,7220,10703,Michael France,Writer,Writing
5223,9889,7395,Bobby Farrelly,Director,Directing
5224,9889,7396,Peter Farrelly,Director,Directing
5225,9889,7396,Peter Farrelly,Screenplay,Writing
5226,9889,7395,Bobby Farrelly,Screenplay,Writing
5227,9889,60006,Sean Moynihan,Screenplay,Writing
5228,15092,20193,Mark Neveldine,Director,Directing
5229,15092,20192,Brian Taylor,Director,Directing
5230,15092,20193,Mark Neveldine,Screenplay,Writing
5231,15092,20192,Brian Taylor,Screenplay,Writing
5232,58224,74619,Sean Anders,Screenplay,Writing
5233,58224,212576,John Morris,Screenplay,Writing
5234,58224,54050,Mark Waters,Director,Directing
5235,58224,89027,Jared Stern,Screenplay,Writing
5236,665,10001,William Wyler,Director,Directing
5237,665,10003,Karl Tunberg,Screenplay,Writing
5238,10999,67753,Mark L. Lester,Director,Directing
5239,10999,1726,Steven E. de Souza,Screenplay,Writing
5240,1084242,1318201,Jared Bush,Writer,Writing
5241,1084242,1318201,Jared Bush,Director,Directing
5242,1084242,76595,Byron Howard,Director,Directing
5243,32856,1201,Garry Marshall,Director,Directing
5244,32856,69124,Abby Kohn,Writer,Writing
5245,32856,68308,Katherine Fugate,Screenplay,Writing
5246,32856,69125,Marc Silverstein,Writer,Writing
5247,32856,68308,Katherine Fugate,Writer,Writing
5248,1241982,4524084,David G. Derrick Jr.,Director,Directing
5249,1241982,1461394,Jason Hand,Director,Directing
5250,1241982,1513971,Dana Ledoux Miller,Director,Directing
5251,1241982,1513971,Dana Ledoux Miller,Screenplay,Writing
5252,1241982,1318201,Jared Bush,Screenplay,Writing
5253,406563,1306608,Adam Robitel,Director,Directing
5254,406563,2128,Leigh Whannell,Writer,Writing
5255,1267,16842,Stephen J. Anderson,Director,Directing
5256,1267,272836,Jon Bernstein,Screenplay,Writing
5257,1267,16843,Michelle Bochner Spitz,Screenplay,Writing
5258,1267,227439,Don Hall,Screenplay,Writing
5259,1267,121830,Nathan Greno,Screenplay,Writing
5260,1267,963235,Aurian Redson,Screenplay,Writing
5261,1267,1077830,Joseph Mateo,Screenplay,Writing
5262,1267,16842,Stephen J. Anderson,Screenplay,Writing
5263,567748,1281190,Nic Pizzolatto,Screenplay,Writing
5264,567748,20907,Antoine Fuqua,Director,Directing
5265,8068,2294,Robert Rodriguez,Director,Directing
5266,8068,2294,Robert Rodriguez,Writer,Writing
5267,1255,21684,Bong Joon Ho,Screenplay,Writing
5268,1255,21684,Bong Joon Ho,Director,Directing
5269,1255,21685,Baek Chul-hyun,Screenplay,Writing
5270,1255,2546561,Hah Jun-won,Screenplay,Writing
5271,565770,1578121,Gareth Dunnet-Alcocer,Writer,Writing
5272,565770,1500758,Ángel Manuel Soto,Director,Directing
5273,375588,128276,Otto Bathurst,Director,Directing
5274,375588,2036301,Ben Chandler,Screenplay,Writing
5275,375588,1307349,David James Kelly,Screenplay,Writing
5276,458897,9281,Elizabeth Banks,Director,Directing
5277,458897,9281,Elizabeth Banks,Screenplay,Writing
5278,438799,1299642,Julius Avery,Director,Directing
5279,438799,21807,Billy Ray,Screenplay,Writing
5280,438799,64785,Mark L. Smith,Screenplay,Writing
5281,72113,3556,Roman Polanski,Director,Directing
5282,72113,3556,Roman Polanski,Screenplay,Writing
5283,72113,120096,Yasmina Reza,Screenplay,Writing
5284,72113,120096,Yasmina Reza,Writer,Writing
5285,551332,8557,Fernando Meirelles,Director,Directing
5286,551332,1041394,Anthony McCarten,Writer,Writing
5287,11430,69416,Bradley Raymond,Director,Directing
5288,11430,69417,Tom Rogers,Screenplay,Writing
5289,36685,13484,Jim Sharman,Director,Directing
5290,36685,13474,Richard O'Brien,Screenplay,Writing
5291,36685,13484,Jim Sharman,Screenplay,Writing
5292,753342,21527,David Scarpa,Writer,Writing
5293,753342,578,Ridley Scott,Director,Directing
5294,69,366,James Mangold,Director,Directing
5295,69,407,Gill Dennis,Writer,Writing
5296,69,366,James Mangold,Writer,Writing
5297,429200,227564,Benny Safdie,Director,Directing
5298,429200,129561,Josh Safdie,Director,Directing
5299,429200,227565,Ronald Bronstein,Writer,Writing
5300,429200,129561,Josh Safdie,Writer,Writing
5301,303858,1234893,Alan DiFiore,Screenplay,Writing
5302,303858,68432,Jamie Linden,Screenplay,Writing
5303,303858,1038,Jodie Foster,Director,Directing
5304,303858,21155,Jim Kouf,Screenplay,Writing
5305,13027,40256,D.J. Caruso,Director,Directing
5306,13027,1596827,Dan McDermott,Screenplay,Writing
5307,13027,74109,Travis Wright,Screenplay,Writing
5308,13027,944480,Hillary Seitz,Screenplay,Writing
5309,13027,75823,John Glenn,Screenplay,Writing
5310,1268,16356,Steve Bendelack,Director,Directing
5311,1268,16357,Robin Driscoll,Screenplay,Writing
5312,1268,16359,Hamish McColl,Screenplay,Writing
5313,950387,53925,Jared Hess,Director,Directing
5314,950387,1137990,Chris Galletta,Screenplay,Writing
5315,950387,1583140,Gavin James,Screenplay,Writing
5316,950387,1583143,Neil Widener,Screenplay,Writing
5317,950387,82624,Hubbel Palmer,Screenplay,Writing
5318,950387,1371386,Chris Bowman,Screenplay,Writing
5319,9598,58137,Chris Noonan,Screenplay,Writing
5320,9598,58137,Chris Noonan,Director,Directing
5321,9598,20629,George Miller,Screenplay,Writing
5322,6537,51894,J. A. Bayona,Director,Directing
5323,6537,51895,Sergio G. Sánchez,Screenplay,Writing
5324,96936,1769,Sofia Coppola,Director,Directing
5325,96936,1769,Sofia Coppola,Writer,Writing
5326,9327,4499,Tom Shadyac,Director,Directing
5327,9327,57327,David Sheffield,Screenplay,Writing
5328,9327,57328,Barry W. Blaustein,Screenplay,Writing
5329,9327,4489,Steve Oedekerk,Screenplay,Writing
5330,9327,4499,Tom Shadyac,Screenplay,Writing
5331,9327,12100,Jeffrey Price,Writer,Writing
5332,9327,12101,Peter S. Seaman,Writer,Writing
5333,786,11649,Cameron Crowe,Director,Directing
5334,786,11649,Cameron Crowe,Writer,Writing
5335,23398,31024,Betty Thomas,Director,Directing
5336,23398,239,Jon Vitti,Writer,Writing
5337,23398,57744,Jonathan Aibel,Writer,Writing
5338,23398,57743,Glenn Berger,Writer,Writing
5339,1381,6431,Darren Aronofsky,Director,Directing
5340,1381,6431,Darren Aronofsky,Screenplay,Writing
5341,978,14588,Becky Johnston,Screenplay,Writing
5342,978,2352,Jean-Jacques Annaud,Director,Directing
5343,1072790,82511,Will Gluck,Screenplay,Writing
5344,1072790,3652900,Ilana Wolpert,Screenplay,Writing
5345,1072790,82511,Will Gluck,Director,Directing
5346,631842,2362200,Michael Sherman,Screenplay,Writing
5347,631842,3710826,Steve Desmond,Screenplay,Writing
5348,631842,11614,M. Night Shyamalan,Screenplay,Writing
5349,631842,11614,M. Night Shyamalan,Director,Directing
5350,44040,27572,Brian Nelson,Screenplay,Writing
5351,44040,77147,John Erick Dowdle,Director,Directing
5352,19,68,Fritz Lang,Director,Directing
5353,19,68,Fritz Lang,Screenplay,Writing
5354,19,157,Thea von Harbou,Screenplay,Writing
5355,71859,83287,Lynne Ramsay,Screenplay,Writing
5356,71859,83287,Lynne Ramsay,Director,Directing
5357,71859,1075511,Rory Stewart Kinnear,Screenplay,Writing
5358,43539,455,Paul Haggis,Screenplay,Writing
5359,43539,455,Paul Haggis,Director,Directing
5360,112205,59,Luc Besson,Screenplay,Writing
5361,112205,180421,Michael Caleo,Screenplay,Writing
5362,112205,59,Luc Besson,Director,Directing
5363,402431,1222194,Winnie Holzman,Screenplay,Writing
5364,402431,56718,Dana Fox,Screenplay,Writing
5365,402431,54507,Jon M. Chu,Director,Directing
5366,394117,118415,Sean Baker,Director,Directing
5367,394117,118415,Sean Baker,Writer,Writing
5368,394117,559443,Chris Bergoch,Writer,Writing
5369,137094,38568,Tom Clancy,Writer,Writing
5370,137094,1106745,Adam Cozad,Screenplay,Writing
5371,137094,11181,Kenneth Branagh,Director,Directing
5372,137094,508,David Koepp,Screenplay,Writing
5373,359410,11694,Doug Liman,Director,Directing
5374,359410,1182718,Anthony Bagarozzi,Screenplay,Writing
5375,359410,3308620,Charles Mondry,Screenplay,Writing
5376,533,7314,Nick Park,Screenplay,Writing
5377,533,7315,Bob Baker,Screenplay,Writing
5378,533,7313,Steve Box,Director,Directing
5379,533,7314,Nick Park,Director,Directing
5380,533,7313,Steve Box,Screenplay,Writing
5381,533,7316,Mark Burton,Screenplay,Writing
5382,1656,15346,Roberto Orci,Screenplay,Writing
5383,1656,15345,Alex Kurtzman,Screenplay,Writing
5384,1656,10702,Martin Campbell,Director,Directing
5385,364689,5714,Carlos Saldanha,Director,Directing
5386,364689,7931,Robert L. Baird,Screenplay,Writing
5387,364689,1982215,Tim Federle,Screenplay,Writing
5388,364689,68574,Brad Copeland,Screenplay,Writing
5389,1278,4956,Bernardo Bertolucci,Director,Directing
5390,1278,16333,Gilbert Adair,Screenplay,Writing
5391,314095,20561,James Gray,Director,Directing
5392,314095,20561,James Gray,Screenplay,Writing
5393,4513,27571,David Slade,Director,Directing
5394,4513,27572,Brian Nelson,Screenplay,Writing
5395,4513,1707,Stuart Beattie,Screenplay,Writing
5396,4513,37622,Steve Niles,Screenplay,Writing
5397,319,893,Tony Scott,Director,Directing
5398,319,138,Quentin Tarantino,Writer,Writing
5399,605116,142276,Ariel Schulman,Director,Directing
5400,605116,142272,Henry Joost,Director,Directing
5401,605116,1823051,Mattson Tomlin,Writer,Writing
5402,77930,1884,Steven Soderbergh,Director,Directing
5403,77930,1074867,Reid Carolin,Screenplay,Writing
5404,540901,71551,Lorene Scafaria,Director,Directing
5405,540901,71551,Lorene Scafaria,Writer,Writing
5406,2310,24,Robert Zemeckis,Director,Directing
5407,2310,8297,Roger Avary,Screenplay,Writing
5408,2310,23446,Neil Gaiman,Screenplay,Writing
5409,152742,65314,Giuseppe Tornatore,Director,Directing
5410,152742,65314,Giuseppe Tornatore,Writer,Writing
5411,4258,12987,David Zucker,Writer,Writing
5412,4258,72024,Malcolm D. Lee,Director,Directing
5413,4258,12991,Pat Proft,Writer,Writing
5414,65057,13235,Alexander Payne,Screenplay,Writing
5415,65057,105648,Nat Faxon,Screenplay,Writing
5416,65057,13235,Alexander Payne,Director,Directing
5417,65057,161932,Jim Rash,Screenplay,Writing
5418,398173,42,Lars von Trier,Director,Directing
5419,398173,42,Lars von Trier,Writer,Writing
5420,95610,9155,Helen Fielding,Screenplay,Writing
5421,95610,6733,Dan Mazer,Screenplay,Writing
5422,95610,9158,Sharon Maguire,Director,Directing
5423,95610,7056,Emma Thompson,Screenplay,Writing
5424,158011,37948,Brad Anderson,Director,Directing
5425,158011,57524,Richard D'Ovidio,Screenplay,Writing
5426,103731,71872,Jeff Nichols,Director,Directing
5427,103731,71872,Jeff Nichols,Writer,Writing
5428,35056,17825,Shawn Levy,Director,Directing
5429,35056,113664,Josh Klausner,Writer,Writing
5430,8643,55499,Scott Derrickson,Screenplay,Writing
5431,8643,55500,Paul Harris Boardman,Screenplay,Writing
5432,8643,55499,Scott Derrickson,Director,Directing
5433,845781,51851,Jake Kasdan,Director,Directing
5434,845781,58191,Chris Morgan,Screenplay,Writing
5435,829280,173847,Harry Bradbeer,Director,Directing
5436,829280,207132,Jack Thorne,Screenplay,Writing
5437,49797,557736,Park Hoon-jung,Screenplay,Writing
5438,49797,69081,Kim Jee-woon,Director,Directing
5439,49797,69081,Kim Jee-woon,Screenplay,Writing
5440,26388,95320,Rodrigo Cortés,Director,Directing
5441,26388,95321,Chris Sparling,Screenplay,Writing
5442,27573,17167,Andy Tennant,Director,Directing
5443,27573,2038913,Sarah Thorp,Writer,Writing
5444,398181,83287,Lynne Ramsay,Director,Directing
5445,398181,83287,Lynne Ramsay,Screenplay,Writing
5446,718821,64785,Mark L. Smith,Screenplay,Writing
5447,718821,931952,Lee Isaac Chung,Director,Directing
5448,9992,59,Luc Besson,Director,Directing
5449,9992,61594,Céline Garcia,Writer,Writing
5450,9992,59,Luc Besson,Writer,Writing
5451,9539,59611,Pascal Laugier,Director,Directing
5452,9539,59611,Pascal Laugier,Writer,Writing
5453,353070,5367,Zach Braff,Director,Directing
5454,353070,1141683,Theodore Melfi,Screenplay,Writing
5455,382591,1119418,Hugo Gélin,Director,Directing
5456,382591,1168589,Jean-André Yerlès,Screenplay,Writing
5457,382591,1119418,Hugo Gélin,Screenplay,Writing
5458,382591,1033621,Mathieu Oullion,Screenplay,Writing
5459,26466,41041,Christopher Smith,Director,Directing
5460,26466,41041,Christopher Smith,Writer,Writing
5461,9902,56452,Alan B. McElroy,Screenplay,Writing
5462,9902,60243,Rob Schmidt,Director,Directing
5463,585083,2425606,Amos Vernon,Screenplay,Writing
5464,585083,1735750,Nunzio Randazzo,Screenplay,Writing
5465,585083,185438,Genndy Tartakovsky,Screenplay,Writing
5466,585083,70652,Derek Drymon,Director,Directing
5467,585083,2093022,Jennifer Kluska,Director,Directing
5468,5236,1108,Shane Black,Director,Directing
5469,5236,1108,Shane Black,Screenplay,Writing
5470,5966,17871,John Hamburg,Director,Directing
5471,5966,17871,John Hamburg,Writer,Writing
5472,132363,20019,Lee Daniels,Director,Directing
5473,132363,35550,Danny Strong,Writer,Writing
5474,803796,1453550,Chris Appelhans,Director,Directing
5475,803796,3003169,Maggie Kang,Director,Directing
5476,803796,3003169,Maggie Kang,Screenplay,Writing
5477,803796,2512183,Danya Jimenez,Screenplay,Writing
5478,803796,2512184,Hannah McMechan,Screenplay,Writing
5479,803796,1453550,Chris Appelhans,Screenplay,Writing
5480,169917,2199,Scott Frank,Screenplay,Writing
5481,169917,2199,Scott Frank,Director,Directing
5482,610150,78322,Akira Toriyama,Screenplay,Writing
5483,610150,2403335,Tetsuro Kodama,Director,Directing
5484,157386,930710,James Ponsoldt,Director,Directing
5485,157386,77951,Michael H. Weber,Screenplay,Writing
5486,157386,77950,Scott Neustadter,Screenplay,Writing
5487,9801,20237,Beeban Kidron,Director,Directing
5488,9801,9156,Andrew Davies,Screenplay,Writing
5489,9801,9155,Helen Fielding,Screenplay,Writing
5490,9801,7018,Richard Curtis,Screenplay,Writing
5491,9801,16328,Adam Brooks,Screenplay,Writing
5492,9593,1108,Shane Black,Screenplay,Writing
5493,9593,57910,David Arnott,Screenplay,Writing
5494,9593,1090,John McTiernan,Director,Directing
5495,768,11447,Albert Hughes,Director,Directing
5496,768,11452,Terry Hayes,Screenplay,Writing
5497,768,11453,Rafael Yglesias,Screenplay,Writing
5498,768,11448,Allen Hughes,Director,Directing
5499,801,8246,Barry Levinson,Director,Directing
5500,801,11956,Mitch Markowitz,Writer,Writing
5501,1580,2636,Alfred Hitchcock,Director,Directing
5502,1580,17665,Arthur Laurents,Screenplay,Writing
5503,342470,932759,Brett Haley,Director,Directing
5504,342470,1774411,Liz Hannah,Screenplay,Writing
5505,342470,1986337,Jennifer Niven,Screenplay,Writing
5506,484641,59,Luc Besson,Writer,Writing
5507,484641,59,Luc Besson,Director,Directing
5508,59965,234817,Shawn Christensen,Writer,Writing
5509,59965,6482,John Singleton,Director,Directing
5510,7484,7881,Jill Culton,Director,Directing
5511,7484,15812,Roger Allers,Director,Directing
5512,7484,52695,Ron J. Friedman,Screenplay,Writing
5513,7484,31025,Nat Mauldin,Screenplay,Writing
5514,7484,52694,Steve Bencich,Screenplay,Writing
5515,7484,52696,Sam Harper,Writer,Writing
5516,612,27,Eric Roth,Screenplay,Writing
5517,612,488,Steven Spielberg,Director,Directing
5518,612,8780,Tony Kushner,Screenplay,Writing
5519,9336,28904,Hugh Wilson,Director,Directing
5520,9336,28904,Hugh Wilson,Screenplay,Writing
5521,9336,57359,Neal Israel,Screenplay,Writing
5522,9336,12991,Pat Proft,Screenplay,Writing
5523,37056,18492,Jose Rivera,Screenplay,Writing
5524,37056,17046,Gary Winick,Director,Directing
5525,37056,20773,Tim Sullivan,Writer,Writing
5526,542178,5655,Wes Anderson,Screenplay,Writing
5527,542178,5655,Wes Anderson,Director,Directing
5528,9277,9577,George Roy Hill,Director,Directing
5529,9277,12920,David S. Ward,Writer,Writing
5530,9352,57405,Jeff Schaffer,Director,Directing
5531,9352,57406,Alec Berg,Writer,Writing
5532,9352,57407,David Mandel,Writer,Writing
5533,9352,57405,Jeff Schaffer,Writer,Writing
5534,9352,57407,David Mandel,Director,Directing
5535,9352,57406,Alec Berg,Director,Directing
5536,1645,5572,Joel Schumacher,Director,Directing
5537,1645,5575,Akiva Goldsman,Screenplay,Writing
5538,712,10723,Mike Newell,Director,Directing
5539,712,7018,Richard Curtis,Writer,Writing
5540,76640,6047,Jeffrey Nachmanoff,Writer,Writing
5541,76640,1921,George Nolfi,Writer,Writing
5542,76640,1143493,Andrew Knauer,Screenplay,Writing
5543,76640,69081,Kim Jee-woon,Director,Directing
5544,2044,21031,Alejandro Agresti,Director,Directing
5545,2044,21032,David Auburn,Screenplay,Writing
5546,601666,111588,J Blakeson,Writer,Writing
5547,601666,111588,J Blakeson,Director,Directing
5548,930564,1252934,Emerald Fennell,Writer,Writing
5549,930564,1252934,Emerald Fennell,Director,Directing
5550,420634,933176,Damien Leone,Director,Directing
5551,420634,933176,Damien Leone,Writer,Writing
5552,9315,57270,Robert Schwentke,Director,Directing
5553,9315,57271,Peter A. Dowling,Writer,Writing
5554,9315,21807,Billy Ray,Writer,Writing
5555,431693,1745178,Nick Bruno,Director,Directing
5556,431693,587699,Troy Quane,Director,Directing
5557,431693,60215,Lloyd Taylor,Screenplay,Writing
5558,431693,68574,Brad Copeland,Screenplay,Writing
5559,9374,24,Robert Zemeckis,Director,Directing
5560,9374,508,David Koepp,Writer,Writing
5561,9374,1495632,Martin Donovan,Writer,Writing
5562,944,14346,Channing Gibson,Screenplay,Writing
5563,944,7187,Richard Donner,Director,Directing
5564,400160,49903,Tim Hill,Director,Directing
5565,400160,49903,Tim Hill,Screenplay,Writing
5566,49520,42994,David Dobkin,Director,Directing
5567,49520,52114,Jon Lucas,Writer,Writing
5568,49520,52115,Scott Moore,Writer,Writing
5569,531219,24,Robert Zemeckis,Screenplay,Writing
5570,531219,24,Robert Zemeckis,Director,Directing
5571,531219,1407486,Kenya Barris,Screenplay,Writing
5572,531219,10828,Guillermo del Toro,Screenplay,Writing
5573,10202,56728,Tim Herlihy,Screenplay,Writing
5574,10202,20739,Adam Shankman,Director,Directing
5575,10202,60212,Matt Lopez,Screenplay,Writing
5576,1087192,69797,Dean DeBlois,Director,Directing
5577,1087192,69797,Dean DeBlois,Writer,Writing
5578,241554,59521,Jaume Collet-Serra,Director,Directing
5579,241554,932432,Brad Ingelsby,Writer,Writing
5580,193893,65734,Luke Greenfield,Director,Directing
5581,193893,65734,Luke Greenfield,Writer,Writing
5582,193893,1215771,Nicholas Thomas,Writer,Writing
5583,9705,58498,Dominic Sena,Director,Directing
5584,9705,18185,Skip Woods,Writer,Writing
5585,619730,1491121,Katie Silberman,Screenplay,Writing
5586,619730,59315,Olivia Wilde,Director,Directing
5587,4442,280,Terry Gilliam,Director,Directing
5588,4442,15244,Ehren Kruger,Writer,Writing
5589,309809,57741,Mark Osborne,Writer,Writing
5590,309809,57741,Mark Osborne,Director,Directing
5591,309809,81262,Irena Brignull,Screenplay,Writing
5592,309809,936670,Bob Persichetti,Screenplay,Writing
5593,10637,52358,Boaz Yakin,Director,Directing
5594,10637,55260,Gregory Allen Howard,Screenplay,Writing
5595,575265,9033,Christopher McQuarrie,Writer,Writing
5596,575265,33312,Erik Jendresen,Writer,Writing
5597,575265,9033,Christopher McQuarrie,Director,Directing
5598,574475,1181022,Zach Lipovsky,Director,Directing
5599,574475,1938317,Adam Stein,Director,Directing
5600,574475,1661850,Guy Busick,Screenplay,Writing
5601,574475,2198345,Lori Evans Taylor,Screenplay,Writing
5602,9473,34517,Trey Parker,Director,Directing
5603,9473,34517,Trey Parker,Writer,Writing
5604,9473,34518,Matt Stone,Writer,Writing
5605,9473,34522,Pam Brady,Writer,Writing
5606,9279,57117,Randy Kornfield,Screenplay,Writing
5607,9279,13581,Brian Levant,Director,Directing
5608,600583,10757,Jane Campion,Writer,Writing
5609,600583,10757,Jane Campion,Director,Directing
5610,261392,1299380,Nima Nourizadeh,Director,Directing
5611,261392,203285,Max Landis,Screenplay,Writing
5612,889737,324,Scott Silver,Writer,Writing
5613,889737,57130,Todd Phillips,Director,Directing
5614,889737,57130,Todd Phillips,Writer,Writing
5615,638,5602,David Lynch,Director,Directing
5616,638,6586,Barry Gifford,Writer,Writing
5617,638,5602,David Lynch,Writer,Writing
5618,210479,23227,Steven Knight,Director,Directing
5619,210479,23227,Steven Knight,Writer,Writing
5620,697843,1120883,Sam Hargrave,Director,Directing
5621,697843,19272,Joe Russo,Writer,Writing
5622,313922,74655,Jeremy Saulnier,Director,Directing
5623,313922,74655,Jeremy Saulnier,Writer,Writing
5624,1887,1769,Sofia Coppola,Director,Directing
5625,1887,1769,Sofia Coppola,Screenplay,Writing
5626,531428,68813,Céline Sciamma,Director,Directing
5627,531428,68813,Céline Sciamma,Screenplay,Writing
5628,379149,21002,David Marconi,Screenplay,Writing
5629,379149,10702,Martin Campbell,Director,Directing
5630,11007,12892,Joel Cohen,Screenplay,Writing
5631,11007,17825,Shawn Levy,Director,Directing
5632,11007,12893,Alec Sokolow,Screenplay,Writing
5633,11007,52696,Sam Harper,Screenplay,Writing
5634,116711,5713,Chris Wedge,Director,Directing
5635,116711,51328,Matt Ember,Screenplay,Writing
5636,116711,132316,Daniel Shere,Screenplay,Writing
5637,116711,51327,Tom J. Astle,Screenplay,Writing
5638,116711,10295,James V. Hart,Screenplay,Writing
5639,116711,60678,William Joyce,Screenplay,Writing
5640,599,3146,Billy Wilder,Director,Directing
5641,599,8617,Charles Brackett,Screenplay,Writing
5642,599,3146,Billy Wilder,Screenplay,Writing
5643,599,8618,D.M. Marshman Jr.,Screenplay,Writing
5644,228326,1265056,Jorge R. Gutierrez,Director,Directing
5645,228326,1265056,Jorge R. Gutierrez,Writer,Writing
5646,228326,43092,Doug Langdale,Writer,Writing
5647,9373,29922,Marcus Nispel,Director,Directing
5648,9373,37949,Scott Kosar,Screenplay,Writing
5649,13363,76462,Richard Schenkman,Director,Directing
5650,13363,15951,Jerome Bixby,Writer,Writing
5651,74465,11649,Cameron Crowe,Director,Directing
5652,74465,10567,Aline Brosh McKenna,Screenplay,Writing
5653,74465,11649,Cameron Crowe,Screenplay,Writing
5654,55,223,Alejandro G. Iñárritu,Director,Directing
5655,55,273,Guillermo Arriaga,Writer,Writing
5656,49517,74396,Tomas Alfredson,Director,Directing
5657,49517,64814,Peter Straughan,Screenplay,Writing
5658,49517,227094,Bridget O'Connor,Screenplay,Writing
5659,8009,52968,Russell Mulcahy,Director,Directing
5660,8009,28902,Gregory Widen,Screenplay,Writing
5661,8009,201054,Peter Bellwood,Screenplay,Writing
5662,8009,912,Larry Ferguson,Screenplay,Writing
5663,86829,1224,Ethan Coen,Director,Directing
5664,86829,1223,Joel Coen,Director,Directing
5665,86829,1223,Joel Coen,Writer,Writing
5666,86829,1224,Ethan Coen,Writer,Writing
5667,9477,20907,Antoine Fuqua,Director,Directing
5668,9477,929,David Franzoni,Writer,Writing
5669,823219,1328012,Gints Zilbalodis,Director,Directing
5670,823219,1105426,Matīss Kaža,Screenplay,Writing
5671,823219,1328012,Gints Zilbalodis,Screenplay,Writing
5672,109491,2163,Richard LaGravenese,Director,Directing
5673,109491,2163,Richard LaGravenese,Screenplay,Writing
5674,445651,142312,Jennifer Yuh Nelson,Director,Directing
5675,445651,169730,Chad Hodge,Writer,Writing
5676,568091,56452,Alan B. McElroy,Writer,Writing
5677,568091,37948,Brad Anderson,Director,Directing
5678,928,4600,Joe Dante,Director,Directing
5679,928,16174,Charles S. Haas,Writer,Writing
5680,23437,20031,Samuel Bayer,Director,Directing
5681,23437,17880,Wesley Strick,Screenplay,Writing
5682,23437,115033,Eric Heisserer,Screenplay,Writing
5683,610253,125032,Scott Teems,Writer,Writing
5684,610253,62862,Danny McBride,Writer,Writing
5685,610253,64141,David Gordon Green,Writer,Writing
5686,610253,64141,David Gordon Green,Director,Directing
5687,452507,1323509,Zak Hilditch,Director,Directing
5688,452507,1323509,Zak Hilditch,Screenplay,Writing
5689,420814,12995,Marc Forster,Director,Directing
5690,420814,1044255,Alex Ross Perry,Screenplay,Writing
5691,420814,211980,Allison Schroeder,Screenplay,Writing
5692,420814,17867,Tom McCarthy,Screenplay,Writing
5693,11024,15218,James Gunn,Writer,Writing
5694,11024,1215,Raja Gosnell,Director,Directing
5695,1574,17633,Rob Marshall,Director,Directing
5696,1574,15557,Bill Condon,Screenplay,Writing
5697,257091,214718,Jay Martel,Screenplay,Writing
5698,257091,52803,Etan Cohen,Director,Directing
5699,257091,13101,Ian Roberts,Screenplay,Writing
5700,257091,52803,Etan Cohen,Screenplay,Writing
5701,1607,380,Robert De Niro,Director,Directing
5702,1607,9046,Chazz Palminteri,Screenplay,Writing
5703,1032823,11614,M. Night Shyamalan,Writer,Writing
5704,1032823,11614,M. Night Shyamalan,Director,Directing
5705,497828,56370,Ruben Östlund,Director,Directing
5706,497828,56370,Ruben Östlund,Writer,Writing
5707,4977,40333,Satoshi Kon,Screenplay,Writing
5708,4977,40333,Satoshi Kon,Director,Directing
5709,4977,40335,Seishi Minakami,Screenplay,Writing
5710,546121,1639084,Sev Ohanian,Writer,Writing
5711,546121,1932296,Aneesh Chaganty,Writer,Writing
5712,546121,1932296,Aneesh Chaganty,Director,Directing
5713,9003,31211,Clive Barker,Director,Directing
5714,9003,31211,Clive Barker,Writer,Writing
5715,459992,56661,Jonathan Levine,Director,Directing
5716,459992,1221087,Dan Sterling,Screenplay,Writing
5717,459992,1774411,Liz Hannah,Screenplay,Writing
5718,677179,2360102,Zach Baylin,Screenplay,Writing
5719,677179,135651,Michael B. Jordan,Director,Directing
5720,677179,2588648,Keenan Coogler,Screenplay,Writing
5721,8054,280,Terry Gilliam,Screenplay,Writing
5722,8054,374,Charles McKeown,Screenplay,Writing
5723,8054,280,Terry Gilliam,Director,Directing
5724,22894,116357,Scott Stewart,Writer,Writing
5725,22894,116357,Scott Stewart,Director,Directing
5726,22894,69928,Peter Schink,Writer,Writing
5727,8874,3045,P.J. Hogan,Director,Directing
5728,8874,5144,Ronald Bass,Writer,Writing
5729,8204,54050,Mark Waters,Director,Directing
5730,8204,102445,John Sayles,Screenplay,Writing
5731,8204,52845,Karey Kirkpatrick,Screenplay,Writing
5732,8204,54051,David Berenbaum,Screenplay,Writing
5733,62835,61,Robert Mark Kamen,Screenplay,Writing
5734,62835,59,Luc Besson,Screenplay,Writing
5735,62835,75035,Olivier Megaton,Director,Directing
5736,740985,6730,Sacha Baron Cohen,Screenplay,Writing
5737,740985,6731,Anthony Hines,Screenplay,Writing
5738,740985,1411385,Dan Swimer,Screenplay,Writing
5739,740985,6732,Peter Baynham,Screenplay,Writing
5740,740985,1229796,Erica Rivinoja,Screenplay,Writing
5741,740985,6733,Dan Mazer,Screenplay,Writing
5742,740985,1696096,Jena Friedman,Screenplay,Writing
5743,740985,1739435,Lee Kern,Screenplay,Writing
5744,740985,147113,Jason Woliner,Director,Directing
5745,945729,11181,Kenneth Branagh,Director,Directing
5746,945729,191937,Michael Green,Screenplay,Writing
5747,762975,1223175,Elizabeth Allen Rosenbaum,Director,Directing
5748,762975,232197,Kyle Jarrow,Writer,Writing
5749,762975,288710,Liz W. Garcia,Writer,Writing
5750,11005,14911,Penny Marshall,Director,Directing
5751,11005,2260,Steven Zaillian,Screenplay,Writing
5752,1832,19303,Kevin Smith,Director,Directing
5753,1832,19303,Kevin Smith,Writer,Writing
5754,306947,54025,Karyn Kusama,Director,Directing
5755,306947,54047,Phil Hay,Screenplay,Writing
5756,306947,54048,Matt Manfredi,Screenplay,Writing
5757,451915,37268,Luke Davies,Screenplay,Writing
5758,451915,239672,Felix van Groeningen,Director,Directing
5759,451915,239672,Felix van Groeningen,Screenplay,Writing
5760,25376,84714,Juan José Campanella,Writer,Writing
5761,25376,84714,Juan José Campanella,Director,Directing
5762,25376,93651,Eduardo Sacheri,Writer,Writing
5763,595,8482,Robert Mulligan,Director,Directing
5764,595,8483,Horton Foote,Screenplay,Writing
5765,13207,51908,Damian Shannon,Screenplay,Writing
5766,13207,51909,Mark Swift,Screenplay,Writing
5767,13207,29922,Marcus Nispel,Director,Directing
5768,4476,9181,Edward Zwick,Director,Directing
5769,4476,37427,Susan Shilliday,Screenplay,Writing
5770,4476,21864,William D. Wittliff,Screenplay,Writing
5771,865,12988,Paul Michael Glaser,Director,Directing
5772,865,1726,Steven E. de Souza,Screenplay,Writing
5773,700391,1317686,Bryan Woods,Writer,Writing
5774,700391,1317685,Scott Beck,Director,Directing
5775,700391,1317685,Scott Beck,Writer,Writing
5776,700391,1317686,Bryan Woods,Director,Directing
5777,417384,135113,André Øvredal,Director,Directing
5778,417384,1003944,Dan Hageman,Screenplay,Writing
5779,417384,1003945,Kevin Hageman,Screenplay,Writing
5780,227719,1099862,Dean Israelite,Director,Directing
5781,227719,1270553,Jason Pagan,Writer,Writing
5782,227719,1553184,Andrew Deutschman,Writer,Writing
5783,840326,145228,Jalmari Helander,Director,Directing
5784,840326,145228,Jalmari Helander,Writer,Writing
5785,521,2636,Alfred Hitchcock,Director,Directing
5786,521,7123,Frederick Knott,Screenplay,Writing
5787,800158,7467,David Fincher,Director,Directing
5788,800158,12047,Andrew Kevin Walker,Screenplay,Writing
5789,614917,2360102,Zach Baylin,Writer,Writing
5790,614917,1415665,Reinaldo Marcus Green,Director,Directing
5791,535581,4429,Jim Jarmusch,Director,Directing
5792,535581,4429,Jim Jarmusch,Writer,Writing
5793,5925,46611,James Clavell,Screenplay,Writing
5794,5925,14520,John Sturges,Director,Directing
5795,5925,80728,W.R. Burnett,Screenplay,Writing
5796,502033,1076793,Darius Marder,Screenplay,Writing
5797,502033,2209419,Abraham Marder,Screenplay,Writing
5798,502033,1076793,Darius Marder,Director,Directing
5799,388399,36602,Peter Berg,Director,Directing
5800,388399,1012022,Joshua Zetumer,Screenplay,Writing
5801,388399,36602,Peter Berg,Screenplay,Writing
5802,388399,1123799,Matt Cook,Screenplay,Writing
5803,38117,84061,Daniel Barnz,Director,Directing
5804,38117,84061,Daniel Barnz,Screenplay,Writing
5805,505600,59315,Olivia Wilde,Director,Directing
5806,505600,1181319,Emily Halpern,Writer,Writing
5807,505600,1181324,Sarah Haskins,Writer,Writing
5808,505600,1302549,Susanna Fogel,Writer,Writing
5809,505600,1491121,Katie Silberman,Writer,Writing
5810,403119,1301112,Ernest Riera,Writer,Writing
5811,403119,100734,Johannes Roberts,Director,Directing
5812,403119,100734,Johannes Roberts,Writer,Writing
5813,505948,1980617,Michael Lloyd Green,Screenplay,Writing
5814,505948,1980616,Grant Sputore,Director,Directing
5815,17609,42,Lars von Trier,Director,Directing
5816,17609,42,Lars von Trier,Writer,Writing
5817,6466,51908,Damian Shannon,Screenplay,Writing
5818,6466,51909,Mark Swift,Screenplay,Writing
5819,6466,17268,Ronny Yu,Director,Directing
5820,5,3110,Allison Anders,Director,Directing
5821,5,3111,Alexandre Rockwell,Director,Directing
5822,5,2294,Robert Rodriguez,Director,Directing
5823,5,138,Quentin Tarantino,Director,Directing
5824,5,3110,Allison Anders,Writer,Writing
5825,5,3111,Alexandre Rockwell,Writer,Writing
5826,5,2294,Robert Rodriguez,Writer,Writing
5827,5,138,Quentin Tarantino,Writer,Writing
5828,705861,2639583,Taylor Materne,Writer,Writing
5829,705861,224385,Will Fetters,Writer,Writing
5830,705861,550121,Jeremiah Zagar,Director,Directing
5831,266647,131947,Jason Fuchs,Screenplay,Writing
5832,266647,36588,Joe Wright,Director,Directing
5833,265177,143593,Xavier Dolan,Director,Directing
5834,265177,143593,Xavier Dolan,Screenplay,Writing
5835,9767,59026,Peyton Reed,Director,Directing
5836,9767,59027,Jeremy Garelick,Screenplay,Writing
5837,9767,59028,Jay Lavender,Screenplay,Writing
5838,602269,54040,John Lee Hancock,Director,Directing
5839,602269,54040,John Lee Hancock,Screenplay,Writing
5840,482373,1046225,Rodo Sayagues,Writer,Writing
5841,482373,932248,Fede Álvarez,Writer,Writing
5842,482373,1046225,Rodo Sayagues,Director,Directing
5843,96,893,Tony Scott,Director,Directing
5844,96,912,Larry Ferguson,Screenplay,Writing
5845,96,913,Warren Skaaren,Screenplay,Writing
5846,9383,57532,Andrew W. Marlowe,Screenplay,Writing
5847,9383,10491,Paul Verhoeven,Director,Directing
5848,763215,17597,Juan Carlos Fresnadillo,Director,Directing
5849,763215,937234,Dan Mazeau,Screenplay,Writing
5850,109443,55710,Adam McKay,Director,Directing
5851,109443,23659,Will Ferrell,Screenplay,Writing
5852,109443,55710,Adam McKay,Screenplay,Writing
5853,9360,26648,Luis Llosa,Director,Directing
5854,9360,57437,Hans Bauer,Writer,Writing
5855,9360,11081,Jack Epps Jr.,Writer,Writing
5856,9360,11080,Jim Cash,Writer,Writing
5857,5123,41285,Kirsten Sheridan,Director,Directing
5858,5123,10295,James V. Hart,Screenplay,Writing
5859,5123,14692,Nick Castle,Screenplay,Writing
5860,37958,56512,Tarsem Singh,Director,Directing
5861,37958,119253,Charley Parlapanides,Screenplay,Writing
5862,37958,119254,Vlas Parlapanides,Screenplay,Writing
5863,9387,8328,John Milius,Director,Directing
5864,9387,8328,John Milius,Screenplay,Writing
5865,9387,1152,Oliver Stone,Screenplay,Writing
5866,951,8858,Ivan Reitman,Director,Directing
5867,951,14709,Murray Salem,Screenplay,Writing
5868,951,14710,Herschel Weingrod,Screenplay,Writing
5869,951,14711,Timothy Harris,Screenplay,Writing
5870,346648,101666,Paul King,Director,Directing
5871,346648,101666,Paul King,Screenplay,Writing
5872,346648,114253,Simon Farnaby,Screenplay,Writing
5873,346648,1312262,Jon Croker,Writer,Writing
5874,346648,7316,Mark Burton,Writer,Writing
5875,395990,16847,Eli Roth,Director,Directing
5876,395990,40223,Joe Carnahan,Screenplay,Writing
5877,395990,844,Wendell Mayes,Screenplay,Writing
5878,49527,72344,Asger Leth,Director,Directing
5879,49527,932824,Pablo F. Fenjves,Screenplay,Writing
5880,1005331,59521,Jaume Collet-Serra,Director,Directing
5881,1005331,1355889,T.J. Fixman,Writer,Writing
5882,339397,1243,Woody Allen,Writer,Writing
5883,339397,1243,Woody Allen,Director,Directing
5884,541671,2104243,Shay Hatten,Writer,Writing
5885,541671,3950,Len Wiseman,Director,Directing
5886,393457,5292,Denzel Washington,Director,Directing
5887,393457,1238222,August Wilson,Screenplay,Writing
5888,438650,95972,Hans Petter Moland,Director,Directing
5889,438650,1422700,Frank Baldwin,Screenplay,Writing
5890,384677,1491121,Katie Silberman,Writer,Writing
5891,384677,1296522,Claire Scanlon,Director,Directing
5892,804095,8780,Tony Kushner,Writer,Writing
5893,804095,488,Steven Spielberg,Writer,Writing
5894,804095,488,Steven Spielberg,Director,Directing
5895,77174,58897,Sam Fell,Director,Directing
5896,77174,154705,Chris Butler,Director,Directing
5897,77174,154705,Chris Butler,Writer,Writing
5898,52451,4014,Paul W. S. Anderson,Director,Directing
5899,52451,113306,Alex Litvak,Screenplay,Writing
5900,52451,9156,Andrew Davies,Screenplay,Writing
5901,37137,12991,Pat Proft,Writer,Writing
5902,37137,12987,David Zucker,Director,Directing
5903,37137,12987,David Zucker,Writer,Writing
5904,4512,37618,Andrew Dominik,Director,Directing
5905,4512,37618,Andrew Dominik,Screenplay,Writing
5906,2757,5953,Spike Jonze,Director,Directing
5907,2757,202,Charlie Kaufman,Screenplay,Writing
5908,8584,46076,Tom Dey,Director,Directing
5909,8584,18924,Alfred Gough,Screenplay,Writing
5910,8584,18923,Miles Millar,Screenplay,Writing
5911,2652,27571,David Slade,Director,Directing
5912,2652,27572,Brian Nelson,Writer,Writing
5913,2292,19303,Kevin Smith,Director,Directing
5914,2292,19303,Kevin Smith,Writer,Writing
5915,463272,21075,William Davies,Writer,Writing
5916,463272,1220300,David Kerr,Director,Directing
5917,167,1997,Charles Leavitt,Screenplay,Writing
5918,167,1978,Iain Softley,Director,Directing
5919,97,12859,Steven Lisberger,Director,Directing
5920,97,12859,Steven Lisberger,Screenplay,Writing
5921,8051,4762,Paul Thomas Anderson,Director,Directing
5922,8051,4762,Paul Thomas Anderson,Writer,Writing
5923,242512,84961,Juliet Snowden,Screenplay,Writing
5924,242512,84962,Stiles White,Screenplay,Writing
5925,242512,84962,Stiles White,Director,Directing
5926,13597,55983,Jim Henson,Director,Directing
5927,13597,10707,Terry Jones,Screenplay,Writing
5928,678512,3348915,Rod Barr,Writer,Writing
5929,678512,72960,Alejandro Monteverde,Director,Directing
5930,678512,72960,Alejandro Monteverde,Writer,Writing
5931,399360,1626316,Dan Wiedenhaupt,Screenplay,Writing
5932,399360,11447,Albert Hughes,Director,Directing
5933,9408,12905,Ash Brannon,Screenplay,Writing
5934,9408,58144,Don Rhymer,Screenplay,Writing
5935,9408,15774,Chris Buck,Screenplay,Writing
5936,9408,58421,Christopher Jenkins,Screenplay,Writing
5937,9408,12905,Ash Brannon,Director,Directing
5938,9408,15774,Chris Buck,Director,Directing
5939,361292,78160,Luca Guadagnino,Director,Directing
5940,361292,39725,David Kajganich,Screenplay,Writing
5941,10601,3045,P.J. Hogan,Director,Directing
5942,10601,10296,Michael Goldenberg,Screenplay,Writing
5943,10601,3045,P.J. Hogan,Screenplay,Writing
5944,1368166,116805,Paul Feig,Director,Directing
5945,1368166,82665,Rebecca Sonnenshine,Screenplay,Writing
5946,23048,3227,Steve Pink,Director,Directing
5947,23048,347335,Josh Heald,Screenplay,Writing
5948,23048,74619,Sean Anders,Screenplay,Writing
5949,23048,212576,John Morris,Screenplay,Writing
5950,984,14775,Rita M. Fink,Screenplay,Writing
5951,984,14776,Dean Riesner,Screenplay,Writing
5952,984,14774,Harry Julian Fink,Screenplay,Writing
5953,984,14773,Don Siegel,Director,Directing
5954,12144,40345,Don Bluth,Director,Directing
5955,12144,72405,Stu Krieger,Screenplay,Writing
5956,9482,1726,Steven E. de Souza,Screenplay,Writing
5957,9482,33279,Danny Cannon,Director,Directing
5958,9482,2711,William Wisher,Screenplay,Writing
5959,539885,26061,Matthew Newton,Screenplay,Writing
5960,539885,55789,Tate Taylor,Director,Directing
5961,210860,508,David Koepp,Director,Directing
5962,210860,111716,Eric Aronson,Writer,Writing
5963,210860,1461271,Kyril Bonfiglioli,Writer,Writing
5964,985,5602,David Lynch,Screenplay,Writing
5965,985,5602,David Lynch,Director,Directing
5966,308369,1224031,Alfonso Gomez-Rejon,Director,Directing
5967,308369,1394669,Jesse Andrews,Screenplay,Writing
5968,10331,14999,George A. Romero,Screenplay,Writing
5969,10331,64831,John A. Russo,Screenplay,Writing
5970,10331,14999,George A. Romero,Director,Directing
5971,20048,3045,P.J. Hogan,Director,Directing
5972,20048,56715,Tracey Jackson,Screenplay,Writing
5973,20048,168383,Kayla Alpert,Screenplay,Writing
5974,20048,55690,Tim Firth,Screenplay,Writing
5975,10567,65855,Ralph Zondag,Director,Directing
5976,10567,65856,Eric Leighton,Director,Directing
5977,10567,5308,Robert Nelson Jacobs,Screenplay,Writing
5978,10567,13367,John Harrison,Screenplay,Writing
5979,20453,85675,Rajkumar Hirani,Director,Directing
5980,20453,85675,Rajkumar Hirani,Screenplay,Writing
5981,20453,99710,Vidhu Vinod Chopra,Screenplay,Writing
5982,20453,123313,Abhijat Joshi,Screenplay,Writing
5983,1226578,90609,Osgood Perkins,Writer,Writing
5984,1226578,90609,Osgood Perkins,Director,Directing
5985,1138194,1317686,Bryan Woods,Writer,Writing
5986,1138194,1317685,Scott Beck,Writer,Writing
5987,1138194,1317685,Scott Beck,Director,Directing
5988,1138194,1317686,Bryan Woods,Director,Directing
5989,192141,77147,John Erick Dowdle,Director,Directing
5990,192141,77147,John Erick Dowdle,Writer,Writing
5991,192141,142520,Drew Dowdle,Writer,Writing
5992,567189,932533,Stefano Sollima,Director,Directing
5993,567189,1215399,Taylor Sheridan,Screenplay,Writing
5994,567189,1444045,Will Staples,Screenplay,Writing
5995,11545,5655,Wes Anderson,Writer,Writing
5996,11545,887,Owen Wilson,Writer,Writing
5997,11545,5655,Wes Anderson,Director,Directing
5998,2330,59,Luc Besson,Screenplay,Writing
5999,2330,23945,Gérard Pirès,Director,Directing
6000,419680,74619,Sean Anders,Director,Directing
6001,419680,212576,John Morris,Writer,Writing
6002,419680,74619,Sean Anders,Writer,Writing
6003,522162,6046,Roland Emmerich,Director,Directing
6004,522162,1587281,Wes Tooke,Screenplay,Writing
6005,7347,52576,José Padilha,Director,Directing
6006,7347,8561,Bráulio Mantovani,Screenplay,Writing
6007,7347,52576,José Padilha,Screenplay,Writing
6008,7347,52579,Rodrigo Pimentel,Screenplay,Writing
6009,292011,21807,Billy Ray,Screenplay,Writing
6010,292011,190,Clint Eastwood,Director,Directing
6011,744275,1448492,Castille Landon,Director,Directing
6012,744275,1493190,Sharon Soboil,Writer,Writing
6013,14560,78435,Nick Bakay,Screenplay,Writing
6014,14560,32895,Kevin James,Screenplay,Writing
6015,14560,52112,Steve Carr,Director,Directing
6016,937287,78160,Luca Guadagnino,Director,Directing
6017,937287,1658190,Justin Kuritzkes,Writer,Writing
6018,10204,57370,Frank Coraci,Director,Directing
6019,10204,64157,David N. Titcher,Screenplay,Writing
6020,10204,64158,David Benullo,Screenplay,Writing
6021,10204,64159,David Andrew Goldstein,Screenplay,Writing
6022,10867,65314,Giuseppe Tornatore,Director,Directing
6023,10867,65314,Giuseppe Tornatore,Screenplay,Writing
6024,1100988,2034,Danny Boyle,Director,Directing
6025,1100988,2036,Alex Garland,Writer,Writing
6026,80271,229568,Lisa Azuelos,Writer,Writing
6027,80271,229568,Lisa Azuelos,Screenplay,Writing
6028,80271,1739946,Kamir Aïnouz,Screenplay,Writing
6029,80271,229568,Lisa Azuelos,Director,Directing
6030,9257,47640,Clark Johnson,Director,Directing
6031,9257,818,David McKenna,Screenplay,Writing
6032,9257,19769,David Ayer,Screenplay,Writing
6033,814,4610,John Landis,Director,Directing
6034,814,4610,John Landis,Screenplay,Writing
6035,225565,1211000,Tom Gormican,Director,Directing
6036,225565,1211000,Tom Gormican,Screenplay,Writing
6037,171274,4762,Paul Thomas Anderson,Director,Directing
6038,171274,4762,Paul Thomas Anderson,Writer,Writing
6039,132344,1146,Julie Delpy,Writer,Writing
6040,132344,564,Richard Linklater,Director,Directing
6041,132344,569,Ethan Hawke,Writer,Writing
6042,132344,564,Richard Linklater,Writer,Writing
6043,10316,1461,George Clooney,Screenplay,Writing
6044,10316,64817,Beau Willimon,Screenplay,Writing
6045,10316,31511,Grant Heslov,Screenplay,Writing
6046,10316,1461,George Clooney,Director,Directing
6047,5825,34682,Jeremiah S. Chechik,Director,Directing
6048,5825,11505,John Hughes,Screenplay,Writing
6049,460458,100734,Johannes Roberts,Writer,Writing
6050,460458,100734,Johannes Roberts,Director,Directing
6051,8374,54795,Troy Duffy,Director,Directing
6052,8374,54795,Troy Duffy,Writer,Writing
6053,321741,1192754,Peter Landesman,Director,Directing
6054,321741,1192754,Peter Landesman,Writer,Writing
6055,321741,1419558,Jeanne Marie Laskas,Writer,Writing
6056,271718,41039,Judd Apatow,Director,Directing
6057,271718,440414,Amy Schumer,Writer,Writing
6058,24420,57270,Robert Schwentke,Director,Directing
6059,24420,3431,Bruce Joel Rubin,Screenplay,Writing
6060,18533,21183,Nicolas Winding Refn,Director,Directing
6061,18533,21183,Nicolas Winding Refn,Screenplay,Writing
6062,18533,83228,Brock Norman Brock,Screenplay,Writing
6063,762509,2689,Jeff Nathanson,Screenplay,Writing
6064,762509,92784,Barry Jenkins,Director,Directing
6065,553,42,Lars von Trier,Director,Directing
6066,553,42,Lars von Trier,Writer,Writing
6067,449562,63963,Paul Henning,Screenplay,Writing
6068,449562,123132,Jac Schaeffer,Screenplay,Writing
6069,449562,91493,Chris Addison,Director,Directing
6070,449562,14089,Dale Launer,Screenplay,Writing
6071,449562,58415,Stanley Shapiro,Screenplay,Writing
6072,72387,52358,Boaz Yakin,Writer,Writing
6073,72387,52358,Boaz Yakin,Director,Directing
6074,239571,52405,Michael Hoffman,Director,Directing
6075,239571,224385,Will Fetters,Writer,Writing
6076,239571,225499,J. Mills Goodloe,Writer,Writing
6077,8195,13776,John Frankenheimer,Director,Directing
6078,8195,1255,David Mamet,Screenplay,Writing
6079,8195,108846,J. D. Zeik,Screenplay,Writing
6080,9894,7399,Ben Stiller,Director,Directing
6081,9894,60082,Lou Holtz Jr.,Screenplay,Writing
6082,83899,98631,Adam Wingard,Director,Directing
6083,83899,83858,Simon Barrett,Writer,Writing
6084,429300,1717774,Aaron Kandell,Writer,Writing
6085,429300,67813,Baltasar Kormákur,Director,Directing
6086,429300,1717775,Jordan Kandell,Writer,Writing
6087,429300,1667325,David Branson Smith,Writer,Writing
6088,10358,19303,Kevin Smith,Director,Directing
6089,10358,19303,Kevin Smith,Writer,Writing
6090,565426,225499,J. Mills Goodloe,Screenplay,Writing
6091,565426,2109683,Sofia Alvarez,Screenplay,Writing
6092,565426,63099,Michael Fimognari,Director,Directing
6093,7552,41039,Judd Apatow,Screenplay,Writing
6094,7552,15002,Dean Parisot,Director,Directing
6095,7552,52934,Nicholas Stoller,Screenplay,Writing
6096,508883,608,Hayao Miyazaki,Director,Directing
6097,508883,608,Hayao Miyazaki,Screenplay,Writing
6098,9645,57521,Steve Beck,Director,Directing
6099,9645,58278,Mark Hanlon,Screenplay,Writing
6100,9645,59328,John Pogue,Screenplay,Writing
6101,718032,4762,Paul Thomas Anderson,Writer,Writing
6102,718032,4762,Paul Thomas Anderson,Director,Directing
6103,476299,59611,Pascal Laugier,Director,Directing
6104,476299,59611,Pascal Laugier,Screenplay,Writing
6105,284,3146,Billy Wilder,Director,Directing
6106,284,3146,Billy Wilder,Writer,Writing
6107,284,3147,I. A. L. Diamond,Writer,Writing
6108,325348,1169024,Ilya Naishuller,Director,Directing
6109,325348,1169024,Ilya Naishuller,Screenplay,Writing
6110,19898,254681,Travis Milloy,Writer,Writing
6111,19898,54559,Christian Alvart,Director,Directing
6112,10665,66074,Bryan Bertino,Screenplay,Writing
6113,10665,66074,Bryan Bertino,Director,Directing
6114,602223,53120,James DeMonaco,Writer,Writing
6115,602223,1192942,Everardo Gout,Director,Directing
6116,459151,18864,Tom McGrath,Director,Directing
6117,459151,14172,Michael McCullers,Writer,Writing
6118,812583,67367,Rian Johnson,Writer,Writing
6119,812583,67367,Rian Johnson,Director,Directing
6120,9947,12523,Rob Bowman,Director,Directing
6121,9947,11011,Zak Penn,Writer,Writing
6122,9947,60707,Stuart Zicherman,Writer,Writing
6123,9947,60708,M. Raven Metzner,Writer,Writing
6124,591273,1290265,Leigh Janiak,Screenplay,Writing
6125,591273,1290267,Phil Graziadei,Screenplay,Writing
6126,591273,1290265,Leigh Janiak,Director,Directing
6127,11319,57314,Wolfgang Reitherman,Director,Directing
6128,11319,69003,John Lounsbery,Director,Directing
6129,11319,67607,Art Stevens,Director,Directing
6130,646389,58324,Jean-François Richet,Director,Directing
6131,646389,101187,J.P. Davis,Screenplay,Writing
6132,646389,2452930,Charles Cumming,Screenplay,Writing
6133,480414,1607672,Michael Chaves,Director,Directing
6134,480414,1903350,Mikki Daughtry,Writer,Writing
6135,480414,76794,Tobias Iaconis,Writer,Writing
6136,5156,12329,Vittorio De Sica,Screenplay,Writing
6137,5156,1125155,Gerardo Guerrieri,Screenplay,Writing
6138,5156,12329,Vittorio De Sica,Director,Directing
6139,5156,41637,Oreste Biancoli,Screenplay,Writing
6140,5156,24658,Suso Cecchi d'Amico,Screenplay,Writing
6141,5156,12330,Cesare Zavattini,Screenplay,Writing
6142,5156,1009150,Adolfo Franci,Screenplay,Writing
6143,5156,1662025,Gherardo Gherardi,Screenplay,Writing
6144,403587,1640995,Andrew Silver,Writer,Writing
6145,403587,1640995,Andrew Silver,Director,Directing
6146,8914,56258,Donna Powers,Screenplay,Writing
6147,8914,16938,Renny Harlin,Director,Directing
6148,8914,56257,Duncan Kennedy,Screenplay,Writing
6149,8914,2557851,Wayne Powers,Writer,Writing
6150,228970,69371,Jean-Marc Vallée,Director,Directing
6151,228970,3225,Nick Hornby,Screenplay,Writing
6152,292431,14597,Gaspar Noé,Director,Directing
6153,292431,14597,Gaspar Noé,Screenplay,Writing
6154,619778,2127,James Wan,Director,Directing
6155,619778,1327476,Akela Cooper,Screenplay,Writing
6156,23047,58498,Dominic Sena,Director,Directing
6157,23047,143550,Bragi F. Schut,Writer,Writing
6158,9350,16938,Renny Harlin,Director,Directing
6159,9350,16483,Sylvester Stallone,Screenplay,Writing
6160,9350,10703,Michael France,Screenplay,Writing
6161,660,9858,Richard Maibaum,Screenplay,Writing
6162,660,9953,John Hopkins,Screenplay,Writing
6163,660,9855,Terence Young,Director,Directing
6164,660,9952,Jack Whittingham,Screenplay,Writing
6165,68737,130938,Sergei Bodrov,Director,Directing
6166,68737,29606,Matt Greenberg,Screenplay,Writing
6167,68737,1997,Charles Leavitt,Screenplay,Writing
6168,68737,23227,Steven Knight,Screenplay,Writing
6169,467244,66728,Jonathan Glazer,Writer,Writing
6170,467244,66728,Jonathan Glazer,Director,Directing
6171,18501,20192,Brian Taylor,Director,Directing
6172,18501,20193,Mark Neveldine,Director,Directing
6173,18501,20193,Mark Neveldine,Writer,Writing
6174,18501,20192,Brian Taylor,Writer,Writing
6175,41436,141391,Tom Pabst,Screenplay,Writing
6176,41436,54248,Christopher Landon,Screenplay,Writing
6177,41436,1214473,Michael R. Perry,Screenplay,Writing
6178,41436,20133,Tod Williams,Director,Directing
6179,949423,101542,Ti West,Director,Directing
6180,949423,101542,Ti West,Writer,Writing
6181,949423,1137824,Mia Goth,Writer,Writing
6182,9567,57988,Patrick Cirillo,Screenplay,Writing
6183,9567,20907,Antoine Fuqua,Director,Directing
6184,9567,19666,Alex Lasker,Screenplay,Writing
6185,416477,22215,Michael Showalter,Director,Directing
6186,416477,1680840,Emily V. Gordon,Writer,Writing
6187,416477,466505,Kumail Nanjiani,Writer,Writing
6188,9757,53177,Brian Robbins,Director,Directing
6189,9757,68208,Jay Scherick,Screenplay,Writing
6190,9757,776,Eddie Murphy,Screenplay,Writing
6191,9757,54904,David Ronn,Screenplay,Writing
6192,9757,17840,Charlie Murphy,Screenplay,Writing
6193,8848,21370,Roger Donaldson,Director,Directing
6194,8848,18910,Dick Clement,Screenplay,Writing
6195,8848,38937,Ian La Frenais,Screenplay,Writing
6196,568160,74091,Makoto Shinkai,Director,Directing
6197,568160,74091,Makoto Shinkai,Writer,Writing
6198,8470,11151,Nick Cassavetes,Director,Directing
6199,8470,55313,James Kearns,Screenplay,Writing
6200,8470,55313,James Kearns,Writer,Writing
6201,38167,52779,Ryan Murphy,Director,Directing
6202,38167,41258,Jennifer Salt,Screenplay,Writing
6203,38167,52779,Ryan Murphy,Screenplay,Writing
6204,418078,1423660,Trey Edward Shults,Writer,Writing
6205,418078,1423660,Trey Edward Shults,Director,Directing
6206,338,4780,Wolfgang Becker,Director,Directing
6207,338,4780,Wolfgang Becker,Screenplay,Writing
6208,338,4781,Bernd Lichtenberg,Screenplay,Writing
6209,338,64252,Chris Silber,Screenplay,Writing
6210,338,20254,Achim von Borries,Screenplay,Writing
6211,338,17549,Hendrik Handloegten,Screenplay,Writing
6212,539537,55075,Jeff Wadlow,Director,Directing
6213,539537,1826888,Jillian Jacobs,Writer,Writing
6214,539537,55075,Jeff Wadlow,Writer,Writing
6215,539537,1211006,Christopher Roach,Writer,Writing
6216,335796,551463,Mike Flanagan,Director,Directing
6217,335796,551463,Mike Flanagan,Writer,Writing
6218,335796,1224355,Jeff Howard,Writer,Writing
6219,549053,1785458,Bryony Kimmings,Screenplay,Writing
6220,549053,116805,Paul Feig,Director,Directing
6221,549053,7056,Emma Thompson,Screenplay,Writing
6222,8390,16328,Adam Brooks,Director,Directing
6223,8390,16328,Adam Brooks,Writer,Writing
6224,458305,1284692,Lorcan Finnegan,Director,Directing
6225,458305,1560038,Garret Shanley,Screenplay,Writing
6226,888,1726,Steven E. de Souza,Screenplay,Writing
6227,888,13581,Brian Levant,Director,Directing
6228,888,13582,Tom S. Parker,Screenplay,Writing
6229,888,13583,Jim Jennewein,Screenplay,Writing
6230,888,5715,Michael J. Wilson,Writer,Writing
6231,776503,154865,Sian Heder,Screenplay,Writing
6232,776503,154865,Sian Heder,Director,Directing
6233,2976,20739,Adam Shankman,Director,Directing
6234,2976,11708,Leslie Dixon,Screenplay,Writing
6235,696,1243,Woody Allen,Director,Directing
6236,696,1243,Woody Allen,Writer,Writing
6237,696,10439,Marshall Brickman,Writer,Writing
6238,522931,3380680,Brandon Murphy,Screenplay,Writing
6239,522931,3380679,Phillip Murphy,Screenplay,Writing
6240,522931,1534628,Tom O'Connor,Screenplay,Writing
6241,522931,143059,Patrick Hughes,Director,Directing
6242,55787,10943,Francis Lawrence,Director,Directing
6243,55787,2163,Richard LaGravenese,Screenplay,Writing
6244,316023,1061773,Jake Szymanski,Director,Directing
6245,316023,184582,Brendan O'Brien,Writer,Writing
6246,316023,1085179,Andrew J. Cohen,Writer,Writing
6247,412656,11694,Doug Liman,Director,Directing
6248,412656,1299057,Patrick Ness,Screenplay,Writing
6249,412656,101814,Christopher Ford,Screenplay,Writing
6250,180299,142013,Gareth Evans,Director,Directing
6251,180299,142013,Gareth Evans,Writer,Writing
6252,634492,223551,SJ Clarkson,Screenplay,Writing
6253,634492,125252,Claire Parker,Screenplay,Writing
6254,634492,1167472,Matt Sazama,Screenplay,Writing
6255,634492,1167473,Burk Sharpless,Screenplay,Writing
6256,634492,223551,SJ Clarkson,Director,Directing
6257,58244,52244,Juan Diego Solanas,Director,Directing
6258,58244,52244,Juan Diego Solanas,Screenplay,Writing
6259,38810,136427,Efthimis Filippou,Screenplay,Writing
6260,38810,122423,Yorgos Lanthimos,Screenplay,Writing
6261,38810,122423,Yorgos Lanthimos,Director,Directing
6262,14564,94403,F. Javier Gutiérrez,Director,Directing
6263,14564,5575,Akiva Goldsman,Screenplay,Writing
6264,14564,68039,David Loucka,Screenplay,Writing
6265,14564,72034,Jacob Aaron Estes,Screenplay,Writing
6266,848326,15217,Zack Snyder,Director,Directing
6267,848326,15217,Zack Snyder,Screenplay,Writing
6268,848326,17285,Kurt Johnstad,Screenplay,Writing
6269,848326,2104243,Shay Hatten,Screenplay,Writing
6270,1281,7018,Richard Curtis,Screenplay,Writing
6271,1281,141450,Mel Smith,Director,Directing
6272,1281,16357,Robin Driscoll,Screenplay,Writing
6273,5528,26406,Philippe Lopes-Curval,Screenplay,Writing
6274,5528,43993,Christophe Barratier,Director,Directing
6275,5528,43993,Christophe Barratier,Screenplay,Writing
6276,629542,52803,Etan Cohen,Screenplay,Writing
6277,629542,1261455,Pierre Perifel,Director,Directing
6278,339877,1003237,DK Welchman,Director,Directing
6279,339877,1466181,Hugh Welchman,Director,Directing
6280,339877,1003237,DK Welchman,Writer,Writing
6281,339877,1466181,Hugh Welchman,Writer,Writing
6282,339877,1466182,Jacek Dehnel,Writer,Writing
6283,115782,64139,Joshua Michael Stern,Director,Directing
6284,115782,1126232,Matt Whiteley,Writer,Writing
6285,407436,1333,Andy Serkis,Director,Directing
6286,407436,1397633,Callie Kloves,Screenplay,Writing
6287,43947,88039,Steven R. Monroe,Director,Directing
6288,43947,551912,Adam Rockoff,Screenplay,Writing
6289,858,12920,David S. Ward,Screenplay,Writing
6290,858,9248,Nora Ephron,Director,Directing
6291,858,12921,Jeff Arch,Screenplay,Writing
6292,858,9248,Nora Ephron,Screenplay,Writing
6293,581392,939147,Yeon Sang-ho,Director,Directing
6294,581392,939147,Yeon Sang-ho,Writer,Writing
6295,581392,1587504,Ryu Yong-jae,Writer,Writing
6296,9312,4014,Paul W. S. Anderson,Director,Directing
6297,9312,57258,Kevin Droney,Screenplay,Writing
6298,77987,21183,Nicolas Winding Refn,Director,Directing
6299,77987,21183,Nicolas Winding Refn,Writer,Writing
6300,104,1071,Tom Tykwer,Screenplay,Writing
6301,104,1071,Tom Tykwer,Director,Directing
6302,262,3660,Paul D. Zimmerman,Writer,Writing
6303,262,1032,Martin Scorsese,Director,Directing
6304,2133,5231,Wolfgang Petersen,Director,Directing
6305,2133,21864,William D. Wittliff,Screenplay,Writing
6306,88794,190,Clint Eastwood,Director,Directing
6307,88794,123997,Dustin Lance Black,Writer,Writing
6308,457335,1422673,Jason Lei Howden,Director,Directing
6309,457335,1422673,Jason Lei Howden,Writer,Writing
6310,11770,57607,Stephen Chow,Director,Directing
6311,11770,57607,Stephen Chow,Screenplay,Writing
6312,11770,545537,Tsang Kan-Cheong,Screenplay,Writing
6313,11770,88493,Steven Fung Min-Hang,Screenplay,Writing
6314,11770,52569,Andrew Fung Chih-Chiang,Screenplay,Writing
6315,11770,3949933,Lo Mei,Screenplay,Writing
6316,1429,5281,Spike Lee,Director,Directing
6317,1429,9813,David Benioff,Screenplay,Writing
6318,9007,54050,Mark Waters,Director,Directing
6319,9007,11708,Leslie Dixon,Screenplay,Writing
6320,9007,18268,Peter Tolan,Screenplay,Writing
6321,8923,56359,Lexi Alexander,Director,Directing
6322,8923,56359,Lexi Alexander,Screenplay,Writing
6323,8923,56360,Dougie Brimson,Screenplay,Writing
6324,8923,56361,Josh Shelov,Screenplay,Writing
6325,2135,932,John Logan,Screenplay,Writing
6326,2135,21879,Simon Wells,Director,Directing
6327,2135,21870,David Duncan,Screenplay,Writing
6328,2082,16848,Rob Zombie,Screenplay,Writing
6329,2082,16848,Rob Zombie,Director,Directing
6330,587807,20400,Tim Story,Director,Directing
6331,587807,1640647,Kevin Costello,Writer,Writing
6332,8265,37627,Dany Boon,Director,Directing
6333,8265,37627,Dany Boon,Screenplay,Writing
6334,8265,24887,Alexandre Charlot,Screenplay,Writing
6335,8265,24889,Franck Magnier,Screenplay,Writing
6336,9574,11505,John Hughes,Screenplay,Writing
6337,9574,5836,Bill Walsh,Screenplay,Writing
6338,9574,56911,Les Mayfield,Director,Directing
6339,364433,1284972,Nicola Guaglianone,Screenplay,Writing
6340,364433,1594217,Menotti,Screenplay,Writing
6341,364433,1130801,Gabriele Mainetti,Director,Directing
6342,899112,76927,Tommy Wirkola,Director,Directing
6343,899112,63453,Pat Casey,Writer,Writing
6344,899112,63449,Josh Miller,Writer,Writing
6345,38745,65630,Rob Letterman,Director,Directing
6346,38745,12083,Joe Stillman,Screenplay,Writing
6347,38745,52934,Nicholas Stoller,Screenplay,Writing
6348,1262,12995,Marc Forster,Director,Directing
6349,1262,23539,Zach Helm,Writer,Writing
6350,504,6884,Patty Jenkins,Director,Directing
6351,504,6884,Patty Jenkins,Writer,Writing
6352,926,15002,Dean Parisot,Director,Directing
6353,926,15003,David Howard,Screenplay,Writing
6354,926,41386,Robert Gordon,Screenplay,Writing
6355,38321,116357,Scott Stewart,Director,Directing
6356,38321,1014988,Min-Woo Hyung,Writer,Writing
6357,38321,120119,Cory Goodman,Writer,Writing
6358,840430,13235,Alexander Payne,Director,Directing
6359,840430,1224468,David Hemingson,Writer,Writing
6360,294963,1018106,S. Craig Zahler,Director,Directing
6361,294963,1018106,S. Craig Zahler,Writer,Writing
6362,11460,5140,Wes Craven,Director,Directing
6363,11460,20977,Carl Ellsworth,Screenplay,Writing
6364,82703,186402,Craig Wright,Screenplay,Writing
6365,82703,18898,Rob Minkoff,Director,Directing
6366,4970,2406,Mathieu Kassovitz,Director,Directing
6367,4970,19656,Sebastian Gutierrez,Writer,Writing
6368,365942,36804,Peter Chelsom,Director,Directing
6369,365942,34050,Allan Loeb,Screenplay,Writing
6370,228165,217174,Paul Tibbitt,Director,Directing
6371,228165,64151,Mike Mitchell,Director,Directing
6372,228165,57743,Glenn Berger,Screenplay,Writing
6373,228165,57744,Jonathan Aibel,Screenplay,Writing
6374,36593,13426,Peter Segal,Director,Directing
6375,36593,12991,Pat Proft,Writer,Writing
6376,36593,12987,David Zucker,Writer,Writing
6377,36593,13429,Robert LoCash,Writer,Writing
6378,552178,16863,Todd Haynes,Director,Directing
6379,552178,2142007,Mario Correa,Writer,Writing
6380,552178,36603,Matthew Michael Carnahan,Writer,Writing
6381,3563,17494,Dennis Dugan,Director,Directing
6382,3563,9644,Barry Fanaro,Screenplay,Writing
6383,3563,13235,Alexander Payne,Screenplay,Writing
6384,3563,4948,Jim Taylor,Screenplay,Writing
6385,12159,9198,Vincent Ward,Director,Directing
6386,12159,5144,Ronald Bass,Screenplay,Writing
6387,10996,18898,Rob Minkoff,Director,Directing
6388,10996,3431,Bruce Joel Rubin,Screenplay,Writing
6389,387,5231,Wolfgang Petersen,Director,Directing
6390,387,5231,Wolfgang Petersen,Screenplay,Writing
6391,387,14776,Dean Riesner,Screenplay,Writing
6392,2022,32593,Steven Brill,Director,Directing
6393,2022,56728,Tim Herlihy,Screenplay,Writing
6394,747188,5655,Wes Anderson,Screenplay,Writing
6395,747188,5655,Wes Anderson,Director,Directing
6396,9493,8858,Ivan Reitman,Director,Directing
6397,9493,21075,William Davies,Screenplay,Writing
6398,9493,57341,William Osborne,Screenplay,Writing
6399,9493,14711,Timothy Harris,Screenplay,Writing
6400,9493,14710,Herschel Weingrod,Screenplay,Writing
6401,8536,10586,Richard Lester,Director,Directing
6402,8536,3083,Mario Puzo,Screenplay,Writing
6403,8536,6728,David Newman,Screenplay,Writing
6404,8536,55279,Leslie Newman,Screenplay,Writing
6405,290512,357,Hany Abu-Assad,Director,Directing
6406,290512,225499,J. Mills Goodloe,Writer,Writing
6407,290512,3288,Chris Weitz,Screenplay,Writing
6408,422,4415,Federico Fellini,Screenplay,Writing
6409,422,5678,Brunello Rondi,Screenplay,Writing
6410,422,5396,Tullio Pinelli,Screenplay,Writing
6411,422,4415,Federico Fellini,Director,Directing
6412,422,5397,Ennio Flaiano,Screenplay,Writing
6413,625568,20977,Carl Ellsworth,Screenplay,Writing
6414,625568,126910,Derrick Borte,Director,Directing
6415,303991,69371,Jean-Marc Vallée,Director,Directing
6416,303991,1408804,Bryan Sipe,Screenplay,Writing
6417,9384,57130,Todd Phillips,Director,Directing
6418,9384,6112,John O'Brien,Screenplay,Writing
6419,9384,57130,Todd Phillips,Screenplay,Writing
6420,9384,57538,Scot Armstrong,Screenplay,Writing
6421,548,7449,Shinobu Hashimoto,Screenplay,Writing
6422,548,5026,Akira Kurosawa,Screenplay,Writing
6423,548,5026,Akira Kurosawa,Director,Directing
6424,267193,18865,Louis Leterrier,Director,Directing
6425,267193,6730,Sacha Baron Cohen,Screenplay,Writing
6426,267193,567562,Phil Johnston,Screenplay,Writing
6427,267193,6732,Peter Baynham,Screenplay,Writing
6428,522,510,Tim Burton,Director,Directing
6429,522,7131,Larry Karaszewski,Writer,Writing
6430,522,7130,Scott Alexander,Writer,Writing
6431,79,607,Zhang Yimou,Director,Directing
6432,79,2150045,Feng Li,Writer,Writing
6433,79,607,Zhang Yimou,Writer,Writing
6434,79,1335,Wang Bin,Writer,Writing
6435,277217,65310,Kenny Ortega,Director,Directing
6436,277217,41698,Josann McGibbon,Writer,Writing
6437,277217,41697,Sara Parriott,Writer,Writing
6438,1106739,3021451,Jonathan A. Abrams,Writer,Writing
6439,1106739,190,Clint Eastwood,Director,Directing
6440,332210,8010,Doug Sweetland,Director,Directing
6441,332210,52934,Nicholas Stoller,Director,Directing
6442,332210,52934,Nicholas Stoller,Writer,Writing
6443,11978,66121,George Tillman Jr.,Director,Directing
6444,11978,69144,Scott Marshall Smith,Screenplay,Writing
6445,648579,1219572,Kevin Etten,Writer,Writing
6446,648579,1211000,Tom Gormican,Writer,Writing
6447,648579,1211000,Tom Gormican,Director,Directing
6448,384680,65167,Scott Cooper,Director,Directing
6449,384680,65167,Scott Cooper,Screenplay,Writing
6450,1398,8452,Andrei Tarkovsky,Director,Directing
6451,1398,150634,Arkadiy Strugatskiy,Writer,Writing
6452,1398,8452,Andrei Tarkovsky,Screenplay,Writing
6453,1398,150635,Boris Strugatskiy,Writer,Writing
6454,581600,36602,Peter Berg,Director,Directing
6455,581600,4723,Brian Helgeland,Screenplay,Writing
6456,581600,67976,Sean O'Keefe,Screenplay,Writing
6457,9397,8858,Ivan Reitman,Director,Directing
6458,9397,51346,Don Jakoby,Screenplay,Writing
6459,9397,47051,David Weissman,Screenplay,Writing
6460,9397,47050,David Diamond,Screenplay,Writing
6461,12242,71849,Lynne Southerland,Director,Directing
6462,12242,58829,Darrell Rooney,Director,Directing
6463,12242,12061,Roger S.H. Schulman,Screenplay,Writing
6464,12242,71486,Michael Lucker,Screenplay,Writing
6465,12242,71487,Chris Parker,Screenplay,Writing
6466,10950,16853,Jessie Nelson,Screenplay,Writing
6467,10950,16853,Jessie Nelson,Director,Directing
6468,10950,67751,Kristine Johnson,Screenplay,Writing
6469,663712,933176,Damien Leone,Director,Directing
6470,663712,933176,Damien Leone,Writer,Writing
6471,87818,32593,Steven Brill,Director,Directing
6472,87818,9281,Elizabeth Banks,Director,Directing
6473,87818,52112,Steve Carr,Director,Directing
6474,87818,938681,James Duffy,Director,Directing
6475,87818,2171,Griffin Dunne,Director,Directing
6476,87818,7396,Peter Farrelly,Director,Directing
6477,87818,938682,Patrik Forsberg,Director,Directing
6478,87818,15218,James Gunn,Director,Directing
6479,87818,938683,Will Carlough,Writer,Writing
6480,87818,938682,Patrik Forsberg,Writer,Writing
6481,87818,938684,Matt Portenoy,Writer,Writing
6482,87818,82482,Greg Pritikin,Writer,Writing
6483,87818,935467,Jeremy Sosenko,Writer,Writing
6484,87818,205158,Rocky Russo,Writer,Writing
6485,87818,11091,Brett Ratner,Director,Directing
6486,87818,32907,Nick Swardson,Writer,Writing
6487,87818,60663,Ricky Blitt,Writer,Writing
6488,87818,1579627,Bill O'Malley,Writer,Writing
6489,87818,1579630,Will Graham,Director,Directing
6490,87818,1579630,Will Graham,Writer,Writing
6491,87818,1346442,Jack Kukoda,Writer,Writing
6492,87818,1579631,Claes Kjellstrom,Writer,Writing
6493,87818,1579632,Jonas Wittenmark,Writer,Writing
6494,87818,1579634,Tobias Carlson,Writer,Writing
6495,87818,1579636,Elizabeth Shapiro,Writer,Writing
6496,87818,11046,Olle Sarri,Writer,Writing
6497,87818,1494658,Jacob Fleisher,Writer,Writing
6498,87818,15218,James Gunn,Writer,Writing
6499,87818,1272994,Jonathan van Tulleken,Director,Directing
6500,87818,1272994,Jonathan van Tulleken,Writer,Writing
6501,87818,141825,Rusty Cundieff,Director,Directing
6502,473,6431,Darren Aronofsky,Director,Directing
6503,473,6431,Darren Aronofsky,Writer,Writing
6504,483906,71329,Jonas Åkerlund,Director,Directing
6505,483906,86446,Jayson Rothwell,Screenplay,Writing
6506,428449,592493,David Lowery,Director,Directing
6507,428449,592493,David Lowery,Writer,Writing
6508,6950,873,Robert Roy Pool,Screenplay,Writing
6509,6950,53004,Laurence Dworet,Screenplay,Writing
6510,6950,5231,Wolfgang Petersen,Director,Directing
6511,783,4786,Richard Attenborough,Director,Directing
6512,783,11845,John Briley,Writer,Writing
6513,968051,1607672,Michael Chaves,Director,Directing
6514,968051,1327476,Akela Cooper,Screenplay,Writing
6515,968051,1247264,Ian B. Goldberg,Screenplay,Writing
6516,968051,1661846,Richard Naing,Screenplay,Writing
6517,37472,3054450,Choi Hiu-Yan,Writer,Writing
6518,37472,63571,Wilson Yip,Director,Directing
6519,37472,77703,Edmond Wong Chi-Mun,Screenplay,Writing
6520,37472,1536908,Chan Tai-Lee,Writer,Writing
6521,8856,16513,John G. Avildsen,Director,Directing
6522,8856,61,Robert Mark Kamen,Writer,Writing
6523,667,10076,Lewis Gilbert,Director,Directing
6524,667,1299,Roald Dahl,Screenplay,Writing
6525,667,10077,Harold Jack Bloom,Writer,Writing
6526,41216,15217,Zack Snyder,Director,Directing
6527,41216,20457,John Orloff,Screenplay,Writing
6528,41216,136130,Emil Stern,Screenplay,Writing
6529,522212,1144604,Destin Daniel Cretton,Director,Directing
6530,522212,1144604,Destin Daniel Cretton,Screenplay,Writing
6531,522212,1629671,Andrew Lanham,Screenplay,Writing
6532,8456,55077,Chris Hauty,Screenplay,Writing
6533,8456,55075,Jeff Wadlow,Director,Directing
6534,837,224,David Cronenberg,Writer,Writing
6535,837,224,David Cronenberg,Director,Directing
6536,481084,12080,Conrad Vernon,Director,Directing
6537,481084,142587,Greg Tiernan,Director,Directing
6538,481084,99363,Matt Lieberman,Screenplay,Writing
6539,481084,34892,Pamela Pettler,Screenplay,Writing
6540,134411,76422,Ric Roman Waugh,Director,Directing
6541,134411,76422,Ric Roman Waugh,Screenplay,Writing
6542,134411,66721,Justin Haythe,Screenplay,Writing
6543,110420,81718,Mamoru Hosoda,Director,Directing
6544,110420,81721,Satoko Okudera,Screenplay,Writing
6545,110420,81718,Mamoru Hosoda,Screenplay,Writing
6546,8872,58448,Penelope Spheeris,Director,Directing
6547,8872,56156,Bonnie Turner,Screenplay,Writing
6548,8872,12073,Mike Myers,Screenplay,Writing
6549,8872,56157,Terry Turner,Screenplay,Writing
6550,401469,1194205,Gillian Flynn,Screenplay,Writing
6551,401469,72757,Steve McQueen,Screenplay,Writing
6552,401469,72757,Steve McQueen,Director,Directing
6553,87492,68928,E. Max Frye,Writer,Writing
6554,87492,5345,Bennett Miller,Director,Directing
6555,87492,5346,Dan Futterman,Writer,Writing
6556,42188,57446,Mark Romanek,Director,Directing
6557,42188,2036,Alex Garland,Screenplay,Writing
6558,642,9577,George Roy Hill,Director,Directing
6559,642,348,William Goldman,Writer,Writing
6560,763285,1223887,Chris Fedak,Screenplay,Writing
6561,763285,865,Michael Bay,Director,Directing
6562,11969,16566,George P. Cosmatos,Director,Directing
6563,11969,7781,Kevin Jarre,Writer,Writing
6564,80035,62854,Akiva Schaffer,Director,Directing
6565,80035,89027,Jared Stern,Writer,Writing
6566,80035,19274,Seth Rogen,Writer,Writing
6567,80035,54734,Evan Goldberg,Writer,Writing
6568,9600,58143,Darryl Quarles,Screenplay,Writing
6569,9600,58144,Don Rhymer,Screenplay,Writing
6570,9600,1215,Raja Gosnell,Director,Directing
6571,832,68,Fritz Lang,Director,Directing
6572,832,68,Fritz Lang,Screenplay,Writing
6573,832,157,Thea von Harbou,Screenplay,Writing
6574,11459,64151,Mike Mitchell,Director,Directing
6575,11459,69509,Paul Hernandez,Writer,Writing
6576,11459,68700,Bob Schooley,Writer,Writing
6577,11459,68699,Mark McCorkle,Writer,Writing
6578,11459,57743,Glenn Berger,Writer,Writing
6579,11459,57744,Jonathan Aibel,Writer,Writing
6580,12102,6729,Robert Benton,Director,Directing
6581,12102,6729,Robert Benton,Screenplay,Writing
6582,6278,12523,Rob Bowman,Director,Directing
6583,6278,1196741,Gregg Chabot,Writer,Writing
6584,6278,29606,Matt Greenberg,Screenplay,Writing
6585,304410,1526756,Victoria Bedos,Screenplay,Writing
6586,304410,85340,Éric Lartigau,Director,Directing
6587,304410,19074,Stanislas Carré de Malberg,Screenplay,Writing
6588,10320,26875,Hideo Nakata,Director,Directing
6589,10320,15244,Ehren Kruger,Screenplay,Writing
6590,901,147963,Harry Crocker,Screenplay,Writing
6591,901,13848,Charlie Chaplin,Screenplay,Writing
6592,901,13848,Charlie Chaplin,Director,Directing
6593,901,1358394,Harry Carr,Screenplay,Writing
6594,9595,12936,Jim Abrahams,Director,Directing
6595,9595,12991,Pat Proft,Writer,Writing
6596,9595,12936,Jim Abrahams,Writer,Writing
6597,9494,57434,Amy Heckerling,Director,Directing
6598,9494,57434,Amy Heckerling,Writer,Writing
6599,8814,10765,Andrzej Bartkowiak,Director,Directing
6600,8814,57264,David Callaham,Screenplay,Writing
6601,8814,17880,Wesley Strick,Screenplay,Writing
6602,282984,1243,Woody Allen,Writer,Writing
6603,282984,1243,Woody Allen,Director,Directing
6604,15370,78373,Reiko Yoshida,Screenplay,Writing
6605,15370,78173,Hiroyuki Morita,Director,Directing
6606,8202,54025,Karyn Kusama,Director,Directing
6607,8202,54048,Matt Manfredi,Screenplay,Writing
6608,8202,54047,Phil Hay,Screenplay,Writing
6609,11199,68574,Brad Copeland,Screenplay,Writing
6610,11199,68573,Walt Becker,Director,Directing
6611,653,9076,F. W. Murnau,Director,Directing
6612,653,9833,Henrik Galeen,Screenplay,Writing
6613,804150,9281,Elizabeth Banks,Director,Directing
6614,804150,1906002,Jimmy Warden,Writer,Writing
6615,43923,53069,Anna Boden,Director,Directing
6616,43923,53068,Ryan Fleck,Director,Directing
6617,43923,53068,Ryan Fleck,Screenplay,Writing
6618,43923,53069,Anna Boden,Screenplay,Writing
6619,1083381,3688382,Kane Parsons,Director,Directing
6620,1083381,3603502,Will Soodik,Writer,Writing
6621,11439,65434,Robert Harris,Screenplay,Writing
6622,11439,3556,Roman Polanski,Director,Directing
6623,11439,3556,Roman Polanski,Screenplay,Writing
6624,6038,42994,David Dobkin,Director,Directing
6625,6038,18924,Alfred Gough,Screenplay,Writing
6626,6038,18923,Miles Millar,Screenplay,Writing
6627,347375,36602,Peter Berg,Director,Directing
6628,347375,1967619,Lea Carpenter,Screenplay,Writing
6629,37707,5877,Vincenzo Natali,Director,Directing
6630,37707,118360,Antoinette Terry Bryant,Screenplay,Writing
6631,37707,5877,Vincenzo Natali,Screenplay,Writing
6632,37707,23801,Doug Taylor,Screenplay,Writing
6633,369557,45117,John Carney,Writer,Writing
6634,369557,45117,John Carney,Director,Directing
6635,14337,76624,Shane Carruth,Director,Directing
6636,14337,76624,Shane Carruth,Writer,Writing
6637,14001,2127,James Wan,Director,Directing
6638,14001,2128,Leigh Whannell,Writer,Writing
6639,696374,1972687,Mary Pocrnic,Screenplay,Writing
6640,696374,935563,Tosca Musk,Director,Directing
6641,301351,1257827,Max Joseph,Screenplay,Writing
6642,301351,1023389,Meaghan Oppenheimer,Screenplay,Writing
6643,301351,1257827,Max Joseph,Director,Directing
6644,13455,2291,Paul McGuigan,Director,Directing
6645,13455,74527,David Bourla,Writer,Writing
6646,257088,21673,Ericson Core,Director,Directing
6647,257088,13927,Kurt Wimmer,Screenplay,Writing
6648,10376,65314,Giuseppe Tornatore,Director,Directing
6649,10376,65314,Giuseppe Tornatore,Screenplay,Writing
6650,10376,65315,Alessandro Baricco,Screenplay,Writing
6651,10376,65314,Giuseppe Tornatore,Writer,Writing
6652,149509,59291,Alexandre Aja,Director,Directing
6653,149509,1264872,Joe Hill,Writer,Writing
6654,149509,1378767,Keith Bunin,Screenplay,Writing
6655,280217,107446,Phil Lord,Screenplay,Writing
6656,280217,155267,Christopher Miller,Screenplay,Writing
6657,280217,64151,Mike Mitchell,Director,Directing
6658,6972,6201,Baz Luhrmann,Screenplay,Writing
6659,6972,6201,Baz Luhrmann,Director,Directing
6660,6972,3558,Ronald Harwood,Screenplay,Writing
6661,6972,1115006,Richard Flanagan,Screenplay,Writing
6662,6972,1707,Stuart Beattie,Screenplay,Writing
6663,623,8929,Charles Crichton,Director,Directing
6664,623,8930,John Cleese,Screenplay,Writing
6665,1084199,1087245,Drew Hancock,Writer,Writing
6666,1084199,1087245,Drew Hancock,Director,Directing
6667,502416,55789,Tate Taylor,Director,Directing
6668,502416,2364389,Scotty Landes,Writer,Writing
6669,154400,4722,Dennis Lehane,Screenplay,Writing
6670,154400,236859,Michaël R. Roskam,Director,Directing
6671,12556,54050,Mark Waters,Director,Directing
6672,12556,52114,Jon Lucas,Writer,Writing
6673,12556,52115,Scott Moore,Writer,Writing
6674,10139,5216,Gus Van Sant,Director,Directing
6675,10139,123997,Dustin Lance Black,Writer,Writing
6676,1900,1884,Steven Soderbergh,Director,Directing
6677,1900,2945,Stephen Gaghan,Screenplay,Writing
6678,820,1152,Oliver Stone,Screenplay,Writing
6679,820,12130,Zachary Sklar,Screenplay,Writing
6680,820,1152,Oliver Stone,Director,Directing
6681,11451,7312,Angela Robinson,Director,Directing
6682,11451,59413,Robert Ben Garant,Screenplay,Writing
6683,11451,18924,Alfred Gough,Screenplay,Writing
6684,11451,539,Thomas Lennon,Screenplay,Writing
6685,11451,18923,Miles Millar,Screenplay,Writing
6686,11011,13582,Tom S. Parker,Screenplay,Writing
6687,11011,13583,Jim Jennewein,Screenplay,Writing
6688,11011,18281,Donald Petrie,Director,Directing
6689,921,6159,Ron Howard,Director,Directing
6690,921,5575,Akiva Goldsman,Screenplay,Writing
6691,921,14906,Cliff Hollingsworth,Screenplay,Writing
6692,1646,2163,Richard LaGravenese,Screenplay,Writing
6693,1646,2163,Richard LaGravenese,Director,Directing
6694,86825,10099,Park Chan-wook,Director,Directing
6695,86825,3972,Wentworth Miller,Writer,Writing
6696,376866,1227160,Noah Oppenheim,Writer,Writing
6697,376866,225009,Pablo Larraín,Director,Directing
6698,399402,1003245,Donovan Marsh,Director,Directing
6699,399402,55391,Jamie Moss,Screenplay,Writing
6700,399402,8277,Arne Schmidt,Screenplay,Writing
6701,168530,20400,Tim Story,Director,Directing
6702,168530,47364,Greg Coolidge,Screenplay,Writing
6703,168530,111683,Jason Mantzoukas,Screenplay,Writing
6704,168530,54047,Phil Hay,Screenplay,Writing
6705,168530,54048,Matt Manfredi,Screenplay,Writing
6706,63492,57199,Mark Mylod,Director,Directing
6707,63492,1213123,Jennifer Crittenden,Screenplay,Writing
6708,63492,1237024,Gabrielle Allan,Screenplay,Writing
6709,8292,34672,David Elliot,Writer,Writing
6710,8292,6482,John Singleton,Director,Directing
6711,8292,84768,Paul Lovett,Writer,Writing
6712,64689,37618,Andrew Dominik,Director,Directing
6713,64689,37618,Andrew Dominik,Screenplay,Writing
6714,794,7187,Richard Donner,Director,Directing
6715,794,11834,David Seltzer,Writer,Writing
6716,112949,11898,Dana Stevens,Screenplay,Writing
6717,112949,5306,Lasse Hallström,Director,Directing
6718,112949,1397013,Gage Lansky,Screenplay,Writing
6719,9388,52443,Jason Reitman,Director,Directing
6720,9388,52443,Jason Reitman,Screenplay,Writing
6721,8328,54507,Jon M. Chu,Director,Directing
6722,8328,54509,Karen Barna,Screenplay,Writing
6723,8328,54510,Duane Adler,Screenplay,Writing
6724,8328,54508,Toni Ann Johnson,Screenplay,Writing
6725,797,6648,Ingmar Bergman,Director,Directing
6726,797,6648,Ingmar Bergman,Screenplay,Writing
6727,446791,578,Ridley Scott,Director,Directing
6728,446791,21527,David Scarpa,Writer,Writing
6729,1248,16786,Thomas Harris,Screenplay,Writing
6730,1248,16785,Peter Webber,Director,Directing
6731,245,3290,Peter Hedges,Screenplay,Writing
6732,245,3289,Paul Weitz,Director,Directing
6733,245,3288,Chris Weitz,Screenplay,Writing
6734,245,3288,Chris Weitz,Director,Directing
6735,245,3289,Paul Weitz,Screenplay,Writing
6736,37169,118639,Tom Six,Director,Directing
6737,37169,118639,Tom Six,Writer,Writing
6738,10313,31511,Grant Heslov,Director,Directing
6739,10313,64814,Peter Straughan,Screenplay,Writing
6740,523139,5877,Vincenzo Natali,Screenplay,Writing
6741,523139,5877,Vincenzo Natali,Director,Directing
6742,1428,2294,Robert Rodriguez,Director,Directing
6743,1428,2294,Robert Rodriguez,Screenplay,Writing
6744,1304313,1398631,Lee Cronin,Writer,Writing
6745,1304313,1398631,Lee Cronin,Director,Directing
6746,43593,62157,Josh Stolberg,Writer,Writing
6747,43593,59291,Alexandre Aja,Director,Directing
6748,9631,58228,Kevin Fox,Screenplay,Writing
6749,9631,37932,F. Gary Gray,Director,Directing
6750,9631,53120,James DeMonaco,Screenplay,Writing
6751,951491,2150,Kevin Greutert,Director,Directing
6752,951491,965416,Pete Goldfinger,Writer,Writing
6753,951491,62157,Josh Stolberg,Writer,Writing
6754,96724,36588,Joe Wright,Director,Directing
6755,96724,372,Tom Stoppard,Screenplay,Writing
6756,10147,17447,Terry Zwigoff,Director,Directing
6757,10147,56412,John Requa,Writer,Writing
6758,10147,56411,Glenn Ficarra,Writer,Writing
6759,152603,4429,Jim Jarmusch,Writer,Writing
6760,152603,4429,Jim Jarmusch,Director,Directing
6761,409,2239,Anthony Minghella,Screenplay,Writing
6762,409,2239,Anthony Minghella,Director,Directing
6763,287903,11012,Michael Dougherty,Director,Directing
6764,287903,11012,Michael Dougherty,Writer,Writing
6765,287903,1443683,Zach Shields,Writer,Writing
6766,287903,221162,Todd Casey,Writer,Writing
6767,8913,56263,Mary Lambert,Director,Directing
6768,8913,3027,Stephen King,Screenplay,Writing
6769,967,240,Stanley Kubrick,Director,Directing
6770,967,11993,Dalton Trumbo,Screenplay,Writing
6771,967,14501,Peter Ustinov,Screenplay,Writing
6772,539972,18873,Art Marcum,Screenplay,Writing
6773,539972,18875,Matt Holloway,Screenplay,Writing
6774,539972,22814,Richard Wenk,Screenplay,Writing
6775,539972,556172,J.C. Chandor,Director,Directing
6776,774752,15218,James Gunn,Writer,Writing
6777,774752,15218,James Gunn,Director,Directing
6778,484718,53267,Craig Brewer,Director,Directing
6779,484718,1407486,Kenya Barris,Screenplay,Writing
6780,484718,57328,Barry W. Blaustein,Screenplay,Writing
6781,484718,57327,David Sheffield,Screenplay,Writing
6782,11474,1723,Walter Hill,Director,Directing
6783,11474,69567,David Shaber,Screenplay,Writing
6784,11474,1723,Walter Hill,Screenplay,Writing
6785,243688,57193,Gil Kenan,Director,Directing
6786,243688,23766,David Lindsay-Abaire,Screenplay,Writing
6787,28355,54559,Christian Alvart,Director,Directing
6788,28355,58515,Ray Wright,Writer,Writing
6789,9378,57524,Richard D'Ovidio,Screenplay,Writing
6790,9378,57521,Steve Beck,Director,Directing
6791,9378,31625,Neal Marshall Stevens,Screenplay,Writing
6792,9378,56268,Todd Alcott,Screenplay,Writing
6793,22972,25598,Paul Greengrass,Director,Directing
6794,22972,4723,Brian Helgeland,Writer,Writing
6795,22972,114395,Rajiv Chandrasekaran,Screenplay,Writing
6796,4836,39667,J.J. Connolly,Screenplay,Writing
6797,4836,957,Matthew Vaughn,Director,Directing
6798,12573,1224,Ethan Coen,Director,Directing
6799,12573,1223,Joel Coen,Director,Directing
6800,12573,1223,Joel Coen,Writer,Writing
6801,12573,1224,Ethan Coen,Writer,Writing
6802,10098,13848,Charlie Chaplin,Writer,Writing
6803,10098,13848,Charlie Chaplin,Director,Directing
6804,527435,99363,Matt Lieberman,Writer,Writing
6805,527435,1281387,Clay Kaytis,Director,Directing
6806,339527,1032011,Afonso Poyart,Director,Directing
6807,339527,39387,Sean Bailey,Writer,Writing
6808,339527,1886,Ted Griffin,Writer,Writing
6809,329833,15009,Justin Theroux,Writer,Writing
6810,329833,7399,Ben Stiller,Writer,Writing
6811,329833,7399,Ben Stiller,Director,Directing
6812,329833,17871,John Hamburg,Writer,Writing
6813,329833,52934,Nicholas Stoller,Writer,Writing
6814,16690,67395,Temple Mathews,Screenplay,Writing
6815,16690,2596066,Robin Budd,Director,Directing
6816,681,9915,Guy Hamilton,Director,Directing
6817,681,9858,Richard Maibaum,Screenplay,Writing
6818,681,7190,Tom Mankiewicz,Screenplay,Writing
6819,317442,2482292,Maruo Kyozuka,Screenplay,Writing
6820,317442,2320943,Tsuneo Kobayashi,Director,Directing
6821,72571,54248,Christopher Landon,Writer,Writing
6822,72571,142272,Henry Joost,Director,Directing
6823,72571,142276,Ariel Schulman,Director,Directing
6824,400710,19346,Niels Arden Oplev,Director,Directing
6825,400710,58709,Ben Ripley,Screenplay,Writing
6826,1523,17350,Kevin Macdonald,Director,Directing
6827,1523,15730,Peter Morgan,Screenplay,Writing
6828,1523,35005,Jeremy Brock,Screenplay,Writing
6829,826,4066,Carl Foreman,Screenplay,Writing
6830,826,13267,Michael Wilson,Screenplay,Writing
6831,826,12238,David Lean,Director,Directing
6832,372343,74396,Tomas Alfredson,Director,Directing
6833,372343,56960,Hossein Amini,Screenplay,Writing
6834,372343,206616,Søren Sveistrup,Screenplay,Writing
6835,372343,64814,Peter Straughan,Writer,Writing
6836,724495,11898,Dana Stevens,Screenplay,Writing
6837,724495,71947,Gina Prince-Bythewood,Director,Directing
6838,12279,2294,Robert Rodriguez,Director,Directing
6839,12279,2294,Robert Rodriguez,Screenplay,Writing
6840,1535,893,Tony Scott,Director,Directing
6841,1535,21204,David Arata,Screenplay,Writing
6842,1535,21203,Michael Frost Beckner,Screenplay,Writing
6843,688,190,Clint Eastwood,Director,Directing
6844,688,2163,Richard LaGravenese,Screenplay,Writing
6845,475303,1243,Woody Allen,Writer,Writing
6846,475303,1243,Woody Allen,Director,Directing
6847,795,11887,Brad Silberling,Director,Directing
6848,795,11898,Dana Stevens,Screenplay,Writing
6849,10065,62721,Andrew Douglas,Director,Directing
6850,10065,46000,Sandor Stern,Screenplay,Writing
6851,10065,37949,Scott Kosar,Screenplay,Writing
6852,42297,42745,Steve Antin,Director,Directing
6853,42297,42745,Steve Antin,Screenplay,Writing
6854,77931,12084,J. David Stem,Screenplay,Writing
6855,77931,68208,Jay Scherick,Screenplay,Writing
6856,77931,54904,David Ronn,Screenplay,Writing
6857,77931,52845,Karey Kirkpatrick,Screenplay,Writing
6858,77931,12085,David N. Weiss,Screenplay,Writing
6859,77931,1215,Raja Gosnell,Director,Directing
6860,454992,1302549,Susanna Fogel,Director,Directing
6861,454992,1302549,Susanna Fogel,Writer,Writing
6862,454992,1502350,David Iserson,Writer,Writing
6863,16614,54733,Greg Mottola,Director,Directing
6864,16614,54733,Greg Mottola,Writer,Writing
6865,666277,2518227,Celine Song,Director,Directing
6866,666277,2518227,Celine Song,Writer,Writing
6867,615665,61175,John Whitesell,Director,Directing
6868,615665,64731,Tiffany Paulsen,Writer,Writing
6869,26389,35453,Pierre Morel,Director,Directing
6870,26389,95322,Adi Hasak,Screenplay,Writing
6871,68727,2034,Danny Boyle,Director,Directing
6872,68727,8999,John Hodge,Writer,Writing
6873,68727,190341,Joe Ahearne,Writer,Writing
6874,964980,880,Ben Affleck,Director,Directing
6875,964980,3672370,Alex Convery,Writer,Writing
6876,55301,57744,Jonathan Aibel,Writer,Writing
6877,55301,57743,Glenn Berger,Writer,Writing
6878,55301,64151,Mike Mitchell,Director,Directing
6879,34016,111686,Jim Field Smith,Director,Directing
6880,34016,212576,John Morris,Screenplay,Writing
6881,34016,74619,Sean Anders,Screenplay,Writing
6882,433310,1492059,John Whittington,Writer,Writing
6883,433310,991868,Ari Sandel,Director,Directing
6884,9488,2294,Robert Rodriguez,Director,Directing
6885,9488,2294,Robert Rodriguez,Screenplay,Writing
6886,378,1224,Ethan Coen,Screenplay,Writing
6887,378,1223,Joel Coen,Director,Directing
6888,378,1223,Joel Coen,Screenplay,Writing
6889,89492,41039,Judd Apatow,Director,Directing
6890,89492,41039,Judd Apatow,Writer,Writing
6891,11551,1705,Ted Elliott,Screenplay,Writing
6892,11551,1706,Terry Rossio,Screenplay,Writing
6893,11551,58034,Gavin Scott,Screenplay,Writing
6894,11551,50583,Adam Rifkin,Screenplay,Writing
6895,11551,4600,Joe Dante,Director,Directing
6896,503,5231,Wolfgang Petersen,Director,Directing
6897,503,6854,Mark Protosevich,Screenplay,Writing
6898,379170,34546,Mark Gatiss,Writer,Writing
6899,379170,152111,Douglas Mackinnon,Director,Directing
6900,379170,146459,Steven Moffat,Writer,Writing
6901,23082,17835,Ricky Gervais,Director,Directing
6902,23082,17835,Ricky Gervais,Writer,Writing
6903,23082,1551346,Matthew Robinson,Writer,Writing
6904,23082,1551346,Matthew Robinson,Director,Directing
6905,9513,49903,Tim Hill,Director,Directing
6906,9513,12892,Joel Cohen,Screenplay,Writing
6907,9513,12893,Alec Sokolow,Screenplay,Writing
6908,49021,216278,Ranulph Fiennes,Screenplay,Writing
6909,49021,141688,Gary McKendry,Director,Directing
6910,49021,141688,Gary McKendry,Screenplay,Writing
6911,507076,14597,Gaspar Noé,Director,Directing
6912,507076,14597,Gaspar Noé,Screenplay,Writing
6913,147,1650,François Truffaut,Director,Directing
6914,147,1650,François Truffaut,Screenplay,Writing
6915,682507,1668008,Olivia Newman,Director,Directing
6916,682507,1055231,Lucy Alibar,Screenplay,Writing
6917,49526,508,David Koepp,Director,Directing
6918,49526,51296,John Kamps,Writer,Writing
6919,49526,508,David Koepp,Writer,Writing
6920,294272,592493,David Lowery,Director,Directing
6921,294272,592493,David Lowery,Screenplay,Writing
6922,294272,1133332,Toby Halbrooks,Screenplay,Writing
6923,192102,36425,McG,Director,Directing
6924,192102,95322,Adi Hasak,Screenplay,Writing
6925,192102,59,Luc Besson,Screenplay,Writing
6926,37233,11057,Robert Towne,Screenplay,Writing
6927,37233,2226,Sydney Pollack,Director,Directing
6928,37233,11056,David Rayfiel,Screenplay,Writing
6929,37233,11055,David Rabe,Screenplay,Writing
6930,318121,1215621,Rob Burnett,Screenplay,Writing
6931,318121,1215621,Rob Burnett,Director,Directing
6932,1547,17446,James Jeremias,Screenplay,Writing
6933,1547,5572,Joel Schumacher,Director,Directing
6934,1547,737,Jeffrey Boam,Screenplay,Writing
6935,1547,1226381,Jan Fischer,Screenplay,Writing
6936,371645,55934,Taika Waititi,Screenplay,Writing
6937,371645,55934,Taika Waititi,Director,Directing
6938,273895,929825,Ava DuVernay,Director,Directing
6939,273895,194586,Paul Webb,Writer,Writing
6940,273895,929825,Ava DuVernay,Writer,Writing
6941,59860,56789,Thomas Bezucha,Director,Directing
6942,59860,56789,Thomas Bezucha,Screenplay,Writing
6943,59860,86035,Maria Maggenti,Screenplay,Writing
6944,59860,231039,April Blair,Screenplay,Writing
6945,6415,17883,David O. Russell,Director,Directing
6946,6415,17883,David O. Russell,Screenplay,Writing
6947,8005,14639,Mel Brooks,Director,Directing
6948,8005,43608,J.D. Shapiro,Screenplay,Writing
6949,8005,53838,Evan Chandler,Screenplay,Writing
6950,8005,14639,Mel Brooks,Screenplay,Writing
6951,599975,1346242,Justin Dec,Director,Directing
6952,599975,1346242,Justin Dec,Writer,Writing
6953,923,14999,George A. Romero,Director,Directing
6954,923,14999,George A. Romero,Screenplay,Writing
6955,58431,58552,Burr Steers,Director,Directing
6956,58431,58552,Burr Steers,Screenplay,Writing
6957,11397,57604,Joel Gallen,Director,Directing
6958,11397,69209,Mike Bender,Screenplay,Writing
6959,11397,66514,Adam Jay Epstein,Screenplay,Writing
6960,11397,35692,Buddy Johnson,Screenplay,Writing
6961,11397,35693,Phil Beauman,Screenplay,Writing
6962,11397,66517,Andrew Jacobson,Screenplay,Writing
6963,37821,36797,Robert Luketic,Director,Directing
6964,37821,74873,Bob DeRosa,Screenplay,Writing
6965,37821,1886,Ted Griffin,Screenplay,Writing
6966,9913,1978,Iain Softley,Director,Directing
6967,9913,15244,Ehren Kruger,Writer,Writing
6968,4032,34611,Howard Zieff,Director,Directing
6969,4032,35163,Laurice Elehwany,Screenplay,Writing
6970,11395,58072,John Pasquin,Director,Directing
6971,11395,61398,Leo Benvenuti,Screenplay,Writing
6972,11395,56643,Steve Rudnick,Screenplay,Writing
6973,1251,190,Clint Eastwood,Director,Directing
6974,1251,33514,Iris Yamashita,Screenplay,Writing
6975,606856,21673,Ericson Core,Director,Directing
6976,606856,1092705,Tom Flynn,Writer,Writing
6977,537116,1179651,Lin-Manuel Miranda,Director,Directing
6978,537116,1411697,Steven Levenson,Screenplay,Writing
6979,505192,25645,Hirokazu Kore-eda,Director,Directing
6980,505192,25645,Hirokazu Kore-eda,Screenplay,Writing
6981,283445,928106,C. Robert Cargill,Writer,Writing
6982,283445,55499,Scott Derrickson,Writer,Writing
6983,283445,1911436,Ciarán Foy,Director,Directing
6984,29917,105239,Stuart Hazeldine,Screenplay,Writing
6985,29917,105239,Stuart Hazeldine,Director,Directing
6986,463821,58321,Eric Kripke,Screenplay,Writing
6987,463821,16847,Eli Roth,Director,Directing
6988,253,9915,Guy Hamilton,Director,Directing
6989,253,7190,Tom Mankiewicz,Screenplay,Writing
6990,760161,62768,William Brent Bell,Director,Directing
6991,760161,156947,David Coggeshall,Screenplay,Writing
6992,10925,5045,Dan O'Bannon,Director,Directing
6993,10925,5045,Dan O'Bannon,Screenplay,Writing
6994,1275779,488,Steven Spielberg,Director,Directing
6995,1275779,508,David Koepp,Screenplay,Writing
6996,5336,72191,Pupi Avati,Writer,Writing
6997,5336,72477,Sergio Citti,Writer,Writing
6998,5336,5970,Pier Paolo Pasolini,Writer,Writing
6999,5336,5970,Pier Paolo Pasolini,Director,Directing
7000,11282,56591,Danny Leiner,Director,Directing
7001,11282,68844,Hayden Schlossberg,Screenplay,Writing
7002,11282,68843,Jon Hurwitz,Screenplay,Writing
7003,29427,52609,Breck Eisner,Director,Directing
7004,29427,37949,Scott Kosar,Screenplay,Writing
7005,29427,58515,Ray Wright,Screenplay,Writing
7006,10590,2460,Randall Wallace,Director,Directing
7007,10590,2460,Randall Wallace,Screenplay,Writing
7008,864,12962,Jon Turteltaub,Director,Directing
7009,864,12963,Lynn Siefert,Screenplay,Writing
7010,864,12965,Tommy Swerdlow,Screenplay,Writing
7011,864,12966,Michael Goldberg,Screenplay,Writing
7012,203,1032,Martin Scorsese,Screenplay,Writing
7013,203,1032,Martin Scorsese,Director,Directing
7014,203,2554,Mardik Martin,Screenplay,Writing
7015,319888,974,Dexter Fletcher,Director,Directing
7016,319888,1441716,Simon Kelton,Screenplay,Writing
7017,319888,1441717,Sean Macaulay,Screenplay,Writing
7018,37797,555254,Yoshifumi Kondo,Director,Directing
7019,37797,608,Hayao Miyazaki,Screenplay,Writing
7020,8224,5572,Joel Schumacher,Director,Directing
7021,8224,12047,Andrew Kevin Walker,Writer,Writing
7022,602734,965416,Pete Goldfinger,Writer,Writing
7023,602734,2675,Darren Lynn Bousman,Director,Directing
7024,602734,62157,Josh Stolberg,Writer,Writing
7025,8346,54644,Joel Zwick,Director,Directing
7026,8346,54645,Nia Vardalos,Writer,Writing
7027,796499,16808,Matthias Schweighöfer,Director,Directing
7028,796499,2104243,Shay Hatten,Screenplay,Writing
7029,682,9915,Guy Hamilton,Director,Directing
7030,682,9858,Richard Maibaum,Screenplay,Writing
7031,682,7190,Tom Mankiewicz,Screenplay,Writing
7032,585216,1524504,Will Honley,Writer,Writing
7033,585216,1851664,Maria Melnik,Writer,Writing
7034,585216,1090787,Oren Uziel,Writer,Writing
7035,585216,3102377,Daniel Tuch,Writer,Writing
7036,585216,1306608,Adam Robitel,Director,Directing
7037,18947,7018,Richard Curtis,Director,Directing
7038,18947,7018,Richard Curtis,Writer,Writing
7039,146198,53333,John Hillcoat,Director,Directing
7040,146198,1123799,Matt Cook,Writer,Writing
7041,59678,155531,Joe Cornish,Director,Directing
7042,59678,155531,Joe Cornish,Writer,Writing
7043,82525,1152,Oliver Stone,Director,Directing
7044,82525,6039,Shane Salerno,Screenplay,Writing
7045,82525,65108,Don Winslow,Screenplay,Writing
7046,82525,1152,Oliver Stone,Screenplay,Writing
7047,9276,2294,Robert Rodriguez,Director,Directing
7048,9276,26458,Kevin Williamson,Screenplay,Writing
7049,8452,21159,Marianne Wibberley,Screenplay,Writing
7050,8452,21158,Cormac Wibberley,Screenplay,Writing
7051,8452,1724,Roger Spottiswoode,Director,Directing
7052,339967,118303,Nacho Vigalondo,Director,Directing
7053,339967,118303,Nacho Vigalondo,Writer,Writing
7054,9571,564,Richard Linklater,Director,Directing
7055,9571,564,Richard Linklater,Writer,Writing
7056,1923,5602,David Lynch,Director,Directing
7057,1923,15797,Robert Engels,Writer,Writing
7058,1923,5602,David Lynch,Writer,Writing
7059,483184,63973,Matteo Garrone,Director,Directing
7060,483184,72768,Ugo Chiti,Screenplay,Writing
7061,483184,63973,Matteo Garrone,Screenplay,Writing
7062,483184,78675,Massimo Gaudioso,Screenplay,Writing
7063,465136,566328,Michael Sucsy,Director,Directing
7064,465136,1394669,Jesse Andrews,Screenplay,Writing
7065,650,6482,John Singleton,Director,Directing
7066,650,6482,John Singleton,Writer,Writing
7067,8461,6011,Michael Haneke,Director,Directing
7068,8461,6011,Michael Haneke,Screenplay,Writing
7069,228066,2291,Paul McGuigan,Director,Directing
7070,228066,203285,Max Landis,Screenplay,Writing
7071,2309,1978,Iain Softley,Director,Directing
7072,2309,23766,David Lindsay-Abaire,Screenplay,Writing
7073,804,10001,William Wyler,Director,Directing
7074,804,11994,Ian McLellan Hunter,Screenplay,Writing
7075,804,11995,John Dighton,Screenplay,Writing
7076,804,11993,Dalton Trumbo,Screenplay,Writing
7077,6282,48980,David McNally,Director,Directing
7078,6282,59972,Gina Wendkos,Writer,Writing
7079,13051,12028,John Moore,Director,Directing
7080,13051,74129,Beau Thorne,Screenplay,Writing
7081,137093,12962,Jon Turteltaub,Director,Directing
7082,137093,15892,Dan Fogelman,Writer,Writing
7083,446893,118489,Walt Dohrn,Director,Directing
7084,446893,57743,Glenn Berger,Screenplay,Writing
7085,446893,57744,Jonathan Aibel,Screenplay,Writing
7086,446893,67360,Maya Forbes,Screenplay,Writing
7087,446893,2412780,Elizabeth Tippet,Screenplay,Writing
7088,446893,486,Wallace Wolodarsky,Screenplay,Writing
7089,24238,92733,Adam Elliot,Director,Directing
7090,24238,92733,Adam Elliot,Writer,Writing
7091,10603,36805,Audrey Wells,Screenplay,Writing
7092,10603,54967,Sam Weisman,Director,Directing
7093,10603,26978,Dana Olsen,Screenplay,Writing
7094,10314,64815,Robert Iscove,Director,Directing
7095,10314,62512,R. Lee Fleming Jr.,Writer,Writing
7096,9381,72266,Éric Besnard,Screenplay,Writing
7097,9381,2406,Mathieu Kassovitz,Director,Directing
7098,9381,2406,Mathieu Kassovitz,Screenplay,Writing
7099,8769,55928,Bill Phillips,Screenplay,Writing
7100,8769,11770,John Carpenter,Director,Directing
7101,556803,182892,Mike Rohl,Director,Directing
7102,556803,1493295,Robin Bernheim Burger,Writer,Writing
7103,556803,2167389,Megan Metzger,Writer,Writing
7104,4564,38023,Michael Patrick King,Director,Directing
7105,4564,38023,Michael Patrick King,Screenplay,Writing
7106,940551,1092607,Benjamin Renner,Director,Directing
7107,940551,17735,Mike White,Screenplay,Writing
7108,10673,1152,Oliver Stone,Writer,Writing
7109,10673,66189,Stanley Weiser,Writer,Writing
7110,10673,1152,Oliver Stone,Director,Directing
7111,11281,33341,Rick Rosenthal,Director,Directing
7112,11281,11770,John Carpenter,Screenplay,Writing
7113,11281,2161,Debra Hill,Screenplay,Writing
7114,14069,81718,Mamoru Hosoda,Director,Directing
7115,14069,81721,Satoko Okudera,Screenplay,Writing
7116,591274,1290265,Leigh Janiak,Screenplay,Writing
7117,591274,2601912,Zak Olkewicz,Screenplay,Writing
7118,591274,1290265,Leigh Janiak,Director,Directing
7119,48171,61239,Michael Petroni,Writer,Writing
7120,48171,29605,Mikael Håfström,Director,Directing
7121,691,10466,Christopher Wood,Screenplay,Writing
7122,691,9858,Richard Maibaum,Screenplay,Writing
7123,691,10076,Lewis Gilbert,Director,Directing
7124,88005,71551,Lorene Scafaria,Director,Directing
7125,88005,71551,Lorene Scafaria,Screenplay,Writing
7126,10708,57856,Geoff Rodkey,Screenplay,Writing
7127,10708,52112,Steve Carr,Director,Directing
7128,10024,11151,Nick Cassavetes,Director,Directing
7129,10024,25210,Jeremy Leven,Screenplay,Writing
7130,10024,11151,Nick Cassavetes,Screenplay,Writing
7131,345938,20801,John Fusco,Screenplay,Writing
7132,345938,105239,Stuart Hazeldine,Director,Directing
7133,345938,1629671,Andrew Lanham,Screenplay,Writing
7134,345938,1144604,Destin Daniel Cretton,Screenplay,Writing
7135,802,240,Stanley Kubrick,Director,Directing
7136,802,12007,Vladimir Nabokov,Screenplay,Writing
7137,632357,80675,Evan Spiliotopoulos,Director,Directing
7138,632357,80675,Evan Spiliotopoulos,Screenplay,Writing
7139,8274,54590,Steve Rash,Director,Directing
7140,8274,54591,Brad Riddell,Writer,Writing
7141,1844,142,William Broyles Jr.,Screenplay,Writing
7142,1844,5144,Ronald Bass,Screenplay,Writing
7143,1844,15148,Jon Amiel,Director,Directing
7144,11806,13581,Brian Levant,Director,Directing
7145,11806,11505,John Hughes,Writer,Writing
7146,11806,21371,Amy Holden Jones,Writer,Writing
7147,458594,35453,Pierre Morel,Director,Directing
7148,458594,935203,Chad St. John,Screenplay,Writing
7149,198375,74091,Makoto Shinkai,Director,Directing
7150,198375,74091,Makoto Shinkai,Screenplay,Writing
7151,339692,76422,Ric Roman Waugh,Director,Directing
7152,339692,76422,Ric Roman Waugh,Writer,Writing
7153,655,2303,Wim Wenders,Director,Directing
7154,655,9880,Sam Shepard,Writer,Writing
7155,655,15207,L.M. Kit Carson,Writer,Writing
7156,500682,54040,John Lee Hancock,Director,Directing
7157,500682,20801,John Fusco,Writer,Writing
7158,184346,55499,Scott Derrickson,Director,Directing
7159,184346,55499,Scott Derrickson,Writer,Writing
7160,184346,55500,Paul Harris Boardman,Writer,Writing
7161,931285,1828590,Simon McQuoid,Director,Directing
7162,931285,1147923,Jeremy Slater,Writer,Writing
7163,698,10076,Lewis Gilbert,Director,Directing
7164,698,10466,Christopher Wood,Screenplay,Writing
7165,14411,52870,Tim Johnson,Director,Directing
7166,14411,932,John Logan,Writer,Writing
7167,14411,1205756,Patrick Gilmore,Director,Directing
7168,426543,5306,Lasse Hallström,Director,Directing
7169,426543,1710859,Ashleigh Powell,Screenplay,Writing
7170,426543,4945,Joe Johnston,Director,Directing
7171,1677,18596,Taylor Hackford,Director,Directing
7172,1677,18597,James L. White,Screenplay,Writing
7173,1100782,2218465,Parker Finn,Writer,Writing
7174,1100782,2218465,Parker Finn,Director,Directing
7175,37950,6211,Craig Pearce,Screenplay,Writing
7176,37950,52035,Lewis Colick,Screenplay,Writing
7177,37950,58552,Burr Steers,Director,Directing
7178,37950,6211,Craig Pearce,Writer,Writing
7179,37950,52035,Lewis Colick,Writer,Writing
7180,23488,567578,Toby Finlay,Screenplay,Writing
7181,23488,56710,Oliver Parker,Director,Directing
7182,399019,1769,Sofia Coppola,Director,Directing
7183,399019,1769,Sofia Coppola,Screenplay,Writing
7184,2609,11505,John Hughes,Screenplay,Writing
7185,2609,11505,John Hughes,Director,Directing
7186,700,10515,George MacDonald Fraser,Screenplay,Writing
7187,700,10179,John Glen,Director,Directing
7188,700,9858,Richard Maibaum,Screenplay,Writing
7189,700,69678,Michael G. Wilson,Screenplay,Writing
7190,77866,67813,Baltasar Kormákur,Director,Directing
7191,77866,935990,Aaron Guzikowski,Screenplay,Writing
7192,559907,592493,David Lowery,Writer,Writing
7193,559907,592493,David Lowery,Director,Directing
7194,5994,11091,Brett Ratner,Director,Directing
7195,5994,47050,David Diamond,Screenplay,Writing
7196,5994,47051,David Weissman,Screenplay,Writing
7197,1691,16847,Eli Roth,Director,Directing
7198,1691,16847,Eli Roth,Writer,Writing
7199,10474,65390,Scott Kalvert,Director,Directing
7200,10474,65392,Bryan Goluboff,Screenplay,Writing
7201,12180,71541,Scott Murphy,Screenplay,Writing
7202,12180,71538,Dave Filoni,Director,Directing
7203,12180,71540,Steven Melching,Screenplay,Writing
7204,12180,35294,Henry Gilroy,Screenplay,Writing
7205,755566,2823053,Tyler Tice,Screenplay,Writing
7206,755566,131532,J.J. Perry,Director,Directing
7207,755566,2104243,Shay Hatten,Screenplay,Writing
7208,12184,71570,Justin Chadwick,Director,Directing
7209,12184,15730,Peter Morgan,Screenplay,Writing
7210,73861,574660,Srđan Spasojević,Director,Directing
7211,73861,574660,Srđan Spasojević,Writer,Writing
7212,73861,80522,Aleksandar Radivojević,Writer,Writing
7213,71880,17494,Dennis Dugan,Director,Directing
7214,71880,4485,Steve Koren,Screenplay,Writing
7215,71880,19292,Adam Sandler,Screenplay,Writing
7216,2642,18323,Marc Lawrence,Director,Directing
7217,2642,18323,Marc Lawrence,Writer,Writing
7218,9285,57130,Todd Phillips,Writer,Writing
7219,9285,57538,Scot Armstrong,Writer,Writing
7220,9285,57130,Todd Phillips,Director,Directing
7221,384682,60922,Josh Gordon,Director,Directing
7222,384682,60923,Will Speck,Director,Directing
7223,384682,1237931,Laura Solon,Screenplay,Writing
7224,384682,1466099,Justin Malen,Screenplay,Writing
7225,384682,6733,Dan Mazer,Screenplay,Writing
7226,384682,52114,Jon Lucas,Writer,Writing
7227,384682,52115,Scott Moore,Writer,Writing
7228,14164,57134,James Wong,Director,Directing
7229,14164,58037,Ben Ramsey,Screenplay,Writing
7230,629176,143550,Bragi F. Schut,Writer,Writing
7231,629176,1299642,Julius Avery,Director,Directing
7232,48231,224,David Cronenberg,Director,Directing
7233,48231,12952,Christopher Hampton,Screenplay,Writing
7234,21032,21879,Simon Wells,Director,Directing
7235,21032,106850,Elana Lesser,Screenplay,Writing
7236,21032,12061,Roger S.H. Schulman,Screenplay,Writing
7237,21032,991160,David Steven Cohen,Screenplay,Writing
7238,21032,106851,Cliff Ruby,Screenplay,Writing
7239,11104,12453,Wong Kar-Wai,Screenplay,Writing
7240,11104,12453,Wong Kar-Wai,Director,Directing
7241,500840,202,Charlie Kaufman,Director,Directing
7242,500840,202,Charlie Kaufman,Screenplay,Writing
7243,707,10179,John Glen,Director,Directing
7244,707,9858,Richard Maibaum,Screenplay,Writing
7245,707,69678,Michael G. Wilson,Screenplay,Writing
7246,41402,32278,Matt Reeves,Screenplay,Writing
7247,41402,32278,Matt Reeves,Director,Directing
7248,24803,9248,Nora Ephron,Director,Directing
7249,24803,9248,Nora Ephron,Screenplay,Writing
7250,310593,56194,Paolo Sorrentino,Director,Directing
7251,310593,56194,Paolo Sorrentino,Writer,Writing
7252,62838,68308,Katherine Fugate,Writer,Writing
7253,62838,1201,Garry Marshall,Director,Directing
7254,15144,11505,John Hughes,Director,Directing
7255,15144,11505,John Hughes,Writer,Writing
7256,1788,18378,Herbert Ross,Director,Directing
7257,1788,35496,Dean Pitchford,Screenplay,Writing
7258,470044,66121,George Tillman Jr.,Director,Directing
7259,470044,36805,Audrey Wells,Screenplay,Writing
7260,374416,114366,Checco Zalone,Screenplay,Writing
7261,374416,120127,Gennaro Nunziante,Screenplay,Writing
7262,374416,120127,Gennaro Nunziante,Director,Directing
7263,868759,974,Dexter Fletcher,Director,Directing
7264,868759,7932,Rhett Reese,Screenplay,Writing
7265,868759,91269,Paul Wernick,Screenplay,Writing
7266,868759,1246890,Chris McKenna,Screenplay,Writing
7267,868759,1350918,Erik Sommers,Screenplay,Writing
7268,967847,57193,Gil Kenan,Writer,Writing
7269,967847,52443,Jason Reitman,Writer,Writing
7270,967847,57193,Gil Kenan,Director,Directing
7271,552524,1540069,Dean Fleischer Camp,Director,Directing
7272,552524,3624081,Chris Kekaniokalani Bright,Screenplay,Writing
7273,552524,2032020,Mike Van Waes,Screenplay,Writing
7274,10664,126770,Manu Díez,Screenplay,Writing
7275,10664,54526,Paco Plaza,Director,Directing
7276,10664,54525,Jaume Balagueró,Director,Directing
7277,10664,54526,Paco Plaza,Screenplay,Writing
7278,10664,54525,Jaume Balagueró,Screenplay,Writing
7279,1114513,63306,James Watkins,Writer,Writing
7280,1114513,63306,James Watkins,Director,Directing
7281,13680,58375,Andy Fickman,Director,Directing
7282,13680,74938,Kathryn Price,Screenplay,Writing
7283,13680,74936,Nichole Millard,Screenplay,Writing
7284,7461,43141,Pete Travis,Director,Directing
7285,7461,52680,Barry Levy,Writer,Writing
7286,19901,56501,Michael Spierig,Director,Directing
7287,19901,56502,Peter Spierig,Director,Directing
7288,19901,56501,Michael Spierig,Screenplay,Writing
7289,19901,56502,Peter Spierig,Screenplay,Writing
1056,950,5714,Carlos Saldanha,Director,Directing
749,1858,15345,Alex Kurtzman,Screenplay,Writing
4513,7512,52803,Etan Cohen,Screenplay,Writing
1026,566525,57264,David Callaham,Screenplay,Writing
1243,76492,53684,Robert Smigel,Screenplay,Writing
5532,9352,57407,David Mandel,Writer,Writing
5235,58224,89027,Jared Stern,Screenplay,Writing
264,808,12083,Joe Stillman,Writer,Writing
