movie_id,title,original_language,release_date,runtime,budget,revenue,popularity,vote_average,vote_count,status,overview
157336,Interstellar,en,2014-11-05,169,165000000.0,746606706.0,73.0452,8.484,40566,Released,The adventures of a group of explorers who make use of a newly discovered wormhole to surpass the limitations on human space travel and conquer the vast distances involved in an interstellar voyage.
27205,Inception,en,2010-07-15,148,160000000.0,839030630.0,55.8497,8.4,39727,Released,"Cobb, a skilled thief who commits corporate espionage by infiltrating the subconscious of his targets is offered a chance to regain his old life as payment for a task considered to be impossible: ""inception"", the implantation of another person's idea into a target's subconscious."
24428,The Avengers,en,2012-04-25,143,220000000.0,1518815515.0,72.2515,8.062,38993,Released,"When an unexpected enemy emerges and threatens global safety and security, Nick Fury, director of the international peacekeeping agency known as S.H.I.E.L.D., finds himself in need of a team to pull the world back from the brink of disaster. Spanning the globe, a daring recruitment effort begins!"
155,The Dark Knight,en,2008-07-16,152,185000000.0,1004558444.0,60.551,8.534,36255,Released,"Batman raises the stakes in his war on crime. With the help of Lt. Jim Gordon and District Attorney Harvey Dent, Batman sets out to dismantle the remaining criminal organizations that plague the streets. The partnership proves to be effective, but they soon find themselves prey to a reign of chaos unleashed by a rising criminal mastermind known to the terrified citizens of Gotham as the Joker."
19995,Avatar,en,2009-12-16,162,237000000.0,2923706026.0,48.1996,7.61,34348,Released,"In the 22nd century, a paraplegic Marine is dispatched to the moon Pandora on a unique mission, but becomes torn between following orders and protecting an alien civilization."
293660,Deadpool,en,2016-02-09,108,58000000.0,782837347.0,29.3387,7.625,33003,Released,"The origin story of former Special Forces operative turned mercenary Wade Wilson, who, after being subjected to a rogue experiment that leaves him with accelerated healing powers, adopts the alter ego Deadpool. Armed with his new abilities and a dark, twisted sense of humor, Deadpool hunts down the man who nearly destroyed his life."
550,Fight Club,en,1999-10-15,139,63000000.0,100853753.0,53.7525,8.438,32496,Released,"A ticking-time-bomb insomniac and a slippery soap salesman channel primal male aggression into a shocking new form of therapy. Their concept catches on, with underground ""fight clubs"" forming in every town, until an eccentric gets in the way and ignites an out-of-control spiral toward oblivion."
299536,Avengers: Infinity War,en,2018-04-25,149,300000000.0,2052415039.0,81.4079,8.24,32435,Released,"As the Avengers and their allies have continued to protect the world from threats too large for any one hero to handle, a new danger has emerged from the cosmic shadows: Thanos. A despot of intergalactic infamy, his goal is to collect all six Infinity Stones, artifacts of unimaginable power, and use them to inflict his twisted will on all of reality. Everything the Avengers have fought for has led up to this moment - the fate of Earth and existence itself has never been more uncertain."
278,The Shawshank Redemption,en,1994-09-23,142,25000000.0,28341469.0,76.9826,8.727,30915,Released,"Imprisoned in the 1940s for the double murder of his wife and her lover, upstanding banker Andy Dufresne begins a new life at the Shawshank prison, where he puts his accounting skills to work for an amoral warden. During his long stretch in prison, Dufresne comes to be admired by the other inmates -- including an older prisoner named Red -- for his integrity and unquenchable sense of hope."
680,Pulp Fiction,en,1994-09-10,154,8000000.0,213928762.0,42.035,8.482,30542,Released,"A burger-loving hit man, his philosophical partner, a drug-addled gangster's moll and a washed-up boxer converge in this sprawling, comedic crime caper. Their adventures unfurl in three stories that ingeniously trip back and forth in time."
13,Forrest Gump,en,1994-06-23,142,55000000.0,677387716.0,35.6479,8.464,30101,Released,"A man with a low IQ has accomplished great things in his life and been present during significant historic events—in each case, far exceeding what anyone imagined he could do. But despite all he has achieved, his one true love eludes him."
118340,Guardians of the Galaxy,en,2014-07-30,121,170000000.0,772776600.0,18.9524,7.907,29995,Released,"Light years from Earth, 26 years after being abducted, Peter Quill finds himself the prime target of a manhunt after discovering an orb wanted by Ronan the Accuser."
671,Harry Potter and the Philosopher's Stone,en,2001-11-16,152,125000000.0,1029374615.0,51.2643,7.901,29907,Released,"Harry Potter has lived under the stairs at his aunt and uncle's house his whole life. But on his 11th birthday, he learns he's a powerful wizard—with a place waiting for him at the Hogwarts School of Witchcraft and Wizardry. As he learns to harness his newfound powers with the help of the school's kindly headmaster, Harry uncovers the truth about his parents' deaths—and about the villain who's to blame."
1726,Iron Man,en,2008-04-30,126,140000000.0,585174222.0,47.9092,7.664,28431,Released,"After being held captive in an Afghan cave, billionaire engineer Tony Stark creates a unique weaponized suit of armor to fight evil."
603,The Matrix,en,1999-03-31,136,63000000.0,463517383.0,49.0193,8.253,28322,Released,"Set in the 22nd century, The Matrix tells the story of a computer hacker who joins a group of underground insurgents fighting the vast and powerful computers who now rule the earth."
68718,Django Unchained,en,2012-12-25,165,100000000.0,425368238.0,49.674,8.193,28315,Released,"With the help of a German bounty hunter, a freed slave sets out to rescue his wife from a brutal Mississippi plantation owner."
299534,Avengers: Endgame,en,2019-04-24,181,356000000.0,2799439100.0,46.6643,8.238,28174,Released,"After the devastating events of Avengers: Infinity War, the universe is in ruins due to the efforts of the Mad Titan, Thanos. With the help of remaining allies, the Avengers must assemble once more in order to undo Thanos' actions and restore order to the universe once and for all, no matter what consequences may be in store."
475557,Joker,en,2019-10-01,122,55000000.0,1078958629.0,30.2147,8.121,28002,Released,"During the 1980s, a failed stand-up comedian is driven insane and turns to a life of crime and chaos in Gotham City while becoming an infamous psychopathic crime figure."
120,The Lord of the Rings: The Fellowship of the Ring,en,2001-12-18,179,93000000.0,871368364.0,44.0875,8.44,27978,Released,"Young hobbit Frodo Baggins, after inheriting a mysterious ring from his uncle Bilbo, must leave his home in order to keep it from falling into the hands of its evil creator. Along the way, a fellowship is formed to protect the ringbearer and make sure that the ring arrives at its final destination: Mt. Doom, the only place where it can be destroyed."
597,Titanic,en,1997-12-18,194,200000000.0,2264162353.0,40.8371,7.901,27456,Released,"101-year-old Rose DeWitt Bukater tells the story of her life aboard the Titanic, 84 years later. A young Rose boards the ship with her mother and fiancé. Meanwhile, Jack Dawson and Fabrizio De Rossi win third-class tickets aboard the ship. Rose tells the whole story from Titanic's departure through to its death—on its first and last voyage—on April 15, 1912."
122,The Lord of the Rings: The Return of the King,en,2003-12-17,201,94000000.0,1118888979.0,51.9941,8.503,26976,Released,"As armies mass for a final battle that will decide the fate of the world--and powerful, ancient forces of Light and Dark compete to determine the outcome--one member of the Fellowship of the Ring is revealed as the noble heir to the throne of the Kings of Men. Yet, the sole hope for triumph over evil lies with a brave hobbit, Frodo, who, accompanied by his loyal friend Sam and the hideous, wretched Gollum, ventures deep into the very dark heart of Mordor on his seemingly impossible quest to destroy the Ring of Power.​"
106646,The Wolf of Wall Street,en,2013-12-25,180,100000000.0,407038432.0,29.3281,8.027,26213,Released,"A New York stockbroker refuses to cooperate in a large securities fraud case involving corruption on Wall Street, corporate banking world and mob infiltration. Based on Jordan Belfort's autobiography."
11324,Shutter Island,en,2010-02-14,138,80000000.0,294804195.0,27.5156,8.198,26135,Released,"World War II soldier-turned-U.S. Marshal Teddy Daniels investigates the disappearance of a patient from a hospital for the criminally insane, but his efforts are compromised by troubling visions and a mysterious doctor."
99861,Avengers: Age of Ultron,en,2015-04-22,141,235000000.0,1405403694.0,43.166,7.276,24704,Released,"When Tony Stark tries to jumpstart a dormant peacekeeping program, things go awry and Earth’s Mightiest Heroes are put to the ultimate test as the fate of the planet hangs in the balance. As the villainous Ultron emerges, it is up to The Avengers to stop him from enacting his terrible plans, and soon uneasy alliances and unexpected action pave the way for an epic and unique global adventure."
49026,The Dark Knight Rises,en,2012-07-17,165,250000000.0,1081041287.0,33.8576,7.797,24633,Released,"Following the death of District Attorney Harvey Dent, Batman assumes responsibility for Dent's crimes to protect the late attorney's reputation and is subsequently hunted by the Gotham City Police Department. Eight years later, Batman encounters the mysterious Selina Kyle and the villainous Bane, a new terrorist leader who overwhelms Gotham's finest. The Dark Knight resurfaces to protect a city that has branded him an enemy."
16869,Inglourious Basterds,en,2009-08-02,153,70000000.0,321457747.0,28.3515,8.2,24486,Released,"In Nazi-occupied France during World War II, a group of Jewish-American soldiers known as ""The Basterds"" are chosen specifically to spread fear throughout the Third Reich by scalping and brutally killing Nazis. The Basterds, lead by Lt. Aldo Raine soon cross paths with a French-Jewish teenage girl who runs a movie theater in Paris which is targeted by the soldiers."
76341,Mad Max: Fury Road,en,2015-05-13,121,150000000.0,378858340.0,31.9112,7.636,24324,Released,"An apocalyptic story set in the furthest reaches of our planet, in a stark desert landscape where humanity is broken, and most everyone is crazed fighting for the necessities of life. Within this world exist two rebels on the run who just might be able to restore order."
271110,Captain America: Civil War,en,2016-04-27,147,250000000.0,1155046416.0,54.3724,7.45,24252,Released,"Following the events of Age of Ultron, the collective governments of the world pass an act designed to regulate all superhuman activity. This polarizes opinion amongst the Avengers, causing two factions to side with Iron Man or Captain America, which causes an epic battle between former allies."
121,The Lord of the Rings: The Two Towers,en,2002-12-18,179,79000000.0,926287400.0,39.744,8.424,24251,Released,"Frodo Baggins and the other members of the Fellowship continue on their sacred quest to destroy the One Ring--but on separate paths. Their destinies lie at two towers--Orthanc Tower in Isengard, where the corrupt wizard Saruman awaits, and Sauron's fortress at Barad-dur, deep within the dark lands of Mordor. Frodo and Sam are trekking to Mordor to destroy the One Ring of Power while Gimli, Legolas and Aragorn search for the orc-captured Merry and Pippin. All along, nefarious wizard Saruman awaits the Fellowship members at the Orthanc Tower in Isengard."
672,Harry Potter and the Chamber of Secrets,en,2002-11-13,161,100000000.0,876688482.0,36.0198,7.707,23823,Released,"Cars fly, trees fight back, and a mysterious house-elf comes to warn Harry Potter at the start of his second year at Hogwarts. Adventure and danger await when bloody writing on a wall announces: The Chamber Of Secrets Has Been Opened. To save Hogwarts will require all of Harry, Ron and Hermione's magical abilities and courage."
284054,Black Panther,en,2018-02-13,135,200000000.0,1349926083.0,31.5352,7.364,23701,Released,"King T'Challa returns home to the reclusive, technologically advanced African nation of Wakanda to serve as his country's new leader. However, T'Challa soon finds that he is challenged for the throne by factions within his own country as well as without. Using powers reserved to Wakandan kings, T'Challa assumes the Black Panther mantle to join with ex-girlfriend Nakia, the queen-mother, his princess-kid sister, members of the Dora Milaje (the Wakandan 'special forces') and an American secret agent, to prevent Wakanda from being dragged into a world war."
150540,Inside Out,en,2015-06-17,95,175000000.0,857611174.0,27.8058,7.907,23679,Released,"When 11-year-old Riley moves to a new city, her Emotions team up to help her through the transition. Joy, Fear, Anger, Disgust and Sadness work together, but when Joy and Sadness get lost, they must journey through unfamiliar places to get back home."
284052,Doctor Strange,en,2016-10-25,115,180000000.0,676343174.0,29.1091,7.424,23637,Released,"After his career is destroyed, a brilliant but arrogant surgeon gets a new lease on life when a sorcerer takes him under her wing and trains him to defend the world against evil."
68721,Iron Man 3,en,2013-04-18,130,200000000.0,1215577205.0,30.8228,6.933,23631,Released,"When Tony Stark's world is torn apart by a formidable terrorist called the Mandarin, he starts an odyssey of rebuilding and retribution."
70160,The Hunger Games,en,2012-03-12,142,75000000.0,694000000.0,12.2061,7.224,23506,Released,"In a dystopian society where the Capitol forces each district to send two young tributes to fight to the death in a televised spectacle, a girl volunteers to take her sister’s place, setting the stage for a struggle of survival and defiance."
315635,Spider-Man: Homecoming,en,2017-07-05,133,175000000.0,880978185.0,169.0857,7.33,23456,Released,"Following the events of Captain America: Civil War, Peter Parker, with the help of his mentor Tony Stark, tries to balance his life as an ordinary high school student in Queens, New York City, with fighting crime as his superhero alter ego Spider-Man as a new threat, the Vulture, emerges."
807,Se7en,en,1995-09-22,127,33000000.0,327311859.0,30.8332,8.381,23431,Released,"Two homicide detectives are on a desperate hunt for a serial killer whose crimes are based on the ""seven deadly sins"" in this dark and haunting film that takes viewers from the tortured remains of one victim to the next. The seasoned Det. Somerset researches each sin in an effort to get inside the killer's mind, while his novice partner, Mills, scoffs at his efforts to unravel the case."
673,Harry Potter and the Prisoner of Azkaban,en,2004-05-31,141,130000000.0,789804554.0,34.5564,8.01,23395,Released,Harry Potter's life is in danger once more as dangerous wizard Sirius Black has escaped from Azkaban Prison and is heading to Hogwarts.
238,The Godfather,en,1972-03-14,175,6000000.0,245066411.0,60.1968,8.686,23255,Released,"Spanning the years 1945 to 1955, a chronicle of the fictional Italian-American Corleone crime family. When organized crime family patriarch, Vito Corleone barely survives an attempt on his life, his youngest son, Michael steps in to take care of the would-be killers, launching a campaign of bloody revenge."
283995,Guardians of the Galaxy Vol. 2,en,2017-04-25,137,200000000.0,863756051.0,29.0525,7.61,23145,Released,The Guardians must fight to keep their newfound family together as they unravel the mysteries of Peter Quill's true parentage.
1771,Captain America: The First Avenger,en,2011-07-22,124,140000000.0,370569774.0,19.4135,7.009,22950,Released,"During World War II, Steve Rogers is a sickly man from Brooklyn who's transformed into super-soldier Captain America to aid in the war effort. Rogers must stop the Red Skull – Adolf Hitler's ruthless head of weaponry, and the leader of an organization that intends to use a mysterious device of untold powers for world domination."
272,Batman Begins,en,2005-06-10,140,150000000.0,374218673.0,27.1225,7.729,22881,Released,"Driven by tragedy, billionaire Bruce Wayne dedicates his life to uncovering and defeating the corruption that plagues his home, Gotham City.  Unable to work within the system, he instead creates a new identity, a symbol of fear for the criminal underworld - The Batman."
10138,Iron Man 2,en,2010-04-28,124,200000000.0,623933331.0,34.1041,6.855,22617,Released,"With the world now aware of his dual life as the armored superhero Iron Man, billionaire inventor Tony Stark faces pressure from the government, the press and the public to share his technology with the military. Unwilling to let go of his invention, Stark, with Pepper Potts and James 'Rhodey' Rhodes at his side, must forge new alliances – and confront powerful enemies."
11,Star Wars,en,1977-05-25,121,11000000.0,775398007.0,44.3392,8.206,22582,Released,Princess Leia is captured and held hostage by the evil Imperial forces in their effort to take over the galactic Empire. Venturesome Luke Skywalker and dashing captain Han Solo team together with the loveable robot duo R2-D2 and C-3PO to rescue the beautiful princess and restore peace and justice in the Empire.
10195,Thor,en,2011-04-21,115,150000000.0,449326618.0,31.515,6.771,22542,Released,"Against his father Odin's will, The Mighty Thor - a powerful but arrogant warrior god - recklessly reignites an ancient war. Thor is cast down to Earth and forced to live among humans as punishment. Once here, Thor learns what it takes to be a true hero when the most dangerous villain of his world sends the darkest forces of Asgard to invade Earth."
22,Pirates of the Caribbean: The Curse of the Black Pearl,en,2003-07-09,143,140000000.0,655011224.0,30.9756,7.832,22515,Released,"When wily pirate Captain Barbossa seizes Jack Sparrow’s beloved ship, the Black Pearl, and kidnaps the governor’s daughter, Elizabeth Swann, blacksmith Will Turner reluctantly teams up with the unpredictable pirate Jack to rescue her—only to uncover a terrifying curse that turns Barbossa’s crew into the undead."
634649,Spider-Man: No Way Home,en,2021-12-15,148,200000000.0,1921206586.0,438.4757,7.934,22429,Released,"Peter Parker is unmasked and no longer able to separate his normal life from the high-stakes of being a super-hero. When he asks for help from Doctor Strange the stakes become even more dangerous, forcing him to discover what it truly means to be Spider-Man."
674,Harry Potter and the Goblet of Fire,en,2005-11-16,157,150000000.0,895921036.0,35.8119,7.802,22407,Released,"When his name emerges from the Goblet of Fire, Harry Potter becomes a competitor in a grueling battle for glory among three wizarding schools. Signs of Voldemort's return emerge as Harry's friends help him prepare for the Triwizard Tournament."
297761,Suicide Squad,en,2016-08-03,122,175000000.0,749200054.0,13.7141,5.917,22256,Released,"From DC Comics comes the Suicide Squad, an antihero team of incarcerated supervillains who act as deniable assets for the United States government, undertaking high-risk black ops missions in exchange for commuted prison sentences."
284053,Thor: Ragnarok,en,2017-10-02,131,180000000.0,855301806.0,34.1805,7.582,22225,Released,"Thor is imprisoned on the other side of the universe and finds himself in a race against time to get back to Asgard to stop Ragnarok, the destruction of his home-world and the end of Asgardian civilization, at the hands of a powerful new threat, the ruthless Hela."
12445,Harry Potter and the Deathly Hallows: Part 2,en,2011-07-12,130,125000000.0,1341511219.0,35.5431,8.081,22204,Released,"Harry, Ron and Hermione continue their quest to vanquish the evil Voldemort once and for all. Just as things begin to look hopeless for the young wizards, Harry discovers a trio of magical objects that endow him with powers to rival Voldemort's formidable skills."
105,Back to the Future,en,1985-07-03,116,19000000.0,381109762.0,33.4586,8.327,22077,Released,"Eighties teenager Marty McFly is accidentally sent back in time to 1955, inadvertently disrupting his parents' first meeting and attracting his mother's romantic interest. Marty must repair the damage to history by rekindling his parents' romance and - with the help of his eccentric inventor friend Doc Brown - return to 1985."
14160,Up,en,2009-05-28,96,175000000.0,735103954.0,23.0413,7.961,21882,Released,"Carl Fredricksen spent his entire life dreaming of exploring the globe and experiencing life to its fullest. But at age 78, life seems to have passed him by, until a twist of fate (and a persistent 8-year old Wilderness Explorer named Russell) gives him a new lease on life."
135397,Jurassic World,en,2015-06-06,124,150000000.0,1671537444.0,21.0005,6.7,21750,Released,"Twenty-two years after the events of Jurassic Park, Isla Nublar now features a fully functioning dinosaur theme park, Jurassic World, as originally envisioned by John Hammond."
286217,The Martian,en,2015-09-30,141,108000000.0,631058917.0,53.344,7.705,21539,Released,"During a manned mission to Mars, Astronaut Mark Watney is presumed dead after a fierce storm and left behind by his crew. But Watney has survived and finds himself stranded and alone on the hostile planet. With only meager supplies, he must draw upon his ingenuity, wit and spirit to subsist and find a way to signal to Earth that he is alive."
354912,Coco,en,2017-10-27,105,175000000.0,814641172.0,33.0417,8.198,21191,Released,"Despite his family’s baffling generations-old ban on music, Miguel dreams of becoming an accomplished musician like his idol, Ernesto de la Cruz. Desperate to prove his talent, Miguel finds himself in the stunning and colorful Land of the Dead following a mysterious chain of events. Along the way, he meets charming trickster Hector, and together, they set off on an extraordinary journey to unlock the real story behind Miguel's family history."
98,Gladiator,en,2000-05-04,155,103000000.0,465516248.0,38.961,8.23,21184,Released,"After the death of Emperor Marcus Aurelius, his devious son takes power and demotes Maximus, one of Rome's most capable generals who Marcus preferred. Eventually, Maximus is forced to become a gladiator and battle to the death against other men for the amusement of paying audiences."
245891,John Wick,en,2014-10-16,101,20000000.0,86085191.0,18.0565,7.46,21082,Released,Ex-hitman John Wick comes out of retirement to track down the gangsters that took everything from him.
297762,Wonder Woman,en,2017-05-30,141,149000000.0,823970682.0,14.9573,7.207,21050,Released,An Amazon princess comes to the world of Man in the grips of the First World War to confront the forces of evil and bring an end to human conflict.
102899,Ant-Man,en,2015-07-14,117,130000000.0,519311965.0,28.4732,7.067,21034,Released,"Armed with the astonishing ability to shrink in scale but increase in strength, master thief Scott Lang must embrace his inner-hero and help his mentor, Doctor Hank Pym, protect the secret behind his spectacular Ant-Man suit from a new generation of towering threats. Against seemingly insurmountable obstacles, Pym and Lang must plan and pull off a heist that will save the world."
675,Harry Potter and the Order of the Phoenix,en,2007-07-08,138,150000000.0,938212738.0,30.5437,7.673,21011,Released,"When a new professor's methods leave Hogwarts unprepared to fight the rising tide of evil, Harry teaches students how to defend against the dark arts."
767,Harry Potter and the Half-Blood Prince,en,2009-07-15,153,250000000.0,933959197.0,32.1981,7.682,20996,Released,Dumbledore tries to prepare Harry for the final battle with Voldemort while Death Eaters wreak havoc in both Muggle and Wizard worlds.
557,Spider-Man,en,2002-05-01,121,139000000.0,821708551.0,180.5936,7.339,20991,Released,"After being bitten by a genetically altered spider at Oscorp, nerdy but endearing high school student Peter Parker is endowed with amazing powers to become the superhero known as Spider-Man."
496243,Parasite,ko,2019-05-30,133,11363000.0,257591776.0,41.2846,8.489,20989,Released,"All unemployed, Ki-taek's family takes peculiar interest in the wealthy and glamorous Parks for their livelihood until they get entangled in an unexpected incident."
12,Finding Nemo,en,2003-05-30,100,94000000.0,940335536.0,32.5563,7.82,20748,Released,"Nemo, an adventurous young clownfish, is unexpectedly taken from his Great Barrier Reef home to a dentist's office aquarium. It's up to his worrisome father Marlin and a friendly but forgetful fish Dory to bring Nemo home -- meeting vegetarian sharks, surfer dude turtles, hypnotic jellyfish, hungry seagulls, and more along the way."
140607,Star Wars: The Force Awakens,en,2015-12-15,136,245000000.0,2068223624.0,22.9491,7.247,20711,Released,"Thirty years after defeating the Galactic Empire, Han Solo and his allies face a new threat from the evil Kylo Ren and his army of Stormtroopers."
263115,Logan,en,2017-02-28,137,97000000.0,619021436.0,21.7008,7.8,20598,Released,"In the near future, a weary Logan cares for an ailing Professor X in a hideout on the Mexican border. But Logan's attempts to hide from the world and his legacy are upended when a young mutant arrives, pursued by dark forces."
12444,Harry Potter and the Deathly Hallows: Part 1,en,2010-11-17,146,250000000.0,954305868.0,33.9672,7.734,20584,Released,"Harry, Ron and Hermione walk away from their last year at Hogwarts to find and destroy the remaining Horcruxes, putting an end to Voldemort's bid for immortality. But with Harry's beloved Dumbledore dead and Voldemort's unscrupulous Death Eaters on the loose, the world is more dangerous than ever."
10681,WALL·E,en,2008-06-26,98,180000000.0,521311860.0,38.9956,8.118,20570,Released,"After hundreds of years doing what he was built for, WALL•E— a robot designed to clean up the earth—discovers a new purpose in life when he meets a sleek search robot named EVE. EVE comes to realize that WALL•E has inadvertently stumbled upon the key to the planet's future, and races back to space to report to the humans. Meanwhile, WALL•E chases EVE across the galaxy and sets into motion one of the most imaginative adventures ever brought to the big screen."
37165,The Truman Show,en,1998-06-04,103,60000000.0,264118712.0,28.9987,8.155,20530,Released,"In a picture-perfect seaside town, an insurance salesman begins to realize that his entire existence may be staged and observed by a vast unseen audience as part of a long-running real-time reality TV show."
346364,It,en,2017-09-06,135,35000000.0,719766009.0,13.4174,7.24,20496,Released,"In a small town in Maine, seven children known as The Losers Club come face to face with life problems, bullies and a monster that takes the shape of a clown called Pennywise."
862,Toy Story,en,1995-11-22,81,30000000.0,962301978.0,49.6158,7.984,20254,Released,"Led by Woody, Andy's toys live happily in his room until Andy's birthday brings Buzz Lightyear onto the scene. Afraid of losing his place in Andy's heart, Woody plots against Buzz. But when circumstances separate Buzz and Woody from their owner, the duo eventually learns to put aside their differences."
100402,Captain America: The Winter Soldier,en,2014-03-20,136,170000000.0,714766572.0,18.3111,7.655,20221,Released,"After the cataclysmic events in New York with The Avengers, Steve Rogers, aka Captain America is living quietly in Washington, D.C. and trying to adjust to the modern world. But when a S.H.I.E.L.D. colleague comes under attack, Steve becomes embroiled in a web of intrigue that threatens to put the world at risk. Joining forces with the Black Widow, Captain America struggles to expose the ever-widening conspiracy while fighting off professional assassins sent to silence him at every turn. When the full scope of the villainous plot is revealed, Captain America and the Black Widow enlist the help of a new ally, the Falcon. However, they soon find themselves up against an unexpected and formidable enemy—the Winter Soldier."
210577,Gone Girl,en,2014-10-01,149,61000000.0,370890259.0,29.0122,7.89,20167,Released,"With his wife's disappearance having become the focus of an intense media circus, a man sees the spotlight turned on him when it's suspected that he may not be innocent."
585,"Monsters, Inc.",en,2001-11-01,92,115000000.0,579700000.0,34.1528,7.855,20018,Released,"Lovable Sulley and his wisecracking sidekick Mike Wazowski are the top scare team at Monsters, Inc., the scream-processing factory in Monstropolis. When a little girl named Boo wanders into their world, it's the monsters who are scared silly, and it's up to Sulley and Mike to keep her out of sight and get her back home."
8587,The Lion King,en,1994-06-15,89,45000000.0,763455561.0,32.7361,8.253,19914,Released,"Young lion prince Simba, eager to one day become king of the Pride Lands, grows up under the watchful eye of his father Mufasa; all the while his villainous uncle Scar conspires to take the throne for himself. Amid betrayal and tragedy, Simba must confront his past and find his rightful place in the Circle of Life."
49051,The Hobbit: An Unexpected Journey,en,2012-12-12,169,250000000.0,1021103568.0,21.8184,7.4,19841,Released,"Bilbo Baggins, a hobbit enjoying his quiet life, is swept into an epic quest by Gandalf the Grey and thirteen dwarves who seek to reclaim their mountain home from Smaug, the dragon."
259316,Fantastic Beasts and Where to Find Them,en,2016-11-16,133,180000000.0,809342332.0,19.0023,7.309,19834,Released,"In 1926, Newt Scamander arrives at the Magical Congress of the United States of America with a magically expanded briefcase, which houses a number of dangerous creatures and their habitats. When the creatures escape from the briefcase, it sends the American wizarding authorities after Newt, and threatens to strain even further the state of magical and non-magical relations."
329865,Arrival,en,2016-11-10,116,47000000.0,203388186.0,22.8263,7.631,19618,Released,"Taking place after alien crafts land around the world, an expert linguist is recruited by the military to determine whether they come in peace or are a threat."
497,The Green Mile,en,1999-12-10,189,60000000.0,286801374.0,35.7344,8.5,19533,Released,"A supernatural tale set on death row in a Southern prison, where gentle giant John Coffey possesses the mysterious power to heal people's ailments. When the cell block's head guard, Paul Edgecomb, recognizes Coffey's miraculous gift, he tries desperately to help stave off the condemned man's execution."
281957,The Revenant,en,2015-12-25,157,135000000.0,532950503.0,19.0172,7.541,19513,Released,"In the 1820s, a frontiersman, Hugh Glass, sets out on a path of vengeance against those who left him for dead after a bear mauling."
383498,Deadpool 2,en,2018-05-15,120,110000000.0,785896632.0,24.4731,7.49,19433,Released,Wisecracking mercenary Deadpool battles the evil and powerful Cable and other bad guys to save a boy's life.
209112,Batman v Superman: Dawn of Justice,en,2016-03-23,152,250000000.0,874362803.0,19.7391,6.008,19182,Released,"Fearing the actions of a god-like Super Hero left unchecked, Gotham City’s own formidable, forceful vigilante takes on Metropolis’s most revered, modern-day savior, while the world wrestles with what sort of hero it really needs. And with Batman and Superman at war with one another, a new threat quickly arises, putting mankind in greater danger than it’s ever known before."
24,Kill Bill: Vol. 1,en,2003-10-10,111,30000000.0,180906076.0,22.5986,8.0,19176,Released,"An assassin is shot by her ruthless employer, Bill, and other members of their assassination circle – but she lives to plot her vengeance."
694,The Shining,en,1980-05-23,144,19000000.0,44781695.0,31.6069,8.2,19139,Released,"Jack Torrance accepts a caretaker job at the Overlook Hotel, where he, along with his wife Wendy and their son Danny, must live isolated from the rest of the world for the winter. But they aren't prepared for the madness that lurks within."
419430,Get Out,en,2017-02-24,104,4500000.0,255407969.0,25.6277,7.624,19109,Released,"Chris and his girlfriend Rose go upstate to visit her parents for the weekend. At first, Chris reads the family's overly accommodating behavior as nervous attempts to deal with their daughter's interracial relationship, but as the weekend progresses, a series of increasingly disturbing discoveries lead him to a truth that he never could have imagined."
9806,The Incredibles,en,2004-10-27,115,92000000.0,631442092.0,22.8812,7.728,19082,Released,"Bob Parr has given up his superhero days to log in time as an insurance adjuster and raise his three children with his formerly heroic wife in suburbia. But when he receives a mysterious assignment, it's time to get back into costume."
808,Shrek,en,2001-05-18,90,60000000.0,489676241.0,29.4943,7.774,19048,Released,"It ain't easy bein' green -- especially if you're a likable (albeit smelly) ogre named Shrek. On a mission to retrieve a gorgeous princess from the clutches of a fire-breathing dragon, Shrek teams up with an unlikely compatriot -- a wisecracking donkey."
1930,The Amazing Spider-Man,en,2012-06-23,136,215000000.0,758725893.0,79.0235,6.745,18769,Released,A teenage Peter Parker grapples with both high school and amazing super-human crises as his alter-ego Spider-Man.
2062,Ratatouille,en,2007-06-28,111,150000000.0,623726000.0,32.1613,7.845,18707,Released,"Remy, a rat, possesses a palate far more refined than that of his fellow comrades. He aspires to become a chef, one who creates rather than scavenges. When fate leads him beneath one of Paris's finest restaurants, he forms an unusual alliance with a young kitchen worker to pursue his culinary ambitions. As his double life unfolds, Remy must navigate the suspicions of the calculating Head Chef Skinner, the disapproval of Remy’s own colony, and the foreboding presence of renowned food critic Anton Ego, whose judgment can make or break a chef's legacy."
77338,The Intouchables,fr,2011-11-02,113,13000000.0,426590315.0,27.0574,8.273,18633,Released,A true story of two men who should never have met – a quadriplegic aristocrat who was injured in a paragliding accident and a young man from the projects.
129,Spirited Away,ja,2001-07-20,125,19000000.0,274925095.0,33.4002,8.533,18619,Released,"A young girl, Chihiro, becomes trapped in a strange new world of spirits. When her parents undergo a mysterious transformation, she must call upon the courage she never knew she had to free her family."
1891,The Empire Strikes Back,en,1980-05-20,124,18000000.0,538400000.0,20.9946,8.393,18619,Released,"The epic saga continues as Luke Skywalker, in hopes of defeating the evil Galactic Empire, learns the ways of the Jedi from aging master Yoda. But Darth Vader is more determined than ever to capture Luke. Meanwhile, rebel leader Princess Leia, cocky Han Solo, Chewbacca, and droids C-3PO and R2-D2 are thrown into various stages of capture, betrayal and despair."
101299,The Hunger Games: Catching Fire,en,2013-11-15,146,130000000.0,865011746.0,16.5513,7.428,18604,Released,"After surviving the Hunger Games, Katniss and Peeta struggle with the consequences of their victory as unrest spreads across Panem. Forced back into the spotlight, they become symbols of hope and resistance while the Capitol prepares a new and deadly challenge that will change the future of the nation forever."
76338,Thor: The Dark World,en,2013-10-30,112,170000000.0,644783140.0,28.1679,6.512,18497,Released,"Thor fights to restore order across the cosmos… but an ancient race led by the vengeful Malekith returns to plunge the universe back into darkness. Faced with an enemy that even Odin and Asgard cannot withstand, Thor must embark on his most perilous and personal journey yet, one that will reunite him with Jane Foster and force him to sacrifice everything to save us all."
381288,Split,en,2017-01-19,117,9000000.0,278454358.0,14.1843,7.341,18473,Released,"Though Kevin has evidenced 23 personalities to his trusted psychiatrist, Dr. Fletcher, there remains one still submerged who is set to materialize and dominate all the others. Compelled to abduct three teenage girls led by the willful, observant Casey, Kevin reaches a war for survival among all of those contained within him — as well as everyone around him — as the walls between his compartments shatter apart."
269149,Zootopia,en,2016-02-11,109,150000000.0,1025521689.0,24.8808,7.765,18329,Released,"Determined to prove herself, Officer Judy Hopps, the first bunny on Zootopia's police force, jumps at the chance to crack her first case - even if it means partnering with scam-artist fox Nick Wilde to solve the mystery."
18785,The Hangover,en,2009-06-02,100,35000000.0,469310836.0,26.0188,7.338,18297,Released,"When three friends finally come to after a raucous night of bachelor-party revelry, they find a baby in the closet and a tiger in the bathroom. But they can't seem to locate their best friend, Doug – who's supposed to be tying the knot. Launching a frantic search for Doug, the trio perseveres through a nasty hangover to try to make it to the church on time."
313369,La La Land,en,2016-12-01,129,30000000.0,509183536.0,23.0035,7.9,18284,Released,"Mia, an aspiring actress, serves lattes to movie stars in between auditions and Sebastian, a jazz musician, scrapes by playing cocktail party gigs in dingy bars, but as success mounts they are faced with decisions that begin to fray the fragile fabric of their love affair, and the dreams they worked so hard to maintain in each other threaten to rip them apart."
198663,The Maze Runner,en,2014-09-10,113,34000000.0,348319861.0,27.3543,7.191,18283,Released,"A teenager with no memory of his past finds himself among a group of boys living in a walled enclosure surrounded by a massive, ever-changing maze. As he struggles to adapt to their rules and society, he begins to uncover clues that may lead to escape and the truth behind their confinement."
205596,The Imitation Game,en,2014-11-14,113,14000000.0,233555708.0,22.1448,7.983,18243,Released,"Based on the real life story of legendary cryptanalyst Alan Turing, the film portrays the nail-biting race against time by Turing and his brilliant team of code-breakers at Britain's top-secret Government Code and Cypher School at Bletchley Park, during the darkest days of World War II."
274,The Silence of the Lambs,en,1991-02-14,119,19000000.0,272742922.0,7.0584,8.345,18235,Released,"Clarice Starling is a top student at the FBI's training academy.  Jack Crawford wants Clarice to interview Dr. Hannibal Lecter, a brilliant psychiatrist who is also a violent psychopath, serving life behind bars for various acts of murder and cannibalism.  Crawford believes that Lecter may have insight into a case and that Starling, as an attractive young woman, may be just the bait to draw him out."
329,Jurassic Park,en,1993-06-11,127,63000000.0,1058454230.0,14.7612,7.976,18118,Released,"A wealthy entrepreneur secretly creates a theme park featuring living dinosaurs drawn from prehistoric DNA. Before opening day, he invites a team of experts and his two eager grandchildren to experience the park and help calm anxious investors. However, the park is anything but amusing as the security systems go off-line and the dinosaurs escape."
207703,Kingsman: The Secret Service,en,2015-01-24,129,81000000.0,414351546.0,17.7424,7.619,17968,Released,The story of a super-secret spy organization that recruits an unrefined but promising street kid into the agency's ultra-competitive training program just as a global threat emerges from a twisted tech genius.
424694,Bohemian Rhapsody,en,2018-10-24,135,52000000.0,910813521.0,12.477,7.955,17898,Released,"Singer Freddie Mercury, guitarist Brian May, drummer Roger Taylor and bass guitarist John Deacon take the music world by storm when they form the rock 'n' roll band Queen in 1970. Hit songs become instant classics. When Mercury's increasingly wild lifestyle starts to spiral out of control, Queen soon faces its greatest challenge yet – finding a way to keep the band together amid the success and excess."
1124,The Prestige,en,2006-10-19,130,40000000.0,109676311.0,31.7667,8.211,17849,Released,"A mysterious story of two magicians whose intense rivalry leads them on a life-long battle for supremacy -- full of obsession, deceit and jealousy with dangerous and deadly consequences."
374720,Dunkirk,en,2017-07-19,107,150000000.0,549136737.0,17.4674,7.5,17752,Released,"The story of the miraculous evacuation of Allied soldiers from Belgium, Britain, Canada and France, who were cut off and surrounded by the German army from the beaches and harbour of Dunkirk between May 26th and June 4th 1940 during World War II."
109445,Frozen,en,2013-11-20,102,150000000.0,1274219009.0,25.1991,7.249,17729,Released,"Young princess Anna of Arendelle dreams about finding true love at her sister Elsa’s coronation. Fate takes her on a dangerous journey in an attempt to end the eternal winter that has fallen over the kingdom. She's accompanied by ice delivery man Kristoff, his reindeer Sven, and snowman Olaf. On an adventure where she will find out what friendship, courage, family, and true love really means."
424,Schindler's List,en,1993-12-15,195,22000000.0,321365567.0,30.3727,8.57,17680,Released,The true story of how businessman Oskar Schindler saved over a thousand Jewish lives from the Nazis while they worked as slaves in his factory during World War II.
324857,Spider-Man: Into the Spider-Verse,en,2018-12-06,117,90000000.0,394884133.0,64.9577,8.393,17524,Released,"Struggling to find his place in the world while juggling school and family, Brooklyn teenager Miles Morales is unexpectedly bitten by a radioactive spider and develops unfathomable powers just like the one and only Spider-Man. While wrestling with the implications of his new abilities, Miles discovers a super collider created by the madman Wilson ""Kingpin"" Fisk, causing others from across the Spider-Verse to be inadvertently transported to his dimension."
857,Saving Private Ryan,en,1998-07-24,169,70000000.0,481840909.0,27.6638,8.2,17521,Released,"As U.S. troops storm the beaches of Normandy, three brothers lie dead on the battlefield, with a fourth trapped behind enemy lines. Ranger captain John Miller and seven men are tasked with penetrating German-held territory and bringing the boy home."
335983,Venom,en,2018-09-28,112,116000000.0,856085151.0,18.4939,6.825,17405,Released,"Investigative journalist Eddie Brock attempts a comeback following a scandal, but accidentally becomes the host of Venom, a violent, super powerful alien symbiote. Soon, he must rely on his newfound powers to protect the world from a shadowy organization looking for a symbiote of their own."
58,Pirates of the Caribbean: Dead Man's Chest,en,2006-07-06,151,200000000.0,1066179747.0,23.706,7.389,17387,Released,"Captain Jack Sparrow’s got a blood debt to pay: he owes his soul to the legendary Davy Jones, ghastly Ruler of the Ocean Depths. To escape eternal servitude aboard the Flying Dutchman, ever-crafty Jack must track down the still-beating heart of Jones. But he won’t do it alone: Will Turner and Elizabeth Swann are drawn back into another one of his perilous quests—assuming they can evade execution for aiding a pirate."
640,Catch Me If You Can,en,2002-12-16,141,52000000.0,352114312.0,18.7221,7.979,17321,Released,"A true story about Frank Abagnale Jr. who, before his 19th birthday, successfully conned millions of dollars worth of checks as a Pan Am pilot, doctor, and legal prosecutor. An FBI agent makes it his mission to put him behind bars. But Frank not only eludes capture, he revels in the pursuit."
429617,Spider-Man: Far From Home,en,2019-06-28,129,160000000.0,1132723226.0,105.6644,7.395,17240,Released,"Peter Parker and his friends go on a summer trip to Europe. However, they will hardly be able to rest - Peter will have to agree to help Nick Fury uncover the mystery of creatures that cause natural disasters and destruction throughout the continent."
240832,Lucy,en,2014-07-25,89,40000000.0,469058574.0,13.5829,6.475,17219,Released,"A woman, accidentally caught in a dark deal, turns the tables on her captors and transforms into a merciless warrior evolved beyond human logic."
333339,Ready Player One,en,2018-03-28,140,175000000.0,607274134.0,18.7839,7.589,17149,Released,"When the creator of a popular video game system dies, a virtual contest is created to compete for his fortune."
1892,Return of the Jedi,en,1983-05-25,132,32350000.0,572700000.0,17.2272,7.911,17106,Released,"Luke Skywalker leads a mission to rescue his friend Han Solo from the clutches of Jabba the Hutt, the Emperor prepares to crush the Rebellion with a more powerful Death Star, and the Rebel fleet mounts a massive attack on the space station. Luke Skywalker confronts Darth Vader in a final climactic duel before the evil Emperor."
6479,I Am Legend,en,2007-12-12,101,150000000.0,585410052.0,20.1605,7.22,17063,Released,"Robert Neville is a scientist who was unable to stop the spread of the terrible virus that was incurable and man-made. Immune, Neville is now the last human survivor in what is left of New York City and perhaps the world. For three years, Neville has faithfully sent out daily radio messages, desperate to find any other survivors who might be out there. But he is not alone."
339403,Baby Driver,en,2017-06-28,113,34000000.0,226945087.0,16.1568,7.443,17006,Released,"After being coerced into working for a crime boss, a young getaway driver finds himself taking part in a heist doomed to fail."
75656,Now You See Me,en,2013-05-29,116,75000000.0,351723989.0,17.284,7.327,16966,Released,An FBI agent and an Interpol detective track a team of illusionists who pull off bank heists during their performances and reward their audiences with the money.
299537,Captain Marvel,en,2019-03-06,124,152000000.0,1131416446.0,24.9895,6.778,16931,Released,"The story follows Carol Danvers as she becomes one of the universe’s most powerful heroes when Earth is caught in the middle of a galactic war between two alien races. Set in the 1990s, Captain Marvel is an all-new adventure from a previously unseen period in the history of the Marvel Cinematic Universe."
244786,Whiplash,en,2014-10-10,107,3300000.0,50307484.0,33.5903,8.375,16868,Released,"Under the direction of a ruthless instructor, a talented young drummer begins to pursue perfection at any cost, even his humanity."
131631,The Hunger Games: Mockingjay - Part 1,en,2014-11-19,123,125000000.0,755356711.0,20.4491,6.818,16863,Released,"After surviving the Quarter Quell, Katniss finds herself in the hidden stronghold of District 13, where the rebellion against the Capitol is gaining momentum. Struggling with the weight of becoming the symbol of resistance, she must navigate fragile alliances while trying to protect those she loves. As propaganda battles rage and Panem moves closer to full-scale war, Katniss is forced to confront the true cost of revolution."
72190,World War Z,en,2013-06-19,116,200000000.0,531865000.0,27.3032,6.847,16821,Released,"Life for former United Nations investigator Gerry Lane and his family seems content. Suddenly, the world is plagued by a mysterious infection turning whole human populations into rampaging mindless zombies. After barely escaping the chaos, Lane is persuaded to go on a mission to investigate this disease. What follows is a perilous trek around the world where Lane must brave horrific dangers and long odds to find answers before human civilization falls."
177572,Big Hero 6,en,2014-10-24,102,165000000.0,657870525.0,31.4714,7.726,16758,Released,"A special bond develops between plus-sized inflatable robot Baymax, and prodigy Hiro Hamada, who team up with a group of friends to form a band of high-tech heroes."
558,Spider-Man 2,en,2004-06-25,127,200000000.0,788976453.0,37.2842,7.32,16608,Released,"Peter Parker is going through a major identity crisis. Burned out from being Spider-Man, he decides to shelve his superhero alter ego, which leaves the city suffering in the wake of carnage left by the evil Doc Ock. In the meantime, Parker still can't act on his feelings for Mary Jane Watson, a girl he's loved since childhood. A certain anger begins to brew in his best friend Harry Osborn as well..."
348,Alien,en,1979-05-25,117,11000000.0,104931801.0,25.3656,8.171,16603,Released,"During its return to the earth, commercial spaceship Nostromo intercepts a distress signal from a distant planet. When a three-member team of the crew discovers a chamber containing thousands of eggs on the planet, a creature inside one of the eggs attacks an explorer. The entire crew is unaware of the impending nightmare set to descend upon them when the alien parasite planted inside its unfortunate host is birthed."
330459,Rogue One: A Star Wars Story,en,2016-12-14,133,200000000.0,1056057273.0,15.1947,7.51,16581,Released,A rogue band of resistance fighters unite for a mission to steal the Death Star plans and bring a new hope to the galaxy.
38,Eternal Sunshine of the Spotless Mind,en,2004-03-19,108,20000000.0,72258126.0,19.5319,8.1,16523,Released,"Joel Barish, heartbroken that his girlfriend underwent a procedure to erase him from her memory, decides to do the same. However, as he watches his memories of her fade away, he realises that he still loves her, and may be too late to correct his mistake."
181808,Star Wars: The Last Jedi,en,2017-12-13,152,300000000.0,1334407706.0,26.5177,6.745,16501,Released,"Rey develops her newly discovered abilities with the guidance of Luke Skywalker, who is unsettled by the strength of her powers. Meanwhile, the Resistance prepares to do battle with the First Order."
49047,Gravity,en,2013-10-03,91,105000000.0,723192705.0,11.968,7.172,16499,Released,"Dr Ryan Stone, an engineer on her first space mission, and Matt Kowalski, an astronaut on his final expedition, have to survive in space after they are hit by debris while spacewalking."
77,Memento,en,2000-10-11,113,9000000.0,40060108.0,24.5041,8.174,16498,Released,"Leonard Shelby is tracking down the man who raped and murdered his wife. The difficulty of locating his wife's killer, however, is compounded by the fact that he suffers from a rare, untreatable form of short-term memory loss. Although he can recall details of life before his accident, Leonard cannot remember what happened fifteen minutes ago, where he's going, or why."
127585,X-Men: Days of Future Past,en,2014-05-15,132,250000000.0,748045700.0,23.1208,7.534,16445,Released,The ultimate X-Men ensemble fights a war for the survival of the species across two time periods as they join forces with their younger selves in an epic battle that must change the past – to save our future.
1422,The Departed,en,2006-10-04,151,90000000.0,291465000.0,31.4019,8.159,16426,Released,"To take down South Boston's Irish Mafia, the police send in one of their own to infiltrate the underworld, not realizing the syndicate has done likewise. While an undercover cop curries favor with the mob kingpin, a career criminal rises through the police ranks. But both sides soon discover there's a mole among them."
49521,Man of Steel,en,2013-06-12,143,225000000.0,668045518.0,25.018,6.656,16409,Released,"A young boy learns that he has extraordinary powers and is not of this earth. As a young man, he journeys to discover where he came from and what he was sent here to do. But the hero in him must emerge if he is to save the world from annihilation and become the symbol of hope for all mankind."
120467,The Grand Budapest Hotel,en,2014-02-26,100,30000000.0,174600318.0,18.1262,8.026,16303,Released,"The Grand Budapest Hotel tells of a legendary concierge at a famous European hotel between the wars and his friendship with a young employee who becomes his trusted protégé. The story involves the theft and recovery of a priceless Renaissance painting, the battle for an enormous family fortune and the slow and then sudden upheavals that transformed Europe during the first half of the 20th century."
101,Léon: The Professional,fr,1994-09-14,111,16000000.0,20330788.0,26.5333,8.293,16301,Released,"Léon, the top hit man in New York, has earned a rep as an effective ""cleaner"". But when his next-door neighbors are wiped out by a loose-cannon DEA agent, he becomes the unwilling custodian of 12-year-old Mathilda. Before long, Mathilda's thoughts turn to revenge, and she considers following in Léon's footsteps."
118,Charlie and the Chocolate Factory,en,2005-07-13,115,150000000.0,475000000.0,22.0081,7.039,16257,Released,"A young boy wins a tour through the most magnificent chocolate factory in the world, led by the world's most unusual candy maker."
37724,Skyfall,en,2012-10-24,143,200000000.0,1108594176.0,14.8022,7.264,16254,Released,"When Bond's latest assignment goes gravely wrong, agents around the world are exposed and MI6 headquarters is attacked. While M faces challenges to her authority and position from Gareth Mallory, the new Chairman of the Intelligence and Security Committee, it's up to Bond, aided only by field agent Eve, to locate the mastermind behind the attack."
20352,Despicable Me,en,2010-07-08,95,69000000.0,543284256.0,29.2534,7.261,16221,Released,"Determined to prove he's the world's greatest supervillain, Gru hatches an audacious plan to steal the Moon. To pull it off, he adopts three orphaned girls—Margo, Edith, and Agnes—intending to use them as part of his scheme. But the unexpected bond they form forces him to question the life he's always known."
321612,Beauty and the Beast,en,2017-03-16,129,160000000.0,1266115964.0,17.8152,6.967,16093,Released,A live-action adaptation of Disney's version of the classic tale of a cursed prince and a beautiful young woman who helps him break the spell.
1893,Star Wars: Episode I - The Phantom Menace,en,1999-05-19,136,115000000.0,1046515409.0,18.6322,6.583,16031,Released,"Anakin Skywalker, a young slave strong with the Force, is discovered on Tatooine. Meanwhile, the evil Sith have returned, enacting their plot for revenge against the Jedi."
10193,Toy Story 3,en,2010-06-16,103,200000000.0,1067316101.0,34.6526,7.813,16003,Released,"Woody, Buzz, and the rest of Andy's toys haven't been played with in years. With Andy about to go to college, the gang find themselves accidentally left at a nefarious day care center. The toys must band together to escape and return home to Andy."
752,V for Vendetta,en,2006-02-23,132,54000000.0,134686457.0,18.1409,7.902,15747,Released,"In a world in which Great Britain has become a fascist state, a masked vigilante known only as “V” conducts guerrilla warfare against the oppressive British government. When V rescues a young woman from the secret police, he finds in her an ally with whom he can continue his fight to free the people of Britain."
44214,Black Swan,en,2010-12-03,108,13000000.0,329398046.0,19.0201,7.7,15703,Released,"A committed dancer struggles to maintain her sanity after winning the lead role in a production of Tchaikovsky's ""Swan Lake."""
285,Pirates of the Caribbean: At World's End,en,2007-05-19,169,300000000.0,961691209.0,22.9651,7.278,15664,Released,"After losing Captain Jack Sparrow to the locker of Davy Jones, Will Turner, Elizabeth Swann, and Captain Barbossa journey to the ends of the earth to rescue him. And as the East India Trading Company tightens its grip on the seas under Lord Cutler Beckett—now in control of Davy Jones—the fate of piracy hangs by a thread. Now, they must unite the pirate lords for one final stand. But as loyalties are tested and alliances shift, each must ultimately choose where they stand in the battle for freedom on the high seas."
500,Reservoir Dogs,en,1992-09-02,99,1200000.0,2859750.0,18.2503,8.112,15648,Released,"A botched robbery indicates a police informant, and the pressure mounts in the aftermath at a warehouse. Crime begets violence as the survivors -- veteran Mr. White, newcomer Mr. Orange, psychopathic parolee Mr. Blonde, bickering weasel Mr. Pink and Nice Guy Eddie -- unravel."
122917,The Hobbit: The Battle of the Five Armies,en,2014-12-10,144,250000000.0,956019788.0,34.9529,7.339,15556,Released,"Following Smaug's attack on Laketown, Bilbo and the dwarves try to defend Erebor's mountain of treasure from others who claim it: the men of the ruined Laketown and the elves of Mirkwood. Meanwhile an army of Orcs led by Azog the Defiler is marching on Erebor, fueled by the rise of the dark lord Sauron. Dwarves, elves and men must unite, and the hope for Middle-Earth falls into Bilbo's hands."
447332,A Quiet Place,en,2018-04-03,91,17000000.0,340955294.0,16.5058,7.396,15529,Released,A family is forced to live in silence while hiding from creatures that hunt by sound.
152601,Her,en,2013-12-18,126,23000000.0,47351251.0,13.7212,7.836,15460,Released,"In the not so distant future, Theodore, a lonely writer, purchases a newly developed operating system designed to meet the user's every need. To Theodore's surprise, a romantic relationship develops between him and his operating system. This unconventional love story blends science fiction and romance in a sweet tale that explores the nature of love and the ways that technology isolates and connects us all."
559,Spider-Man 3,en,2007-05-01,139,258000000.0,894983373.0,72.0186,6.469,15454,Released,"The seemingly invincible Spider-Man goes up against an all-new crop of villains—including the shape-shifting Sandman. While Spider-Man’s superpowers are altered by an alien organism, his alter ego, Peter Parker, deals with nemesis Eddie Brock and also gets caught up in a love triangle."
273248,The Hateful Eight,en,2015-12-25,188,44000000.0,155760117.0,15.498,7.757,15450,Released,Bounty hunters seek shelter from a raging blizzard and get caught up in a plot of betrayal and deception.
335984,Blade Runner 2049,en,2017-10-04,164,150000000.0,259239658.0,30.5047,7.599,15401,Released,"Thirty years after the events of the first film, a new blade runner, LAPD Officer K, unearths a long-buried secret that has the potential to plunge what's left of society into chaos. K's discovery leads him on a quest to find Rick Deckard, a former LAPD blade runner who has been missing for 30 years."
920,Cars,en,2006-06-08,117,120000000.0,461983149.0,22.9946,7.043,15315,Released,"Lightning McQueen, a hotshot rookie race car driven to succeed, discovers that life is about the journey, not the finish line, when he finds himself unexpectedly detoured in the sleepy Route 66 town of Radiator Springs. On route across the country to the big Piston Cup Championship in California to compete against two seasoned pros, McQueen gets to know the town's offbeat characters."
137113,Edge of Tomorrow,en,2014-05-27,114,178000000.0,370541256.0,16.2807,7.642,15293,Released,"Major Bill Cage is an officer who has never seen a day of combat when he is unceremoniously demoted and dropped into combat. Cage is killed within minutes, managing to take an alpha alien down with him. He awakens back at the beginning of the same day and is forced to fight and die again... and again - as physical contact with the alien has thrown him into a time loop."
393,Kill Bill: Vol. 2,en,2004-04-16,136,30000000.0,152159461.0,16.5384,7.876,15256,Released,"The Bride unwaveringly continues on her roaring rampage of revenge against the band of assassins who had tried to kill her and her unborn child. She visits each of her former associates one-by-one, checking off the victims on her Death List Five until there's nothing left to do … but kill Bill."
438631,Dune,en,2021-09-15,155,165000000.0,410668500.0,36.0058,7.784,15227,Released,"Paul Atreides, a brilliant and gifted young man born into a great destiny beyond his understanding, must travel to the most dangerous planet in the universe to ensure the future of his family and his people. As malevolent forces explode into conflict over the planet's exclusive supply of the most precious resource in existence - a commodity capable of unlocking humanity's greatest potential - only those who can conquer their fear will survive."
78,Blade Runner,en,1982-06-25,118,28000000.0,41722424.0,25.2592,7.934,15189,Released,"In the smog-choked dystopian Los Angeles of 2019, blade runner Rick Deckard is called out of retirement to terminate a quartet of replicants who have escaped to Earth seeking their creator for a way to extend their short life spans."
863,Toy Story 2,en,1999-10-30,92,90000000.0,497375404.0,36.0552,7.618,15161,Released,"Andy heads off to Cowboy Camp, leaving his toys to their own devices. Things shift into high gear when an obsessive toy collector named Al McWhiggen, owner of Al's Toy Barn kidnaps Woody. Andy's toys mount a daring rescue mission, Buzz Lightyear meets his match and Woody has to decide where he and his heart truly belong."
1895,Star Wars: Episode III - Revenge of the Sith,en,2005-05-17,140,113000000.0,850000000.0,18.6459,7.474,15127,Released,"When the sinister Sith unveil a thousand-year-old plot to rule the galaxy, the Republic crumbles and from its ashes rises the evil Galactic Empire. Jedi hero Anakin Skywalker must choose a side."
1865,Pirates of the Caribbean: On Stranger Tides,en,2011-05-15,136,379000000.0,1046721266.0,20.8748,6.573,15109,Released,"When Jack crosses paths with a woman from his past, he's not sure if it's love...or if she's a ruthless con artist using him to find the fabled Fountain of Youth."
324786,Hacksaw Ridge,en,2016-10-07,139,40000000.0,175302354.0,30.6594,8.193,15068,Released,"WWII American Army Medic Desmond T. Doss, who served during the Battle of Okinawa, refuses to kill people and becomes the first Conscientious Objector in American history to receive the Congressional Medal of Honor."
297802,Aquaman,en,2018-12-07,143,160000000.0,1152028393.0,25.4874,6.867,15059,Released,"Half-human, half-Atlantean Arthur Curry is taken on the journey of his lifetime to discover if he is worth of being a king."
466272,Once Upon a Time... in Hollywood,en,2019-07-24,162,95000000.0,393869691.0,21.3862,7.421,15042,Released,"Los Angeles, 1969. TV star Rick Dalton, a struggling actor specializing in westerns, and stuntman Cliff Booth, his best friend, try to survive in a constantly changing movie industry. Dalton is the neighbor of the young and promising actress and model Sharon Tate, who has just married the prestigious Polish director Roman Polanski…"
607,Men in Black,en,1997-07-02,98,90000000.0,589390539.0,20.2496,7.226,15007,Released,"After a police chase with an otherworldly being, a New York City cop is recruited as an agent in a top-secret organization established to monitor and police alien activity on Earth: the Men in Black. Agent K and new recruit Agent J find themselves in the middle of a deadly plot by an intergalactic terrorist who has arrived on Earth to assassinate two ambassadors from opposing galaxies."
12155,Alice in Wonderland,en,2010-03-03,108,200000000.0,1025467110.0,20.8065,6.645,14941,Released,"Alice, now 19 years old, returns to the whimsical world she first entered as a child and embarks on a journey to discover her true destiny."
1271,300,en,2007-03-07,117,65000000.0,456082343.0,17.0276,7.209,14923,Released,"A story very loosely based the 480 B.C. Battle of Thermopylae, where the King of Sparta led his army against the advancing Persians."
10528,Sherlock Holmes,en,2009-12-23,129,90000000.0,524028679.0,12.6505,7.223,14907,Released,Eccentric consulting detective Sherlock Holmes and Doctor John Watson battle to bring down a new nemesis and unravel a deadly plot that could destroy England.
218,The Terminator,en,1984-10-26,108,6400000.0,78371200.0,30.5931,7.686,14854,Released,"In the post-apocalyptic future, reigning tyrannical supercomputers teleport a cyborg assassin known as the ""Terminator"" back to 1984 to kill Sarah Connor, whose unborn son is destined to lead insurgents against 21st century mechanical hegemony. Meanwhile, the human-resistance movement dispatches a lone warrior to safeguard Sarah. Can he stop the virtually indestructible killing machine?"
353486,Jumanji: Welcome to the Jungle,en,2017-12-09,119,90000000.0,995339117.0,21.4117,6.822,14661,Released,"Four teenagers in detention discover an old video game console with a game they’ve never heard of. When they decide to play, they are immediately sucked into the jungle world of Jumanji in the bodies of their avatars. They’ll have to complete the adventure of their lives filled with fun, thrills and danger or be stuck in the game forever!"
280,Terminator 2: Judgment Day,en,1991-07-03,137,102000000.0,517778573.0,29.2079,8.16,14572,Released,"Ten years after the events of the original, a reprogrammed T-800 is sent back in time to protect young John Connor from the shape-shifting T-1000. Together with his mother Sarah, he fights to stop Skynet from triggering a nuclear apocalypse."
769,GoodFellas,en,1990-09-12,145,25000000.0,47072327.0,28.861,8.451,14568,Released,"The true story of Henry Hill, a half-Irish, half-Sicilian Brooklyn kid who is adopted by neighbourhood gangsters at an early age and climbs the ranks of a Mafia family under the guidance of Jimmy Conway."
10191,How to Train Your Dragon,en,2010-03-18,98,165000000.0,495141736.0,21.4011,7.865,14552,Released,"As the son of a Viking leader on the cusp of manhood, shy Hiccup Horrendous Haddock III faces a rite of passage: he must kill a dragon to prove his warrior mettle. But after downing a feared dragon, he realizes that he no longer wants to destroy it, and instead befriends the beast – which he names Toothless – much to the chagrin of his warrior father."
8966,Twilight,en,2008-11-20,122,37000000.0,393616788.0,21.5655,6.28,14534,Released,"When Bella Swan moves to a small town in the Pacific Northwest, she falls in love with Edward Cullen, a mysterious classmate who reveals himself to be a 108-year-old vampire. Despite Edward's repeated cautions, Bella can't stay away from him, a fatal move that endangers her own life."
1894,Star Wars: Episode II - Attack of the Clones,en,2002-05-15,142,120000000.0,649398328.0,15.4947,6.598,14526,Released,"Following an assassination attempt on Senator Padmé Amidala, Jedi Knights Anakin Skywalker and Obi-Wan Kenobi investigate a mysterious plot into the heart of the Separatist movement and the beginning of the Clone Wars."
425,Ice Age,en,2002-03-14,81,59000000.0,383257136.0,25.8623,7.381,14472,Released,"Manny the mammoth, Sid the loquacious sloth, and Diego the sabre-toothed tiger go on a comical quest to return a human baby back to his father, across a world on the brink of an ice age."
102382,The Amazing Spider-Man 2,en,2014-04-16,141,200000000.0,716934779.0,79.6107,6.549,14468,Released,"For Peter Parker, life is busy. Between taking out the bad guys as Spider-Man and spending time with the person he loves, Gwen Stacy, high school graduation cannot come quickly enough. Peter has not forgotten about the promise he made to Gwen’s father to protect her by staying away, but that is a promise he cannot keep. Things will change for Peter when a new villain, Electro, emerges, an old friend, Harry Osborn, returns, and Peter uncovers new clues about his past."
76600,Avatar: The Way of Water,en,2022-12-14,192,460000000.0,2334484620.0,33.2096,7.6,14442,Released,"Set more than a decade after the events of the first film, learn the story of the Sully family (Jake, Neytiri, and their kids), the trouble that follows them, the lengths they go to keep each other safe, the battles they fight to stay alive, and the tragedies they endure."
324552,John Wick: Chapter 2,en,2017-02-08,122,40000000.0,171539887.0,17.5828,7.342,14437,Released,"John Wick is forced out of retirement by a former associate looking to seize control of a shadowy international assassins’ guild. Bound by a blood oath to aid him, Wick travels to Rome and does battle against some of the world’s most dangerous killers."
264660,Ex Machina,en,2015-01-21,108,15000000.0,36869414.0,14.2306,7.571,14431,Released,"Caleb, a coder at the world's largest internet company, wins a competition to spend a week at a private mountain retreat belonging to Nathan, the reclusive CEO of the company. But when Caleb arrives at the remote location he finds that he will have to participate in a strange and fascinating experiment in which he must interact with the world's first true artificial intelligence, housed in the body of a beautiful robot girl."
57158,The Hobbit: The Desolation of Smaug,en,2013-12-11,161,250000000.0,958400000.0,20.1184,7.583,14392,Released,"The Dwarves, Bilbo and Gandalf have successfully escaped the Misty Mountains, and Bilbo has gained the One Ring. They all continue their journey to get their gold back from the Dragon, Smaug."
274870,Passengers,en,2016-12-21,116,110000000.0,303144152.0,9.0886,6.957,14368,Released,"A spacecraft traveling to a distant colony planet and transporting thousands of people has a malfunction in its sleep chambers. As a result, two passengers are awakened 90 years early."
363088,Ant-Man and the Wasp,en,2018-07-04,119,140000000.0,622674139.0,23.8667,6.901,14324,Released,"Just when his time under house arrest is about to end, Scott Lang once again puts his freedom at risk to help Hope van Dyne and Dr. Hank Pym dive into the quantum realm and try to accomplish, against time and any chance of success, a very dangerous rescue mission."
62177,Brave,en,2012-06-21,93,185000000.0,538983207.0,20.4305,7.033,14321,Released,"In the mystical Scottish Highlands, Merida is the princess of a kingdom ruled by King Fergus and Queen Elinor. An unruly daughter and an accomplished archer, Merida one day defies a sacred custom of the land and inadvertently brings turmoil to the kingdom. In an attempt to set things right, Merida seeks out an eccentric old Wise Woman and is granted an ill-fated wish. Also figuring into Merida's quest — and serving as comic relief — are the kingdom's three lords: the enormous Lord MacGuffin, the surly Lord Macintosh, and the disagreeable Lord Dingwall."
546554,Knives Out,en,2019-11-27,131,40000000.0,312897920.0,26.8224,7.84,14252,Released,"When renowned crime novelist Harlan Thrombey is found dead at his estate just after his 85th birthday, the inquisitive and debonair Detective Benoit Blanc is mysteriously enlisted to investigate. From Harlan's dysfunctional family to his devoted staff, Blanc sifts through a web of red herrings and self-serving lies to uncover the truth behind Harlan's untimely death."
637,Life Is Beautiful,it,1997-12-20,116,20000000.0,230098753.0,21.49,8.438,14121,Released,A touching story of an Italian book seller of Jewish ancestry who lives in his own little fairy tale. His creative and happy life would come to an abrupt halt when his entire family is deported to a concentration camp during World War II. While locked up he tries to convince his son that the whole thing is just a game.
240,The Godfather Part II,en,1974-12-20,202,13000000.0,102600000.0,35.9794,8.57,14116,Released,"In the continuing saga of the Corleone crime family, a young Vito Corleone grows up in Sicily and in 1910s New York. In the 1950s, Michael Corleone attempts to expand the family business into Las Vegas, Hollywood and Cuba."
165,Back to the Future Part II,en,1989-11-22,108,40000000.0,332000000.0,11.8818,7.8,14100,Released,"Marty and Doc are at it again as the time-traveling duo head to 2015 to nip some McFly family woes in the bud. But things go awry thanks to bully Biff Tannen and a pesky sports almanac. In a last-ditch attempt to set things straight, Marty finds himself bound for 1955 and face to face with his teenage parents -- again."
489,Good Will Hunting,en,1997-12-05,127,10000000.0,225933435.0,31.9613,8.163,14072,Released,"Will Hunting is a headstrong, working-class genius who is failing the lessons of life. After one too many run-ins with the law, Will's last chance is a psychology professor, who might be the only man who can reach him."
350,The Devil Wears Prada,en,2006-06-29,109,35000000.0,326588371.0,41.6951,7.44,14012,Released,"A young woman from the Midwest gets more than she bargained for when she moves to New York to become a writer and ends up as the assistant to the tyrannical, larger-than-life editor-in-chief of a major fashion magazine."
185,A Clockwork Orange,en,1971-10-28,137,2200000.0,27033812.0,14.592,8.173,13967,Released,"In a near-future Britain, young Alexander DeLarge and his pals get their kicks beating and raping anyone they please. When not destroying the lives of others, Alex swoons to the music of Beethoven. The state, eager to crack down on juvenile crime, gives an incarcerated Alex the option to undergo an invasive procedure that'll rob him of all personal agency. In a time when conscience is a commodity, can Alex change his tune?"
246655,X-Men: Apocalypse,en,2016-05-18,144,178000000.0,543934787.0,25.1372,6.527,13921,Released,"After the re-emergence of the world's first mutant, world-destroyer Apocalypse, the X-Men must unite to defeat his extinction level plan."
162,Edward Scissorhands,en,1990-12-07,105,20000000.0,86024005.0,14.6163,7.721,13908,Released,A small suburban town receives a visit from a castaway unfinished science experiment named Edward.
87827,Life of Pi,en,2012-11-20,127,120000000.0,609016565.0,16.0983,7.413,13884,Released,"The story of an Indian boy named Pi, a zookeeper's son who finds himself in the company of a hyena, zebra, orangutan, and a Bengal tiger after a shipwreck sets them adrift in the Pacific Ocean."
277834,Moana,en,2016-10-13,107,150000000.0,690860472.0,7.141,7.565,13886,Released,"In Ancient Polynesia, when a terrible curse incurred by Maui reaches an impetuous Chieftain's daughter's island, she answers the Ocean's call to seek out the demigod to set things right."
4922,The Curious Case of Benjamin Button,en,2008-12-25,166,150000000.0,335802786.0,12.6252,7.601,13878,Released,"Born under unusual circumstances, Benjamin Button springs into being as an elderly man in a New Orleans nursing home and ages in reverse. Twelve years after his birth, he meets Daisy, a child who flits in and out of his life as she grows up to be a dancer. Though he has all sorts of unusual adventures over the course of his life, it is his relationship with Daisy, and the hope that they will come together at the right time, that drives Benjamin forward."
102651,Maleficent,en,2014-05-28,97,180000000.0,758539785.0,16.6134,7.088,13837,Released,"A beautiful, pure-hearted young woman, Maleficent has an idyllic life growing up in a peaceable forest kingdom, until one day when an invading army threatens the harmony of the land. She rises to be the land's fiercest protector, but she ultimately suffers a ruthless betrayal – an act that begins to turn her heart into stone. Bent on revenge, Maleficent faces an epic battle with the invading King's successor and, as a result, places a curse upon his newborn infant Aurora. As the child grows, Maleficent realizes that Aurora holds the key to peace in the kingdom – and to Maleficent's true happiness as well."
260513,Incredibles 2,en,2018-06-14,118,200000000.0,1243225667.0,17.5762,7.454,13814,Released,"Elastigirl springs into action to save the day, while Mr. Incredible faces his greatest challenge yet – taking care of the problems of his three children."
64690,Drive,en,2011-09-15,100,15000000.0,79713640.0,18.1898,7.583,13808,Released,"Driver is a skilled Hollywood stuntman who moonlights as a getaway driver for criminals. Though he projects an icy exterior, lately he's been warming up to a pretty neighbor named Irene and her young son, Benicio. When Irene's husband gets out of jail, he enlists Driver's help in a million-dollar heist. The job goes horribly wrong, and Driver must risk his life to protect Irene and Benicio from the vengeful masterminds behind the robbery."
85,Raiders of the Lost Ark,en,1981-06-12,115,18000000.0,389925971.0,20.6402,7.926,13810,Released,"When Dr. Indiana Jones – the tweed-suited professor who just happens to be a celebrated archaeologist – is hired by the government to locate the legendary Ark of the Covenant, he finds himself up against the entire Nazi regime."
141052,Justice League,en,2017-11-15,120,300000000.0,661326987.0,18.5726,6.07,13797,Released,"Fuelled by his restored faith in humanity and inspired by Superman's selfless act, Bruce Wayne and Diana Prince assemble a team of metahumans consisting of Barry Allen, Arthur Curry and Victor Stone to face the catastrophic threat of Steppenwolf and the Parademons who are on the hunt for three Mother Boxes on Earth."
190859,American Sniper,en,2014-12-25,133,58800000.0,542300000.0,14.0393,7.411,13770,Released,"U.S. Navy SEAL Chris Kyle takes his sole mission—protect his comrades—to heart and becomes one of the most lethal snipers in American history. His pinpoint accuracy not only saves countless lives but also makes him a prime target of insurgents. Despite grave danger and his struggle to be a good husband and father to his family back in the States, Kyle serves four tours of duty in Iraq. However, when he finally returns home, he finds that he cannot leave the war behind."
530915,1917,en,2019-12-25,119,100000000.0,446064352.0,16.2747,7.985,13716,Released,"At the height of the First World War, two young British soldiers must cross enemy territory and deliver a message that will stop a deadly attack on hundreds of soldiers."
194662,Birdman or (The Unexpected Virtue of Ignorance),en,2014-10-17,120,18000000.0,103215094.0,12.2731,7.438,13693,Released,"A fading actor best known for his portrayal of a popular superhero attempts to mount a comeback by appearing in a Broadway play. As opening night approaches, his attempts to become more altruistic, rebuild his career, and reconnect with friends and family prove more difficult than expected."
49538,X-Men: First Class,en,2011-06-01,132,160000000.0,353624124.0,1.2614,7.303,13680,Released,"Before Charles Xavier and Erik Lensherr took the names Professor X and Magneto, they were two young men discovering their powers for the first time. Before they were arch-enemies, they were closest of friends, working together with other mutants (some familiar, some new), to stop the greatest threat the world has ever known."
809,Shrek 2,en,2004-05-19,92,150000000.0,932542741.0,22.8719,7.3,13615,Released,"Happily ever after never seemed so far far away when a trip to meet the in-laws turns into a hilariously twisted adventure for Shrek and Fiona. With the help of ever-faithful Donkey, Shrek takes on the potion-brewing Fairy Godmother, pompous Prince Charming, and infamous ogre-killer Puss In Boots."
103,Taxi Driver,en,1976-02-09,114,1900000.0,28579636.0,20.6826,8.124,13612,Released,"Suffering from insomnia, disturbed loner Travis Bickle takes a job as a New York City cabbie, haunting the streets nightly, growing increasingly detached from reality as he dreams of cleaning up the filthy city."
68726,Pacific Rim,en,2013-07-11,131,180000000.0,411000000.0,27.5407,6.94,13602,Released,"Using massive piloted robots to combat the alien threat, earth's survivors take the fight to the invading alien force lurking in the depths of the Pacific Ocean. Nearly defenseless in the face of the relentless enemy, the forces of mankind have no choice but to turn to two unlikely heroes who now stand as earth's final hope against the mounting apocalypse."
157350,Divergent,en,2014-03-14,140,85000000.0,288885818.0,12.2702,6.903,13596,Released,"In a world divided into factions based on personality types, Tris learns that she's been classified as Divergent and won't fit in. When she discovers a plot to destroy Divergents, Tris and the mysterious Four must find out what makes Divergents dangerous before it's too late."
141,Donnie Darko,en,2001-01-19,114,4500000.0,7500000.0,13.3829,7.76,13572,Released,"After narrowly escaping a bizarre accident, a troubled teenager is plagued by visions of a large bunny rabbit that manipulates him to commit a series of crimes."
6977,No Country for Old Men,en,2007-11-09,122,25000000.0,171627166.0,20.8572,7.948,13550,Released,"Llewelyn Moss stumbles upon dead bodies, $2 million and a hoard of heroin in a Texas desert, but methodical killer Anton Chigurh comes looking for it, with local sheriff Ed Tom Bell hot on his trail. The roles of prey and predator blur as the violent pursuit of money and justice collide."
131634,The Hunger Games: Mockingjay - Part 2,en,2015-11-18,137,160000000.0,653428261.0,13.3818,6.902,13467,Released,"As the war between the Capitol and the districts reaches its peak, Katniss Everdeen embarks on a perilous mission to liberate Panem and confront President Snow. Joined by a team of trusted allies, she navigates deadly traps, shifting loyalties, and the heavy cost of rebellion, determined to bring freedom to her people and end the Hunger Games once and for all."
296096,Me Before You,en,2016-06-01,110,20000000.0,207945075.0,20.767,7.929,13431,Released,"Lou Clark, a directionless 26-year-old from the English countryside, takes a job at the local castle as a caregiver and companion to a wealthy young banker, Will Traynor. Wheelchair-bound from an accident two years prior, the once adventurous Will has all but given up — that is until Lou determines to show him that life is worth living."
70981,Prometheus,en,2012-05-30,124,130000000.0,403354469.0,21.5525,6.603,13420,Released,"A team of explorers discover a clue to the origins of mankind on Earth, leading them on a journey to the darkest corners of the universe. There, they must fight a terrifying battle to save the future of the human race."
19908,Zombieland,en,2009-10-02,88,23600000.0,102391540.0,14.6226,7.261,13331,Released,"Columbus has made a habit of running from what scares him. Tallahassee doesn't have fears. If he did, he'd kick their ever-living ass. In a world overrun by zombies, these two are perfectly evolved survivors. But now, they're about to stare down the most terrifying prospect of all: each other."
37799,The Social Network,en,2010-10-01,121,40000000.0,224920315.0,15.6391,7.375,13326,Released,"In 2003, Harvard undergrad and computer programmer Mark Zuckerberg begins work on a new concept that eventually turns into the global social network known as Facebook. Six years later, Mark is one of the youngest billionaires ever, but his unprecedented success leads to both personal and legal complications when he ends up on the receiving end of two lawsuits, one involving his former friend."
72105,Ted,en,2012-06-29,107,50000000.0,549368315.0,20.8803,6.454,13316,Released,"John Bennett, a man whose childhood wish of bringing his teddy bear to life came true, now must decide between keeping the relationship with the bear or his girlfriend, Lori."
146233,Prisoners,en,2013-09-19,153,46000000.0,122127446.0,18.8985,8.105,13292,Released,"After his six-year-old daughter is abducted, a desperate father takes justice into his own hands when he loses faith in the detective leading the investigation, setting both men on a collision course as the search descends into obsession and moral compromise."
111,Scarface,en,1983-12-09,170,25000000.0,66023329.0,24.6815,8.153,13239,Released,"After getting a green card in exchange for assassinating a Cuban government official, Tony Montana stakes a claim on the drug trade in Miami. Viciously murdering anyone who stands in his way, Tony eventually becomes the biggest drug lord in the state, controlling nearly all the cocaine that comes through Miami. But increased pressure from the police, wars with Colombian drug cartels and his own drug-fueled paranoia serve to fuel the flames of his eventual downfall."
82690,Wreck-It Ralph,en,2012-11-01,101,165000000.0,471222889.0,17.479,7.361,13198,Released,"Wreck-It Ralph is the 9-foot-tall, 643-pound villain of an arcade video game named Fix-It Felix Jr., in which the game's titular hero fixes buildings that Ralph destroys. Wanting to prove he can be a good guy and not just a villain, Ralph escapes his game and lands in Hero's Duty, a first-person shooter where he helps the game's hero battle against alien invaders. He later enters Sugar Rush, a kart racing game set on tracks made of candies, cookies and other sweets. There, Ralph meets Vanellope von Schweetz who has learned that her game is faced with a dire threat that could affect the entire arcade, and one that Ralph may have inadvertently started."
14,American Beauty,en,1999-09-15,122,15000000.0,356296601.0,15.823,7.999,13193,Released,"Lester Burnham, a depressed suburban father in a mid-life crisis, decides to turn his hectic life around after developing an infatuation with his daughter's attractive friend."
228150,Fury,en,2014-10-15,135,68000000.0,211817906.0,29.2859,7.547,13085,Released,"April, 1945. As the Allies make their final push in the European Theatre, a battle-hardened army sergeant named Wardaddy commands a Sherman tank and her five-man crew on a deadly mission behind enemy lines. Outnumbered and outgunned, and with a rookie soldier thrust into their platoon, Wardaddy and his men face overwhelming odds in their heroic attempts to strike at the heart of Nazi Germany."
745,The Sixth Sense,en,1999-08-06,107,40000000.0,672800000.0,18.2177,7.954,13060,Released,"Following an unexpected tragedy, child psychologist Malcolm Crowe meets a nine year old boy named Cole Sear, who is hiding a dark secret."
490132,Green Book,en,2018-11-16,130,23000000.0,321752656.0,20.94,8.225,13055,Released,"Tony Lip, a bouncer in 1962, is hired to drive pianist Don Shirley on a tour through the Deep South in the days when African Americans, forced to find alternate accommodations and services due to segregation laws below the Mason-Dixon Line, relied on a guide called The Negro Motorist Green Book."
64682,The Great Gatsby,en,2013-05-09,143,105000000.0,351040419.0,12.518,7.349,13052,Released,"An adaptation of F. Scott Fitzgerald's Long Island-set novel, where Midwesterner Nick Carraway is lured into the lavish world of his neighbor, Jay Gatsby. Soon enough, however, Carraway will see through the cracks of Gatsby's nouveau riche existence, where obsession, madness, and tragedy await."
399055,The Shape of Water,en,2017-12-01,123,19500000.0,195300000.0,10.4908,7.236,12964,Released,"An other-worldly story, set against the backdrop of Cold War era America circa 1962, where a mute janitor working at a lab falls in love with an amphibious man being held captive there and devises a plan to help him escape."
166426,Pirates of the Caribbean: Dead Men Tell No Tales,en,2017-05-23,129,230000000.0,795922298.0,15.2447,6.662,12947,Released,"Thrust into an all-new adventure, a down-on-his-luck Capt. Jack Sparrow feels the winds of ill-fortune blowing even more strongly when deadly ghost sailors led by his old nemesis, the evil Capt. Salazar, escape from the Devil's Triangle. Jack's only hope of survival lies in seeking out the legendary Trident of Poseidon, but to find it, he must forge an uneasy alliance with a brilliant and beautiful astronomer and a headstrong young man in the British navy."
61791,Rise of the Planet of the Apes,en,2011-08-03,105,93000000.0,481800873.0,18.2322,7.349,12905,Released,"A highly intelligent chimpanzee named Caesar has been living a peaceful suburban life ever since he was born. But when he gets taken to a cruel primate facility, Caesar decides to revolt against those who have harmed him."
138843,The Conjuring,en,2013-07-18,112,13000000.0,321293998.0,29.5058,7.541,12893,Released,"Paranormal investigators Ed and Lorraine Warren work to help a family terrorized by a dark presence in their farmhouse. Forced to confront a powerful entity, the Warrens find themselves caught in the most terrifying case of their lives."
351286,Jurassic World: Fallen Kingdom,en,2018-06-06,129,170000000.0,1310469037.0,16.9847,6.531,12892,Released,"Three years after Jurassic World was destroyed, Isla Nublar now sits abandoned. When the island's dormant volcano begins roaring to life, Owen and Claire mount a campaign to rescue the remaining dinosaurs from this extinction-level event."
1724,The Incredible Hulk,en,2008-06-12,114,150000000.0,264770996.0,31.3386,6.25,12893,Released,"Scientist Bruce Banner scours the planet for an antidote to the unbridled force of rage within him: the Hulk. But when the military masterminds who dream of exploiting his powers force him back to civilization, he finds himself coming face to face with a new, deadly foe."
14161,2012,en,2009-10-10,158,200000000.0,791217826.0,17.5515,5.89,12880,Released,"Dr. Adrian Helmsley, part of a worldwide geophysical team investigating the effect on the earth of radiation from unprecedented solar storms, learns that the earth's core is heating up. He warns U.S. President Thomas Wilson that the crust of the earth is becoming unstable and that without proper preparations for saving a fraction of the world's population, the entire race is doomed. Meanwhile, writer Jackson Curtis stumbles on the same information. While the world's leaders race to build ""arks"" to escape the impending cataclysm, Curtis struggles to find a way to save his family. Meanwhile, volcanic eruptions and earthquakes of unprecedented strength wreak havoc around the world."
398818,Call Me by Your Name,en,2017-10-01,132,3500000.0,43143046.0,20.0654,8.084,12861,Released,"In the summer of 1983, a 17-year-old Elio spends his days in his family's villa in Italy. One day Oliver, a graduate student, arrives to assist Elio's father, a professor of Greco-Roman culture. Soon, Elio and Oliver discover a summer that will alter their lives forever."
9502,Kung Fu Panda,en,2008-06-04,90,130000000.0,632091832.0,25.0521,7.332,12832,Released,"Chosen by prophecy but doubted by all, Po is an unlikely choice for the mystical title of the Dragon Warrior—a clumsy panda thrust into the world of kung fu as a deadly enemy threatens the Valley of Peace. Under reluctant guidance by Master Shifu and the Furious Five, Po must embrace who he is to unlock the power that no scroll can teach."
2048,"I, Robot",en,2004-07-15,115,120000000.0,347234916.0,16.5302,6.969,12824,Released,"In 2035, where robots are commonplace and abide by the three laws of robotics, a technophobic cop investigates an apparent suicide. Suspecting that a robot may be responsible for the death, his investigation leads him to believe that humanity may be in danger."
207,Dead Poets Society,en,1989-06-02,129,16400000.0,235860116.0,26.2039,8.299,12779,Released,"At an elite, old-fashioned boarding school in New England, a passionate English teacher inspires his students to rebel against convention and seize the potential of every day, courting the disdain of the stern headmaster."
372058,Your Name.,ja,2016-07-01,106,7500000.0,405320132.0,27.5651,8.483,12777,Released,"High schoolers Mitsuha and Taki are complete strangers living separate lives. But one night, they suddenly switch places. Mitsuha wakes up in Taki’s body, and he in hers. This bizarre occurrence continues to happen randomly, and the two must adjust their lives around each other."
62,2001: A Space Odyssey,en,1968-04-02,149,12000000.0,71923560.0,21.3839,8.048,12767,Released,"Humanity finds a mysterious object buried beneath the lunar surface and sets off to find its origins with the help of HAL 9000, the world's most advanced super computer."
127380,Finding Dory,en,2016-06-16,97,200000000.0,1029266989.0,13.2121,7.043,12758,Released,Dory is reunited with her friends Nemo and Marlin in the search for answers about her past. What can she remember? Who are her parents? And where did she learn to speak Whale?
73,American History X,en,1998-07-01,119,20000000.0,23900000.0,15.302,8.327,12741,Released,"Derek Vineyard is paroled after serving 3 years in prison for killing two African-American men. Through his brother, Danny Vineyard's narration, we learn that before going to prison, Derek was a skinhead and the leader of a violent white supremacist gang that committed acts of racial crime throughout L.A. and his actions greatly influenced Danny. Reformed and fresh out of prison, Derek severs contact with the gang and becomes determined to keep Danny from going down the same violent path as he did."
82693,Silver Linings Playbook,en,2012-11-16,122,21000000.0,236412453.0,11.2676,7.153,12740,Released,"After losing his job and wife, and spending time in an institution, a former teacher winds up living with his parents. He wants to rebuild his life and reconcile with his wife, but his father would be happy if he shared his obsession with the Philadelphia Eagles. Things get complicated when he meets Tiffany Maxwell who offers to help him reconnect with his wife if he will do something very important for her in exchange."
161,Ocean's Eleven,en,2001-12-07,116,85000000.0,450717150.0,19.3404,7.464,12715,Released,"Less than 24 hours into his parole, charismatic thief Danny Ocean is already rolling out his next plan: In one night, Danny's hand-picked crew of specialists will attempt to steal more than $150 million from three Las Vegas casinos. But to score the cash, Danny risks his chances of reconciling with ex-wife, Tess."
11036,The Notebook,en,2004-06-25,123,29000000.0,115600000.0,30.4766,7.891,12711,Released,"An epic love story centered around an older man who reads aloud to a woman with Alzheimer's. From a faded notebook, the old man's words bring to life the story about a couple who is separated by World War II, and is then passionately reunited, seven years later, after they have taken different paths."
771,Home Alone,en,1990-11-16,103,18000000.0,476684675.0,1.8114,7.469,12658,Released,"Eight-year-old Kevin McCallister makes the most of the situation after his family unwittingly leaves him behind when they go on Christmas vacation. When thieves try to break into his home, he puts up a fight like no other."
38757,Tangled,en,2010-11-24,100,260000000.0,592461732.0,28.5242,7.615,12546,Released,"Feisty teenager Rapunzel, who has long and magical hair, wants to go and see sky lanterns on her eighteenth birthday, but she's bound to a tower by her overprotective mother. She strikes a deal with Flynn Rider, a charming wanted thief, and the duo set off on an action-packed escapade."
194,Amélie,fr,2001-04-25,122,10000000.0,173921954.0,15.3112,7.921,12523,Released,"At a tiny Parisian café, the adorable yet painfully shy Amélie accidentally discovers a gift for helping others. Soon Amelie is spending her days as a matchmaker, guardian angel, and all-around do-gooder. But when she bumps into a handsome stranger, will she find the courage to become the star of her very own love story?"
23483,Kick-Ass,en,2010-03-26,118,28000000.0,96188903.0,13.0201,7.122,12509,Released,"Dave Lizewski is an unnoticed high school student and comic book fan who one day decides to become a super-hero, even though he has no powers, training or meaningful reason to do so."
1359,American Psycho,en,2000-04-13,102,7000000.0,34269748.0,18.8056,7.401,12491,Released,"A wealthy New York investment banking executive hides his alternate psychopathic ego from his co-workers and friends as he escalates deeper into his illogical, gratuitous fantasies."
216015,Fifty Shades of Grey,en,2015-02-11,125,40000000.0,569651467.0,21.9125,5.866,12479,Released,"When college senior Anastasia Steele steps in for her sick roommate to interview prominent businessman Christian Grey for their campus paper, little does she realize the path her life will take. Christian, as enigmatic as he is rich and powerful, finds himself strangely drawn to Ana, and she to him. Though sexually inexperienced, Ana plunges headlong into an affair -- and learns that Christian's true sexual proclivities push the boundaries of pain and pleasure."
562,Die Hard,en,1988-07-15,132,28000000.0,140767956.0,25.3462,7.814,12460,Released,"High above the city of L.A. a team of terrorists has seized a building, taken hostages, and declared war. One man has manages to escape... An off-duty cop hiding somewhere inside. He's alone, tired... and the only chance anyone has got."
8358,Cast Away,en,2000-12-22,143,90000000.0,429632142.0,23.838,7.667,12410,Released,"Chuck Noland, a top international manager for FedEx, and Kelly, a Ph.D. student, are in love and heading towards marriage. Then Chuck's plane to Malaysia crashes at sea during a terrible storm. He's the only survivor, and finds himself marooned on a desolate island. With no way to escape, Chuck must find ways to survive in his new home."
1858,Transformers,en,2007-06-27,144,150000000.0,709709780.0,6.5902,6.843,12381,Released,Young teenager Sam Witwicky becomes involved in the ancient struggle between two extraterrestrial factions of transforming robots – the heroic Autobots and the evil Decepticons. Sam holds the clue to unimaginable power and the Decepticons will stop at nothing to retrieve it.
119450,Dawn of the Planet of the Apes,en,2014-07-08,130,170000000.0,710644566.0,18.0909,7.341,12357,Released,"A group of scientists in San Francisco struggle to stay alive in the aftermath of a plague that is wiping out humanity, while Caesar tries to maintain dominance over his community of intelligent apes."
36657,X-Men,en,2000-07-13,104,75000000.0,296339527.0,1.2978,7.021,12340,Released,"Two mutants, Rogue and Wolverine, come to a private academy for their kind whose resident superhero team, the X-Men, must oppose a terrorist organization with similar powers."
115,The Big Lebowski,en,1998-03-06,117,15000000.0,47010480.0,19.3227,7.834,12337,Released,"Jeffrey 'The Dude' Lebowski, a Los Angeles slacker who only wants to bowl and drink White Russians, is mistaken for another Jeffrey Lebowski, a wheelchair-bound millionaire, and finds himself dragged into a strange series of events involving nihilists, adult film producers, ferrets, errant toes, and large sums of money."
332562,A Star Is Born,en,2018-10-03,136,36000000.0,436388866.0,9.5248,7.492,12298,Released,"Seasoned musician Jackson Maine discovers — and falls in love with — struggling artist Ally. She has just about given up on her dream to make it big as a singer — until Jack coaxes her into the spotlight. But even as Ally's career takes off, the personal side of their relationship is breaking down, as Jack fights an ongoing battle with his own internal demons."
49530,In Time,en,2011-10-27,109,40000000.0,173900000.0,18.8134,6.971,12287,Released,"In the not-too-distant future, the aging gene has been switched off. To avoid overpopulation, time has become the currency and the way people pay for luxuries and necessities. The rich can live forever, while the rest struggle to negotiate for their immortality. A poor young man who suddenly comes into a fortune of time finds himself on the run from a corrupt police force known as the ""time keepers""."
414906,The Batman,en,2022-03-01,177,185000000.0,772775278.0,38.1925,7.664,12238,Released,"In his second year of fighting crime, Batman uncovers corruption in Gotham City that connects to his own family while facing a serial killer known as the Riddler."
8681,Taken,en,2008-02-18,94,25000000.0,226830568.0,18.1829,7.409,12233,Released,"Bryan Mills, a former government operative, is trying to reconnect with his teenage daughter Kim. After reluctantly agreeing with his ex-wife to let Kim go to Paris on vacation with a friend, his worst nightmare comes true. While on the phone with his daughter shortly after she arrives in Paris, she and her friend are abducted by a gang of human traffickers. Working against the clock, Bryan relies on his extensive training and skills to track down the ruthless gang that abducted her and launch a one-man war to rescue his daughter."
872585,Oppenheimer,en,2023-07-19,181,100000000.0,952000000.0,53.9747,8.024,12148,Released,The story of J. Robert Oppenheimer's role in the development of the atomic bomb during World War II.
812,Aladdin,en,1992-11-25,91,28000000.0,504050219.0,17.6439,7.657,12146,Released,"In the boorish city of Agrabah, kind-hearted street urchin Aladdin and Princess Jasmine fall in love, although she can only marry a prince. He and power-hungry Grand Vizier Jafar vie for a magic lamp that can fulfill their wishes."
604,The Matrix Reloaded,en,2003-05-15,138,150000000.0,738599701.0,18.0564,7.085,12133,Released,"The Resistance builds in numbers as humans are freed from the Matrix and brought to the city of Zion. Neo discovers his superpowers, including the ability to see the code inside the Matrix. With machine sentinels digging to Zion in 72 hours, Neo, Morpheus and Trinity must find the Keymaker to ultimately reach the Source."
601,E.T. the Extra-Terrestrial,en,1982-06-11,115,10500000.0,797307407.0,16.2486,7.519,12126,Released,"An alien is left behind on Earth and saved by the 10-year-old Elliott who decides to keep him hidden in his home. While a task force hunts for the extra-terrestrial, Elliott, his brother, and his little sister Gertie form an emotional bond with their new friend, and try to help him find his way home."
93456,Despicable Me 2,en,2013-06-26,98,76000000.0,970766005.0,19.6864,6.947,12121,Released,Gru is recruited by the Anti-Villain League to help deal with a powerful new super criminal.
76203,12 Years a Slave,en,2013-10-18,134,20000000.0,187000000.0,10.7989,7.929,12104,Released,"In the pre-Civil War United States, Solomon Northup, a free black man from upstate New York, is abducted and sold into slavery. Facing cruelty as well as unexpected kindnesses Solomon struggles not only to stay alive, but to retain his dignity. In the twelfth year of his unforgettable odyssey, Solomon’s chance meeting with a Canadian abolitionist will forever alter his life."
18,The Fifth Element,fr,1997-05-02,126,90000000.0,263920180.0,26.6352,7.587,11947,Released,"In 2257, a taxi driver is unintentionally given the task of saving a young girl who is part of the key that will ensure the survival of humanity."
458156,John Wick: Chapter 3 - Parabellum,en,2019-05-15,131,55000000.0,328349908.0,17.1275,7.44,11911,Released,"Super-assassin John Wick returns with a $14 million price tag on his head and an army of bounty-hunting killers on his trail. After killing a member of the shadowy international assassin’s guild, the High Table, John Wick is excommunicado, but the world’s most ruthless hit men and women await his every turn."
242582,Nightcrawler,en,2014-10-23,118,8500000.0,47425835.0,18.4948,7.708,11879,Released,"When Lou Bloom, desperate for work, muscles into the world of L.A. crime journalism, he blurs the line between observer and participant to become the star of his own story. Aiding him in his effort is Nina, a TV-news veteran."
953,Madagascar,en,2005-05-25,86,75000000.0,542064525.0,19.1858,6.927,11866,Released,Four animal friends get a taste of the wild life when they break out of captivity at the Central Park Zoo and wash ashore on the island of Madagascar.
36557,Casino Royale,en,2006-11-14,144,150000000.0,599045960.0,18.8085,7.575,11845,Released,"Le Chiffre, a banker to the world's terrorists, is scheduled to participate in a high-stakes poker game in Montenegro, where he intends to use his winnings to establish his financial grip on the terrorist market. M sends Bond—on his maiden mission as a 00 Agent—to attend this game and prevent Le Chiffre from winning. With the help of Vesper Lynd and Felix Leiter, Bond enters the most important poker game in his already dangerous career."
1949,Zodiac,en,2007-03-02,157,65000000.0,84785914.0,14.6489,7.533,11708,Released,"Over the course of a decade, editors of the San Francisco Chronicle entice themselves in the murders of the Zodiac Killer. However, as time runs its course, interest in the case dwindles in the eyes of the professionals. The Killer stops interacting with the public. However, believing he has the answers, an amateur cartoonist from the initial sightings races against time to prevent what he believes is another murder."
291805,Now You See Me 2,en,2016-06-02,129,120000000.0,334897606.0,13.3752,6.825,11700,Released,"One year after outwitting the FBI and winning the public’s adulation with their mind-bending spectacles, the Four Horsemen resurface only to find themselves face to face with a new enemy who enlists them to pull off their most dangerous heist yet."
13223,Gran Torino,en,2008-12-12,116,33000000.0,270000000.0,10.9814,7.991,11696,Released,"Disgruntled Korean War veteran Walt Kowalski sets out to reform his neighbor, Thao Lor, a Hmong teenager who tried to steal Kowalski's prized possession: a 1972 Gran Torino."
578,Jaws,en,1975-06-20,124,7000000.0,470653000.0,25.4079,7.683,11694,Released,"When the seaside community of Amity finds itself under attack by a dangerous great white shark, the town's chief of police, a young marine biologist, and a grizzled shark hunter embark on a desperate quest to kill the beast before it strikes again."
75612,Oblivion,en,2013-04-10,124,120000000.0,286168572.0,12.7038,6.688,11666,Released,"Jack Harper is one of the last few drone repairmen stationed on Earth. Part of a massive operation to extract vital resources after decades of war with a terrifying threat known as the Scavs, Jack’s mission is nearly complete. His existence is brought crashing down when he rescues a beautiful  stranger from a downed spacecraft. Her arrival triggers a chain of events that  forces him to question everything he knows and puts the fate of humanity in his hands."
196,Back to the Future Part III,en,1990-05-25,119,40000000.0,244527583.0,10.852,7.5,11663,Released,"The final installment finds Marty digging the trusty DeLorean out of a mineshaft and looking for Doc in the Wild West of 1885. But when their time machine breaks down, the travelers are stranded in a land of spurs. More problems arise when Doc falls for pretty schoolteacher Clara Clayton, and Marty tangles with Buford Tannen."
411,"The Chronicles of Narnia: The Lion, the Witch and the Wardrobe",en,2005-12-07,143,180000000.0,745013115.0,23.3222,7.14,11643,Released,Four kids travel through a wardrobe to the land of Narnia and learn of their destiny to free it with the guidance of a mystical lion.
222935,The Fault in Our Stars,en,2014-06-02,126,14000000.0,307166834.0,9.1347,7.591,11629,Released,"Despite the tumor-shrinking medical miracle that has bought her a few years, Hazel has never been anything but terminal, her final chapter inscribed upon diagnosis. But when a patient named Augustus Waters suddenly appears at Cancer Kid Support Group, Hazel's story is about to be completely rewritten."
310,Bruce Almighty,en,2003-05-23,101,80000000.0,484592874.0,15.0498,6.729,11607,Released,"Bruce Nolan toils as a ""human interest"" television reporter in Buffalo, NY, but despite his high ratings and the love of his beautiful girlfriend, Bruce remains unfulfilled. At the end of the worst day in his life, he angrily ridicules God — and the Almighty responds, endowing Bruce with all of His divine powers."
600,Full Metal Jacket,en,1987-06-26,117,30000000.0,46357676.0,13.7276,8.118,11606,Released,A pragmatic U.S. Marine observes the dehumanizing effects the U.S.-Vietnam War has on his fellow recruits from their brutal boot camp training to the bloody street fighting in Hue.
1417,Pan's Labyrinth,es,2006-10-11,118,19000000.0,83258226.0,16.7009,7.767,11601,Released,"In post–civil war Spain, 10-year-old Ofelia moves with her pregnant mother to live under the control of her cruel stepfather. Drawn into a mysterious labyrinth, she meets a faun who reveals that she may be a lost princess from an underground kingdom. To return to her true father, she must complete a series of surreal and perilous tasks that blur the line between reality and fantasy."
51876,Limitless,en,2011-03-17,106,27000000.0,161900000.0,11.5822,7.203,11599,Released,The life of an unsuccessful writer is transformed by a top-secret 'smart drug' that allows him to use 100% of his brain and become a perfect version of himself. His enhanced abilities soon attract shadowy forces that threaten his new life.
510,One Flew Over the Cuckoo's Nest,en,1975-11-19,135,3000000.0,108981275.0,18.6389,8.407,11597,Released,"A petty criminal fakes insanity to serve his sentence in a mental ward rather than prison. He soon finds himself as a leader to the other patients—and an enemy to the cruel, domineering nurse who runs the ward."
508442,Soul,en,2020-12-25,101,150000000.0,121977511.0,19.1074,8.089,11580,Released,"Joe Gardner is a middle school teacher with a love for jazz music. After a successful audition at the Half Note Club, he suddenly gets into an accident that separates his soul from his body and is transported to the You Seminar, a center in which souls develop and gain passions before being transported to a newborn child. Joe must enlist help from the other souls-in-training, like 22, a soul who has spent eons in the You Seminar, in order to get back to Earth."
629,The Usual Suspects,en,1995-07-19,106,6000000.0,23300000.0,18.1458,8.166,11569,Released,"Held in an L.A. interrogation room, Verbal Kint attempts to convince the feds that a mythic crime lord, Keyser Soze, not only exists, but was also responsible for drawing him and his four partners into a multi-million dollar heist that ended with an explosion in San Pedro harbor – leaving few survivors. Verbal lures his interrogators with an incredible story of the crime lord's almost supernatural prowess."
338952,Fantastic Beasts: The Crimes of Grindelwald,en,2018-11-14,134,200000000.0,654900000.0,13.0832,6.833,11567,Released,"Gellert Grindelwald has escaped imprisonment and has begun gathering followers to his cause—elevating wizards above all non-magical beings. The only one capable of putting a stop to him is the wizard he once called his closest friend, Albus Dumbledore. However, Dumbledore will need to seek help from the wizard who had thwarted Grindelwald once before, his former student Newt Scamander, who agrees to help, unaware of the dangers that lie ahead. Lines are drawn as love and loyalty are tested, even among the truest friends and family, in an increasingly divided wizarding world."
12405,Slumdog Millionaire,en,2008-11-12,121,15000000.0,378400000.0,13.1838,7.731,11457,Released,"A teenager reflects on his life after being accused of cheating on the Indian version of ""Who Wants to be a Millionaire?""."
62211,Monsters University,en,2013-06-19,104,200000000.0,743559465.0,14.5363,7.055,11446,Released,A look at the relationship between Mike and Sulley during their days at Monsters University — when they weren't necessarily the best of friends.
854,The Mask,en,1994-07-29,101,23000000.0,351583407.0,20.2286,6.995,11436,Released,"Timid bank clerk Stanley Ipkiss discovers a magical mask infused with the spirit of the Norse god Loki. Donning it transforms him into an unrestrained, green-faced, cartoon-like wild man. While the mask grants him the confidence to woo a local singer, it also makes him the target of a ruthless mobster."
8844,Jumanji,en,1995-12-15,104,65000000.0,262821940.0,5.2543,7.249,11431,Released,"When siblings Judy and Peter discover an enchanted board game that opens the door to a magical world, they unwittingly invite Alan -- an adult who's been trapped inside the game for 26 years -- into their living room. Alan's only hope for freedom is to finish the game, which proves risky as all three find themselves running from giant rhinoceroses, evil monkeys and other terrifying creatures."
497698,Black Widow,en,2021-07-07,134,200000000.0,379751131.0,30.1503,7.16,11406,Released,"Natasha Romanoff, also known as Black Widow, confronts the darker parts of her ledger when a dangerous conspiracy with ties to her past arises. Pursued by a force that will stop at nothing to bring her down, Natasha must deal with her history as a spy and the broken relationships left in her wake long before she became an Avenger."
45243,The Hangover Part II,en,2011-05-25,102,80000000.0,586764305.0,13.037,6.512,11403,Released,"The Hangover crew heads to Thailand for Stu's wedding. After the disaster of a bachelor party in Las Vegas last year, Stu is playing it safe with a mellow pre-wedding brunch. However, nothing goes as planned and Bangkok is the perfect setting for another adventure with the rowdy group."
168259,Furious 7,en,2015-04-01,138,190000000.0,1515400000.0,20.3994,7.216,11395,Released,Deckard Shaw seeks revenge against Dominic Toretto and his family for his comatose brother.
2080,X-Men Origins: Wolverine,en,2009-04-28,107,150000000.0,373062864.0,2.3595,6.296,11379,Released,"After seeking to live a normal life after 200 years, Logan sets out to avenge a death by undergoing the mutant Weapon X program and becoming Wolverine."
206647,Spectre,en,2015-10-26,148,245000000.0,880707597.0,12.3398,6.571,11362,Released,"A cryptic message from Bond’s past sends him on a trail to uncover a sinister organization. While M battles political forces to keep the secret service alive, Bond peels back the layers of deceit to reveal the terrible truth behind SPECTRE."
787,Mr. & Mrs. Smith,en,2005-06-07,120,110000000.0,487287646.0,20.4333,6.693,11354,Released,"A husband and wife struggle to keep their marriage alive until they realize they are both secretly working as assassins. Now, their respective assignments require them to kill each other."
84892,The Perks of Being a Wallflower,en,2012-09-20,103,13000000.0,33384127.0,13.9731,7.804,11339,Released,"Pittsburgh, Pennsylvania, 1991. High school freshman Charlie is a wallflower, always watching life from the sidelines, until two senior students, Sam and her stepbrother Patrick, become his mentors, helping him discover the joys of friendship, music and love."
346698,Barbie,en,2023-07-19,114,145000000.0,1447138421.0,25.2369,6.915,11329,Released,"Barbie and Ken are having the time of their lives in the colorful and seemingly perfect world of Barbie Land. However, when they get a chance to go to the real world, they soon discover the joys and perils of living among humans."
577922,Tenet,en,2020-08-22,150,205000000.0,365304105.0,21.4136,7.174,11312,Released,"Armed with only one word - Tenet - and fighting for the survival of the entire world, the Protagonist journeys through a twilight world of international espionage on a mission that will unfold in something beyond real time."
652,Troy,en,2004-05-13,163,175000000.0,497409852.0,62.816,7.183,11304,Released,"In year 1250 B.C. during the late Bronze age, two emerging nations begin to clash. Paris, the Trojan prince, convinces Helen, Queen of Sparta, to leave her husband Menelaus, and sail with him back to Troy. After Menelaus finds out that his wife was taken by the Trojans, he asks his brother Agamemnon to help him get her back. Agamemnon sees this as an opportunity for power. They set off with 1,000 ships holding 50,000 Greeks to Troy."
580489,Venom: Let There Be Carnage,en,2021-09-30,97,110000000.0,506863592.0,17.3213,6.738,11287,Released,"After finding a host body in investigative reporter Eddie Brock, the alien symbiote must face a new enemy, Carnage, the alter ego of serial killer Cletus Kasady."
197,Braveheart,en,1995-05-24,178,72000000.0,213216216.0,18.5201,7.946,11276,Released,"Enraged at the slaughter of Murron, his new bride and childhood love, Scottish warrior William Wallace slays a platoon of the local English lord's soldiers. This leads the village to revolt and, eventually, the entire country to rise up against English rule."
82992,Fast & Furious 6,en,2013-05-21,130,160000000.0,788700000.0,1.424,6.816,11275,Released,"Hobbs has Dominic and Brian reassemble their crew to take down a team of mercenaries; Dominic unexpectedly gets sidetracked with facing his presumed deceased girlfriend, Letty."
361743,Top Gun: Maverick,en,2022-05-21,131,170000000.0,1488732821.0,39.934,8.158,11272,Released,"After more than thirty years of service as one of the Navy’s top aviators, and dodging the advancement in rank that would ground him, Pete “Maverick” Mitchell finds himself training a detachment of TOP GUN graduates for a specialized mission the likes of which no living pilot has ever seen."
4935,Howl's Moving Castle,ja,2004-09-09,119,24000000.0,236049757.0,24.7974,8.4,11257,Released,"Sophie, a young milliner, is turned into an elderly woman by a witch who enters her shop and curses her. She encounters a wizard named Howl and gets caught up in his resistance to fighting for the king."
293167,Kong: Skull Island,en,2017-03-08,118,185000000.0,566652812.0,16.9264,6.556,11248,Released,"Explore the mysterious and dangerous home of the king of the apes as a team of explorers ventures deep inside the treacherous, primordial island."
343668,Kingsman: The Golden Circle,en,2017-09-20,141,104000000.0,410902662.0,12.5383,6.945,11247,Released,"When an attack on the Kingsman headquarters takes place and a new villain rises, Eggsy and Merlin are forced to work together with the American agency known as the Statesman to save the world."
453,A Beautiful Mind,en,2001-12-14,135,58000000.0,316791257.0,15.4609,7.854,11223,Released,"From the heights of notoriety to the depths of depravity, John Forbes Nash Jr. experiences it all. As a brilliant but socially awkward mathematician, he made a groundbreaking discovery early in his career and stands on the brink of international acclaim. But as the handsome and arrogant Nash accepts secret work in cryptography, he becomes entangled in a mysterious conspiracy. His life takes a nightmarish turn and he soon finds himself on a painful and harrowing journey of self-discovery."
89,Indiana Jones and the Last Crusade,en,1989-05-24,127,48000000.0,474171806.0,15.3115,7.855,11205,Released,"In 1938, an art collector appeals to eminent archaeologist Dr. Indiana Jones to embark on a search for the Holy Grail. Indy learns that a medieval historian has vanished while searching for it, and the missing man is his own father, Dr. Henry Jones Sr.. He sets out to rescue his father by following clues in the old man's notebook, which his father had mailed to him before he went missing. Indy arrives in Venice, where he enlists the help of a beautiful academic, Dr. Elsa Schneider, along with Marcus Brody and Sallah. Together they must stop the Nazis from recovering the power of eternal life and taking over the world!"
211672,Minions,en,2015-06-17,91,74000000.0,1159457503.0,13.3904,6.422,11204,Released,"Minions Stuart, Kevin and Bob are recruited by Scarlet Overkill, a super-villain who, alongside her inventor husband Herb, hatches a plot to take over the world."
266856,The Theory of Everything,en,2014-11-07,123,15000000.0,123726688.0,7.3158,7.828,11195,Released,"Once a healthy, active young man, Hawking received an earth-shattering diagnosis at 21 years of age. With Jane fighting tirelessly by his side, Stephen embarks on his most ambitious scientific work, studying the very thing he now has precious little of – time."
19913,(500) Days of Summer,en,2009-07-17,95,7500000.0,60781545.0,12.4817,7.305,11162,Released,"Tom, greeting-card writer and hopeless romantic, is caught completely off-guard when his girlfriend, Summer, suddenly dumps him. He reflects on their 500 days together to try to figure out where their love affair went sour, and in doing so, Tom rediscovers his true passions in life."
64688,21 Jump Street,en,2012-03-14,109,42000000.0,201585328.0,12.7134,6.885,11158,Released,"When cops Schmidt and Jenko join the secret Jump Street unit, they use their youthful appearances to go undercover as high school students. They trade in their guns and badges for backpacks, and set out to shut down a dangerous drug ring. But, as time goes on, Schmidt and Jenko discover that high school is nothing like it was just a few years earlier -- and, what's more, they must again confront the teenage terror and anxiety they thought they had left behind."
294254,Maze Runner: The Scorch Trials,en,2015-09-09,131,61000000.0,312296056.0,13.8744,6.731,11150,Released,"Thomas and his fellow Gladers face their greatest challenge yet: searching for clues about the mysterious and powerful organization known as WCKD. Their journey takes them to the Scorch, a desolate landscape filled with unimaginable obstacles. Teaming up with resistance fighters, the Gladers take on WCKD’s vastly superior forces and uncover its shocking plans for them all."
641,Requiem for a Dream,en,2000-10-06,102,4500000.0,7390108.0,6.8395,8.009,11139,Released,The drug-induced utopias of four Coney Island residents are shattered when their addictions run deep.
539,Psycho,en,1960-06-22,109,806947.0,50000000.0,21.6854,8.41,11119,Released,"When larcenous real estate clerk Marion Crane goes on the lam with a wad of cash and hopes of starting a new life, she ends up at the notorious Bates Motel, where manager Norman Bates cares for his housebound mother."
41154,Men in Black 3,en,2012-05-23,106,225000000.0,654213485.0,11.2719,6.547,11092,Released,"Agents J and K are back...in time. J has seen some inexplicable things in his 15 years with the Men in Black, but nothing, not even aliens, perplexes him as much as his wry, reticent partner. But when K's life and the fate of the planet are put at stake, Agent J will have to travel back in time to put things right. J discovers that there are secrets to the universe that K never told him - secrets that will reveal themselves as he teams up with the young Agent K to save his partner, the agency, and the future of humankind."
1593,Night at the Museum,en,2006-12-20,108,110000000.0,574480841.0,15.4407,6.6,11073,Released,"Chaos reigns at the natural history museum when night watchman Larry Daley accidentally stirs up an ancient curse, awakening Attila the Hun, an army of gladiators, a Tyrannosaurus rex and other exhibits."
59967,Looper,en,2012-09-26,118,30000000.0,47042000.0,12.4494,6.911,11047,Released,"In the year 2044, time travel has not yet been invented but in 30 years it will have been. When the mob wants to get rid of someone, they will send their target into the past where a looper, a hired gun, like Joe is waiting to mop up. Joe is getting rich and life is good until the day the mob decides to close the loop, sending back Joe's future self for assassination."
58574,Sherlock Holmes: A Game of Shadows,en,2011-11-22,129,125000000.0,334615000.0,9.8661,7.146,11047,Released,"There is a new criminal mastermind at large (Professor Moriarty) and not only is he Holmes’ intellectual equal, but his capacity for evil and lack of conscience may give him an advantage over the detective."
359940,"Three Billboards Outside Ebbing, Missouri",en,2017-12-01,115,15000000.0,162729321.0,10.1825,8.052,11044,Released,"After seven months have passed without a culprit in her daughter's murder case, Mildred Hayes makes a bold move, painting three signs leading into her town with a controversial message directed at Bill Willoughby, the town's revered chief of police. When his second-in-command Officer Jason Dixon, an immature mother's boy with a penchant for violence, gets involved, the battle between Mildred and Ebbing's law enforcement is only exacerbated."
36658,X2,en,2003-04-27,133,110000000.0,407711549.0,0.8734,7.043,11013,Released,"Professor Charles Xavier and his team of genetically gifted superheroes face a rising tide of anti-mutant sentiment led by Col. William Stryker. Storm, Wolverine and Jean Grey must join Magneto and Mystique to unhinge Stryker's scheme to exterminate all mutants."
679,Aliens,en,1986-07-18,137,18500000.0,183316455.0,23.6083,7.967,11013,Released,"Ripley, the sole survivor of the Nostromo's deadly encounter with the monstrous Alien, returns to Earth after drifting through space in hypersleep for 57 years. Although her story is initially met with skepticism, she agrees to accompany a team of Colonial Marines back to LV-426."
791373,Zack Snyder's Justice League,en,2021-03-18,242,70000000.0,0.0,19.7621,8.083,10986,Released,"Determined to ensure Superman's ultimate sacrifice was not in vain, Bruce Wayne aligns forces with Diana Prince with plans to recruit a team of metahumans to protect the world from an approaching threat of catastrophic proportions."
181812,Star Wars: The Rise of Skywalker,en,2019-12-18,142,489900000.0,1074144248.0,24.2469,6.261,10985,Released,"The surviving Resistance faces the First Order once again as the journey of Rey, Finn and Poe Dameron continues. With the power and knowledge of generations behind them, the final battle begins."
9799,The Fast and the Furious,en,2001-06-22,106,38000000.0,207283925.0,1.5573,7.012,10971,Released,"Dominic Toretto is a Los Angeles street racer suspected of masterminding a series of big-rig hijackings. When undercover cop Brian O'Conner infiltrates Toretto's iconoclastic crew, he falls for Toretto's sister and must choose a side: the gang or the LAPD."
605,The Matrix Revolutions,en,2003-11-05,129,150000000.0,424988211.0,16.6479,6.756,10970,Released,The human city of Zion defends itself against the massive invasion of the machines as Neo fights to end the war at another front while also opposing the rogue Agent Smith.
502356,The Super Mario Bros. Movie,en,2023-04-05,93,100000000.0,1360879735.0,34.7376,7.6,10965,Released,"While working underground to fix a water main, Brooklyn plumbers—and brothers—Mario and Luigi are transported down a mysterious pipe and wander into a magical new world. But when the brothers are separated, Mario embarks on an epic quest to find Luigi."
495764,Birds of Prey (and the Fantabulous Emancipation of One Harley Quinn),en,2020-02-05,109,75000000.0,205537933.0,11.9801,6.868,10903,Released,"Harley Quinn joins forces with a singer, an assassin and a police detective to help a young girl who had a hit placed on her after she stole a rare diamond from a crime lord."
337339,The Fate of the Furious,en,2017-04-12,136,250000000.0,1236000000.0,10.9501,6.851,10900,Released,"When a mysterious woman seduces Dom into the world of crime and a betrayal of those closest to him, the crew face trials that will test them as never before."
56292,Mission: Impossible - Ghost Protocol,en,2011-12-07,133,145000000.0,694713380.0,14.9019,7.115,10886,Released,"Ethan Hunt and his team are racing against time to track down a dangerous terrorist named Hendricks, who has gained access to Russian nuclear launch codes and is planning a strike on the United States. An attempt to stop him ends in an explosion causing severe destruction to the Kremlin and the IMF to be implicated in the bombing, forcing the President to disavow them. No longer being aided by the government, Ethan and his team chase Hendricks around the globe, although they might still be too late to stop a disaster."
420818,The Lion King,en,2019-07-12,118,260000000.0,1662020819.0,17.7254,7.095,10827,Released,"Simba idolizes his father, King Mufasa, and takes to heart his own royal destiny. But not everyone in the kingdom celebrates the new cub's arrival. Scar, Mufasa's brother—and former heir to the throne—has plans of his own. The battle for Pride Rock is ravaged with betrayal, tragedy and drama, ultimately resulting in Simba's exile. With help from a curious pair of newfound friends, Simba will have to figure out how to grow up and take back what is rightfully his."
301528,Toy Story 4,en,2019-06-19,100,175000000.0,1073841394.0,31.8972,7.464,10811,Released,"Woody has always been confident about his place in the world, devoted to taking care of his kid—whether that's Andy or Bonnie. But after Bonnie creates a reluctant new toy called ""Forky"", a road trip adventure alongside old and new friends challenges everything Woody believes about loyalty, purpose, and what it truly means to be a toy."
10020,Beauty and the Beast,en,1991-10-22,84,25000000.0,424967620.0,18.935,7.726,10786,Released,"Follow the adventures of Belle, a bright young woman who finds herself in the castle of a prince who's been turned into a mysterious beast. With the help of the castle's enchanted staff, Belle soon learns the most important lesson of all -- that true beauty comes from within."
608,Men in Black II,en,2002-07-03,88,140000000.0,445135288.0,11.9145,6.39,10770,Released,"Kay and Jay reunite to provide our best, last and only line of defense against a sinister seductress who levels the toughest challenge yet to the MIB's untarnished mission statement – protecting Earth from the scum of the universe. It's been four years since the alien-seeking agents averted an intergalactic disaster of epic proportions. Now it's a race against the clock as Jay must convince Kay – who not only has absolutely no memory of his time spent with the MIB, but is also the only living person left with the expertise to save the galaxy – to reunite with the MIB before the earth submits to ultimate destruction."
772,Home Alone 2: Lost in New York,en,1992-11-15,120,18000000.0,358994850.0,21.5235,6.791,10757,Released,"Instead of flying to Florida with his folks, Kevin ends up alone in New York, where he gets a hotel room with his dad's credit card—despite problems from a clerk and meddling bellboy. But when Kevin runs into his old nemeses, the Wet Bandits, he's determined to foil their plans to rob a toy store on Christmas Eve."
1402,The Pursuit of Happyness,en,2006-12-14,117,55000000.0,307077295.0,20.5465,7.886,10734,Released,A struggling salesman takes custody of his son as he's poised to begin a life-changing professional career.
399566,Godzilla vs. Kong,en,2021-03-24,114,200000000.0,470116094.0,15.6225,7.529,10733,Released,"In a time when monsters walk the Earth, humanity’s fight for its future sets Godzilla and Kong on a collision course that will see the two most powerful forces of nature on the planet collide in a spectacular battle for the ages."
420817,Aladdin,en,2019-05-22,127,183000000.0,1054304000.0,15.0538,7.081,10717,Released,A kindhearted street urchin named Aladdin embarks on a magical adventure after finding a lamp that releases a wisecracking genie while a power-hungry Grand Vizier vies for the same lamp that has the power to make their deepest wishes come true.
405774,Bird Box,en,2018-12-13,124,19800000.0,0.0,12.4047,6.825,10704,Released,"Five years after an ominous unseen presence drives most of society to suicide, a survivor and her two children make a desperate bid to reach safety."
392044,Murder on the Orient Express,en,2017-11-03,114,55000000.0,352800000.0,12.804,6.707,10636,Released,Genius Belgian detective Hercule Poirot investigates the murder of an American tycoon aboard the Orient Express train.
13475,Star Trek,en,2009-05-06,127,150000000.0,386839614.0,21.9278,7.437,10610,Released,"The fate of the galaxy rests in the hands of bitter rivals. One, James Kirk, is a delinquent, thrill-seeking Iowa farm boy. The other, Spock, a Vulcan, was raised in a logic-based society that rejects all emotion. As fiery instinct clashes with calm reason, their unlikely but powerful partnership is the only thing capable of leading their crew through unimaginable danger, boldly going where no one has gone before. The human adventure has begun again."
602,Independence Day,en,1996-07-02,145,75000000.0,817400891.0,15.1904,6.918,10593,Released,"Strange phenomena surface around the globe. The skies ignite. Terror races through the world's major cities. As these extraordinary events unfold, it becomes increasingly clear that a force of incredible magnitude has arrived. Its mission: total annihilation over the Fourth of July weekend. The last hope to stop the destruction is an unlikely group of people united by fate and unimaginable circumstances."
82702,How to Train Your Dragon 2,en,2014-06-05,102,145000000.0,621537519.0,18.779,7.685,10572,Released,"Five years after uniting the dragons and Vikings of Berk, Hiccup and Toothless soar beyond their homeland, charting the vast unknown. During one of their adventures, the pair discover a secret cave that houses hundreds of wild dragons -- and a mysterious dragon rider with a startling connection to Hiccup. And as the ruthless dragon conqueror Drago Bludvist rises to seize control of both dragons and people alike, Hiccup must step into his role as a true leader and, alongside his friends and Toothless, protect Berk from a devastating war."
10674,Mulan,en,1998-06-18,88,90000000.0,304320254.0,19.1897,7.903,10565,Released,"When Imperial China calls one man from every family to defend the empire from invading Huns, a young woman disguises herself as a soldier to take her ailing father’s place. Facing ruthless invaders, brutal training, and the risk of execution if discovered, she must decide who she truly is— and what she’s willing to fight for."
453395,Doctor Strange in the Multiverse of Madness,en,2022-05-04,126,295400000.0,955775804.0,40.1634,7.232,10561,Released,"Doctor Strange, with the help of mystical allies both old and new, traverses the mind-bending and dangerous alternate realities of the Multiverse to confront a mysterious new adversary."
283366,Miss Peregrine's Home for Peculiar Children,en,2016-09-28,127,110000000.0,296482446.0,11.5255,6.8,10556,Released,A teenager finds himself transported to an island where he must help protect a group of orphans with special powers from creatures intent on destroying them.
566525,Shang-Chi and the Legend of the Ten Rings,en,2021-09-01,132,150000000.0,432243292.0,25.124,7.491,10553,Released,Shang-Chi must confront the past he thought he left behind when he is drawn into the web of the mysterious Ten Rings organization.
515001,Jojo Rabbit,en,2019-10-18,108,14000000.0,82468705.0,12.6733,7.979,10553,Released,"Jojo, a lonely German boy during World War II has his world shaken when he learns that his single mother is hiding a Jewish girl in their home. Influenced by a buffoonish imaginary version of Adolf Hitler, he begins to question his beliefs and confront the conflict between propaganda and his own humanity."
381284,Hidden Figures,en,2016-12-10,127,25000000.0,235957472.0,19.2055,8.046,10551,Released,"The untold story of Katherine G. Johnson, Dorothy Vaughan and Mary Jackson – brilliant African-American women working at NASA and serving as the brains behind one of the greatest operations in history – the launch of astronaut John Glenn into orbit. The visionary trio crossed all gender and race lines to inspire generations to dream big."
110415,Snowpiercer,ko,2013-08-01,127,39200000.0,86758912.0,12.4631,6.906,10540,Released,"In a future where a failed global-warming experiment kills off most life on the planet, a class system evolves aboard the Snowpiercer; a train that travels around the globe via a perpetual-motion engine."
262500,Insurgent,en,2015-03-18,119,110000000.0,297002527.0,13.2117,6.359,10519,Released,Beatrice Prior must confront her inner demons and continue her fight against a powerful alliance which threatens to tear her society apart.
627,Trainspotting,en,1996-02-23,94,4000000.0,71981823.0,13.5033,7.958,10515,Released,"Heroin addict Mark Renton stumbles through bad ideas and sobriety attempts with his unreliable friends --Sick Boy, Begbie, Spud and Tommy. He also has an underage girlfriend, Diane, along for the ride. After cleaning up and moving from Edinburgh to London, Mark finds he can't escape the life he left behind as Begbie and Sick Boy come knocking."
36668,X-Men: The Last Stand,en,2006-05-24,104,210000000.0,459359555.0,1.1649,6.426,10511,Released,"When a cure is found to treat mutations, lines are drawn amongst the X-Men led by Professor Charles Xavier, and Magneto's Brotherhood of Mutants."
17654,District 9,en,2009-08-05,112,30000000.0,210888950.0,14.673,7.475,10491,Released,"Thirty years ago, aliens arrive on Earth. Not to conquer or give aid, but to find refuge from their dying planet. Separated from humans in a South African area called District 9, the aliens are managed by Multi-National United, which is unconcerned with the aliens' welfare but will do anything to master their advanced technology. When a company field agent contracts a mysterious virus that begins to alter his DNA, there is only one place he can hide: District 9."
454626,Sonic the Hedgehog,en,2020-02-12,99,85000000.0,319715683.0,17.3301,7.278,10485,Released,"Powered with incredible speed, Sonic The Hedgehog embraces his new home on Earth. That is, until Sonic sparks the attention of super-uncool evil genius Dr. Robotnik. Now it’s super-villain vs. super-sonic in an all-out race across the globe to stop Robotnik from using Sonic’s unique power for world domination."
70,Million Dollar Baby,en,2004-12-05,132,30000000.0,216763646.0,11.272,7.954,10469,Released,"Despondent over a painful estrangement from his daughter, trainer Frankie Dunn isn't prepared for boxer Maggie Fitzgerald to enter his life. But Maggie's determined to go pro and to convince Dunn and his cohort to help her."
9479,The Nightmare Before Christmas,en,1993-10-09,76,18000000.0,75634409.0,16.1092,7.833,10456,Released,"Tired of scaring humans every October 31 with the same old bag of tricks, Jack Skellington, the spindly king of Halloween Town, kidnaps Santa Claus and plans to deliver shrunken heads and other ghoulish gifts to children on Christmas morning. But as Christmas approaches, Jack's rag-doll girlfriend, Sally, tries to foil his misguided plans."
950,Ice Age: The Meltdown,en,2006-03-29,91,80000000.0,660998756.0,16.4032,6.724,10450,Released,"Diego, Manny and Sid return in this sequel to the hit animated movie Ice Age. This time around, the deep freeze is over, and the ice-covered earth is starting to melt, which will destroy the trio's cherished valley. The impending disaster prompts them to reunite and warn all the other beasts about the desperate situation."
76170,The Wolverine,en,2013-07-21,126,120000000.0,415440673.0,4.5631,6.437,10412,Released,"Wolverine faces his ultimate nemesis - and tests of his physical, emotional, and mortal limits - in a life-changing voyage to modern-day Japan."
330457,Frozen II,en,2019-11-20,103,150000000.0,1453683476.0,27.16,7.228,10378,Released,"Elsa, Anna, Kristoff and Olaf head far into the forest to learn the truth about an ancient mystery of their kingdom."
8960,Hancock,en,2008-07-01,92,150000000.0,629400000.0,8.9814,6.357,10363,Released,"Hancock is a down-and-out superhero who's forced to employ a PR expert to help repair his image when the public grows weary of all the damage he's inflicted during his lifesaving heroics. The agent's idea of imprisoning the antihero to make the world miss him proves successful, but will Hancock stick to his new sense of purpose or slip back into old habits?"
287947,Shazam!,en,2019-03-29,132,80000000.0,367799011.0,13.6324,6.974,10326,Released,A boy is given the ability to become an adult superhero in times of need with a single magic word.
3933,Corpse Bride,en,2005-09-12,77,40000000.0,118133252.0,22.1562,7.592,10312,Released,"In a 19th-century European village, a young man about to be married is whisked away to the underworld and wed to a mysterious corpse bride, while his real bride waits bereft in the land of the living."
568124,Encanto,en,2021-10-13,102,150000000.0,261292688.0,18.5589,7.566,10304,Released,"The tale of an extraordinary family, the Madrigals, who live hidden in the mountains of Colombia, in a magical house, in a vibrant town, in a wondrous, charmed place called an Encanto. The magic of the Encanto has blessed every child in the family—every child except one, Mirabel. But when she discovers that the magic surrounding the Encanto is in danger, Mirabel decides that she, the only ordinary Madrigal, might just be her exceptional family's last hope."
423,The Pianist,en,2002-09-17,150,35000000.0,120098945.0,22.9485,8.37,10288,Released,"The true story of pianist Władysław Szpilman's experiences in Warsaw during the Nazi occupation. When the Jews of the city find themselves forced into a ghetto, Szpilman finds work playing in a café; and when his family is deported in 1942, he stays behind, works for a while as a laborer, and eventually goes into hiding in the ruins of the war-torn city."
5915,Into the Wild,en,2007-09-21,148,15000000.0,56255142.0,11.2315,7.793,10238,Released,"After graduating from Emory University in 1992, top student and athlete Christopher McCandless abandons his possessions, gives his entire $24,000 savings account to charity, and hitchhikes to Alaska to live in the wilderness."
2501,The Bourne Identity,en,2002-06-14,119,60000000.0,214034224.0,16.4559,7.484,10235,Released,"Wounded to the brink of death and suffering from amnesia, Jason Bourne is rescued at sea by a fisherman. With nothing to go on but a Swiss bank account number, he starts to reconstruct his life, but finds that many people he encounters want him dead. However, Bourne realizes that he has the combat and mental skills of a world-class spy—but who does he work for?"
87,Indiana Jones and the Temple of Doom,en,1984-05-23,118,28000000.0,333000000.0,14.9596,7.311,10233,Released,"After arriving in India, Indiana Jones is asked by a desperate village to find a mystical stone. He agrees – and stumbles upon a secret cult plotting a terrible plan in the catacombs of an ancient palace."
564,The Mummy,en,1999-04-16,124,80000000.0,415885488.0,30.8104,6.989,10219,Released,Dashing legionnaire Rick O'Connell stumbles upon the hidden ruins of Hamunaptra while in the midst of a battle to claim the area in 1920s Egypt. It has been over three thousand years since former High Priest Imhotep suffered a fate worse than death as a punishment for a forbidden love—along with a curse that guarantees eternal doom upon the world if he is ever awoken.
399579,Alita: Battle Angel,en,2019-01-31,122,170000000.0,405000000.0,14.9488,7.269,10216,Released,"When Alita awakens with no memory of who she is in a future world she does not recognize, she is taken in by Ido, a compassionate doctor who realizes that somewhere in this abandoned cyborg shell is the heart and soul of a young woman with an extraordinary past."
176,Saw,en,2004-10-01,103,1200000.0,104045735.0,16.2048,7.425,10201,Released,"Two men wake up to find themselves shackled in a grimy, abandoned bathroom. As they struggle to comprehend their predicament, they discover a disturbing tape left behind by the sadistic mastermind known as Jigsaw. With a chilling voice and cryptic instructions, Jigsaw informs them that they must partake in a gruesome game in order to secure their freedom."
389,12 Angry Men,en,1957-04-10,97,397751.0,4360000.0,30.7453,8.566,10192,Released,"The defense and the prosecution have rested and the jury is filing into the jury room to decide if a young Spanish-American is guilty or innocent of murdering his father. What begins as an open and shut case soon becomes a mini-drama of each of the jurors' prejudices and preconceptions about the trial, the accused, and each other."
337404,Cruella,en,2021-05-26,134,200000000.0,233503234.0,19.1871,7.971,10186,Released,"In 1970s London amidst the punk rock revolution, a young grifter named Estella is determined to make a name for herself with her designs. She befriends a pair of young thieves who appreciate her appetite for mischief, and together they are able to build a life for themselves on the London streets. One day, Estella’s flair for fashion catches the eye of the Baroness von Hellman, a fashion legend who is devastatingly chic and terrifyingly haute. But their relationship sets in motion a course of events and revelations that will cause Estella to embrace her wicked side and become the raucous, fashionable and revenge-bent Cruella."
591,The Da Vinci Code,en,2006-05-17,149,125000000.0,760006945.0,14.3721,6.733,10184,Released,"A murder in Paris’ Louvre Museum and cryptic clues in some of Leonardo da Vinci’s most famous paintings lead to the discovery of a religious mystery. For 2,000 years a secret society closely guards information that — should it come to light — could rock the very foundations of Christianity."
316029,The Greatest Showman,en,2017-12-20,105,84000000.0,459066134.0,13.9271,7.856,10145,Released,"The story of American showman P.T. Barnum, founder of the circus that became the famous traveling Ringling Bros. and Barnum & Bailey Circus."
13183,Watchmen,en,2009-03-04,163,130000000.0,185258983.0,12.774,7.4,10132,Released,"In a gritty and alternate 1985, the glory days of costumed vigilantes have been brought to a close by a government crackdown. But after one of the masked veterans is brutally murdered, an investigation into the killer is initiated. The reunited heroes set out to prevent their own destruction, but in doing so they uncover a sinister plot that puts all of humanity in grave danger."
107,Snatch,en,2000-09-01,103,100000000.0,83557872.0,14.7097,7.827,10118,Released,"Unscrupulous boxing promoters, violent bookies, a Russian gangster, incompetent amateur robbers, and supposedly Jewish jewellers fight to track down a priceless stolen diamond."
954,Mission: Impossible,en,1996-05-22,111,80000000.0,457696391.0,14.7118,7.026,10113,Released,"When Ethan Hunt, the leader of a crack espionage team whose perilous operation has gone awry with no explanation, discovers that a mole has penetrated the CIA, he's surprised to learn that he's the prime suspect. To clear his name, Hunt now must ferret out the real double agent and, in the process, even the score."
9738,Fantastic Four,en,2005-06-29,106,100000000.0,333535934.0,16.5117,5.809,10099,Released,"During a space voyage, four scientists are altered by cosmic rays: Reed Richards gains the ability to stretch his body; Sue Storm can become invisible; Johnny Storm controls fire; and Ben Grimm is turned into a super-strong … thing. Together, these ""Fantastic Four"" must now thwart the evil plans of Dr. Doom and save the world from certain destruction."
156022,The Equalizer,en,2014-09-24,132,55000000.0,192330738.0,21.3976,7.292,10073,Released,"McCall believes he has put his mysterious past behind him and dedicated himself to beginning a new, quiet life. But when he meets Teri, a young girl under the control of ultra-violent Russian gangsters, he can’t stand idly by – he has to help her. Armed with hidden skills that allow him to serve vengeance against anyone who would brutalize the helpless, McCall comes out of his self-imposed retirement and finds his desire for justice reawakened. If someone has a problem, if the odds are stacked against them, if they have nowhere else to turn, McCall will help. He is The Equalizer."
670,Oldboy,ko,2003-11-21,120,3000000.0,17500000.0,21.1421,8.234,10026,Released,"With no clue how he came to be imprisoned, drugged and tortured for 15 years, a desperate man seeks revenge on his captors."
9741,Unbreakable,en,2000-11-22,106,75000000.0,248118121.0,10.2898,7.145,10025,Released,"An ordinary man makes an extraordinary discovery when a train accident leaves his fellow passengers dead — and him unscathed. The answer to this mystery could lie with the mysterious Elijah Price, a man who suffers from a disease that renders his bones as fragile as glass."
550988,Free Guy,en,2021-08-11,115,110000000.0,331526598.0,26.7528,7.444,9992,Released,"A bank teller discovers he is actually a background player in an open-world video game, and decides to become the hero of his own story. Now, in a world where there are no limits, he is determined to be the guy who saves his world his way before it's too late."
318846,The Big Short,en,2015-12-11,131,28000000.0,133346506.0,15.8863,7.369,9949,Released,The men who made millions from a global economic meltdown.
124905,Godzilla,en,2014-05-14,123,160000000.0,524978362.0,13.6178,6.364,9908,Released,"Ford Brody, a Navy bomb expert, has just reunited with his family in San Francisco when he is forced to go to Japan to help his estranged father, Joe. Soon, both men are swept up in an escalating crisis when an ancient alpha predator arises from the sea to combat malevolent adversaries that threaten the survival of humanity. The creatures leave colossal destruction in their wake, as they make their way toward their final battleground: San Francisco."
810,Shrek the Third,en,2007-05-17,93,160000000.0,808310187.0,18.7767,6.313,9896,Released,"After the King of Far Far Away dies, Shrek and Fiona are to succede. However, Shrek wants to return to his cozy swamp and live in peace and quiet, so when he finds out there is another heir to the throne, he and Donkey set off to bring him back to rule the kingdom."
620,Ghostbusters,en,1984-06-08,105,30000000.0,296640120.0,12.7875,7.498,9856,Released,"After losing their university jobs, three parapsychologists start a ghost-catching business in New York City and uncover a supernatural threat that could destroy the world."
281338,War for the Planet of the Apes,en,2017-07-11,140,150000000.0,490719763.0,16.1144,7.223,9838,Released,"Caesar and his apes are forced into a deadly conflict with an army of humans led by a ruthless Colonel. After the apes suffer unimaginable losses, Caesar wrestles with his darker instincts and begins his own mythic quest to avenge his kind. As the journey finally brings them face to face, Caesar and the Colonel are pitted against each other in an epic battle that will determine the fate of both their species and the future of the planet."
9487,A Bug's Life,en,1998-11-25,95,80000000.0,363258859.0,21.2531,6.982,9827,Released,"On behalf of ""oppressed bugs everywhere,"" an inventive ant named Flik hires a troupe of warrior bugs to defend his bustling colony from a horde of freeloading grasshoppers led by the evil-minded Hopper."
18239,The Twilight Saga: New Moon,en,2009-11-18,131,50000000.0,709827462.0,19.1163,5.988,9825,Released,"Forks, Washington resident Bella Swan is reeling from the departure of her vampire love, Edward Cullen, and finds comfort in her friendship with Jacob Black, a werewolf. But before she knows it, she's thrust into a centuries-old conflict, and her desire to be with Edward at any cost leads her to take greater and greater risks."
177677,Mission: Impossible - Rogue Nation,en,2015-07-28,131,150000000.0,682716636.0,13.5318,7.225,9823,Released,"Ethan and team take on their most impossible mission yet—eradicating 'The Syndicate', an International and highly-skilled rogue organization committed to destroying the IMF."
429,"The Good, the Bad and the Ugly",it,1966-12-23,161,1200000.0,38900000.0,25.7572,8.5,9801,Released,"While the Civil War rages on between the Union and the Confederacy, three men – a quiet loner, a ruthless hitman, and a Mexican bandit – comb the American Southwest in search of a strongbox containing $200,000 in stolen gold."
180,Minority Report,en,2002-06-20,145,102000000.0,358372926.0,15.4608,7.356,9779,Released,"John Anderton is a top 'Precrime' cop in the late-21st century, when technology can predict crimes before they're committed. But Anderton becomes the quarry when another investigator targets him for a murder charge."
54138,Star Trek Into Darkness,en,2013-05-05,132,190000000.0,467381584.0,17.0439,7.323,9774,Released,"When the crew of the Enterprise is called back home, they find an unstoppable force of terror from within their own organization has detonated the fleet and everything it stands for, leaving our world in a state of crisis.  With a personal score to settle, Captain Kirk leads a manhunt to a war-zone world to capture a one man weapon of mass destruction. As our heroes are propelled into an epic chess game of life and death, love will be challenged, friendships will be torn apart, and sacrifices must be made for the only family Kirk has left: his crew."
264644,Room,en,2015-10-16,118,13000000.0,35401758.0,6.9529,7.99,9759,Released,"Held captive for 7 years in an enclosed space, a woman and her young son finally gain their freedom, allowing the boy to experience the outside world for the first time."
474350,It Chapter Two,en,2019-09-04,169,79000000.0,473123154.0,11.2542,6.835,9744,Released,"27 years after overcoming the malevolent supernatural entity Pennywise, the former members of the Losers' Club, who have grown up and moved away from Derry, are brought back together by a devastating phone call."
744,Top Gun,en,1986-05-16,110,15000000.0,356830601.0,29.7779,7.071,9737,Released,"For Lieutenant Pete 'Maverick' Mitchell and his friend and co-pilot Nick 'Goose' Bradshaw, being accepted into an elite training school for fighter pilots is a dream come true. But a tragedy, as well as personal demons, will threaten Pete's dreams of becoming an ace pilot."
436969,The Suicide Squad,en,2021-07-28,132,185000000.0,168717425.0,23.0342,7.5,9732,Released,"Supervillains Harley Quinn, Bloodsport, Peacemaker and a collection of nutty cons at Belle Reve prison join the super-secret, super-shady Task Force X as they are dropped off at the remote, enemy-infused island of Corto Maltese."
273481,Sicario,en,2015-09-17,122,30000000.0,84997446.0,17.105,7.424,9714,Released,An idealistic FBI agent is enlisted by a government task force to aid in the escalating war against drugs at the border area between the U.S. and Mexico.
68724,Elysium,en,2013-08-07,109,115000000.0,286140700.0,9.7952,6.524,9692,Released,"In the year 2159, two classes of people exist: the very wealthy who live on a pristine man-made space station called Elysium, and the rest, who live on an overpopulated, ruined Earth. Secretary Rhodes, a hard line government official, will stop at nothing to enforce anti-immigration laws and preserve the luxurious lifestyle of the citizens of Elysium. That doesn’t stop the people of Earth from trying to get in, by any means they can. When unlucky Max is backed into a corner, he agrees to take on a daunting mission that, if successful, will not only save his life, but could bring equality to these polarized worlds."
10625,Mean Girls,en,2004-04-30,97,17000000.0,130195052.0,20.7334,7.227,9567,Released,"Cady Heron is a hit with The Plastics, the A-list girl clique at her new school, until she makes the mistake of falling for Aaron Samuels, the ex-boyfriend of alpha Plastic Regina George."
664413,365 Days,pl,2020-02-07,114,0.0,9458590.0,10.211,6.992,9564,Released,"A woman falls victim to a dominant mafia boss, who imprisons her and gives her one year to fall in love with him."
138832,We're the Millers,en,2013-08-07,110,37000000.0,270000000.0,12.7089,6.842,9557,Released,A veteran pot dealer creates a fake family as part of his plan to move a huge shipment of weed into the U.S. from Mexico.
126889,Alien: Covenant,en,2017-05-09,122,97000000.0,240891763.0,14.381,6.2,9547,Released,"The crew of the colony ship Covenant, bound for a remote planet on the far side of the galaxy, discovers what they think is an uncharted paradise but is actually a dark, dangerous world."
646380,Don't Look Up,en,2021-12-08,138,75000000.0,791863.0,13.3026,7.059,9505,Released,Two astronomers go on a media tour to warn humankind of a planet-killing comet hurtling toward Earth. The response from a distracted world: Meh.
512200,Jumanji: The Next Level,en,2019-12-04,123,125000000.0,801693929.0,24.5804,6.872,9489,Released,"As the gang return to Jumanji to rescue one of their own, they discover that nothing is as they expect. The players will have to brave parts unknown and unexplored in order to escape the world’s most dangerous game."
747,Shaun of the Dead,en,2004-04-09,99,6000000.0,39396175.0,11.5879,7.544,9489,Released,"Shaun lives a supremely uneventful life, which revolves around his girlfriend, his mother, and, above all, his local pub. This gentle routine is threatened when the dead return to life and make strenuous attempts to snack on ordinary Londoners."
300668,Annihilation,en,2018-02-22,115,40000000.0,43070915.0,11.4658,6.445,9483,Released,"A biologist signs up for a dangerous, secret expedition into a mysterious zone where the laws of nature don't apply."
50620,The Twilight Saga: Breaking Dawn - Part 2,en,2012-11-13,115,120000000.0,829747654.0,14.3909,6.453,9441,Released,"After the birth of Renesmee, the Cullens gather other vampire clans in order to protect the child from a false allegation that puts the family in front of the Volturi."
45269,The King's Speech,en,2010-11-26,118,15000000.0,414211549.0,12.1736,7.733,9406,Released,"The King's Speech tells the story of the man who became King George VI, the father of Queen Elizabeth II. After his brother abdicates, George ('Bertie') reluctantly assumes the throne. Plagued by a dreaded stutter and considered unfit to be king, Bertie engages the help of an unorthodox speech therapist named Lionel Logue. Through a set of unexpected techniques, and as a result of an unlikely friendship, Bertie is able to find his voice and boldly lead the country into war."
50646,"Crazy, Stupid, Love.",en,2011-07-29,118,50000000.0,145079584.0,14.4547,7.277,9393,Released,"Cal Weaver is living the American dream. He has a good job, a beautiful house, great children and a beautiful wife, named Emily. Cal's seemingly perfect life unravels, however, when he learns that Emily has been unfaithful and wants a divorce. Over 40 and suddenly single, Cal is adrift in the fickle world of dating. Enter, Jacob Palmer, a self-styled player who takes Cal under his wing and teaches him how to be a hit with the ladies."
39254,Real Steel,en,2011-09-28,127,110000000.0,299300000.0,32.2059,7.13,9394,Released,"Charlie Kenton is a washed-up fighter who retired from the ring when robots took over the sport. After his robot is trashed, he reluctantly teams up with his estranged son to rebuild and train an unlikely contender."
122906,About Time,en,2013-09-04,123,12000000.0,87100449.0,17.3278,7.904,9385,Released,"The night after another unsatisfactory New Year's party, Tim's father reveals to him that the men in their family have the ability to travel through time. They can't change history, but they can change what happens and has happened in their own lives. Thus begins the start of a lesson in learning to appreciate life itself as it is, as it comes, and most importantly, the people living alongside us."
348350,Solo: A Star Wars Story,en,2018-05-15,135,250000000.0,392952373.0,11.3523,6.557,9384,Released,"Through a series of daring escapades deep within a dark and dangerous criminal underworld, Han Solo meets his mighty future copilot Chewbacca and encounters the notorious gambler Lando Calrissian."
74,War of the Worlds,en,2005-06-28,117,132000000.0,603873119.0,17.9863,6.56,9357,Released,"Ray Ferrier is a divorced dockworker and less-than-perfect father. Soon after his ex-wife and her new husband drop off his teenage son and young daughter for a rare weekend visit, a strange and powerful lightning storm touches down."
330,The Lost World: Jurassic Park,en,1997-05-23,129,73000000.0,618638999.0,0.862,6.569,9356,Released,"Four years after Jurassic Park's genetically bred dinosaurs ran amok, multimillionaire John Hammond shocks chaos theorist Ian Malcolm by revealing that he has been breeding more beasties at a secret location. Malcolm, his paleontologist ladylove and a wildlife videographer join an expedition to document the lethal lizards' natural behavior in this action-packed thriller."
50619,The Twilight Saga: Breaking Dawn - Part 1,en,2011-11-16,117,110000000.0,712171856.0,13.8439,6.186,9347,Released,Bella Swan and Edward Cullen's honeymoon phase is abruptly disrupted by betrayals and unforeseen tragedies that endanger their world.
106,Predator,en,1987-06-12,107,15000000.0,98267558.0,23.5221,7.573,9331,Released,A team of elite commandos on a secret mission in a Central American jungle come to find themselves hunted by an extraterrestrial warrior.
24021,The Twilight Saga: Eclipse,en,2010-06-23,124,68000000.0,698491347.0,12.7893,6.191,9320,Released,"Bella once again finds herself surrounded by danger as Seattle is ravaged by a string of mysterious killings and a malicious vampire continues her quest for revenge. In the midst of it all, she is forced to choose between her love for Edward and her friendship with Jacob, knowing that her decision has the potential to ignite the ageless struggle between vampire and werewolf. With her graduation quickly approaching, Bella is confronted with the most important decision of her life."
259693,The Conjuring 2,en,2016-06-08,134,40000000.0,322819915.0,21.1198,7.293,9304,Released,Lorraine and Ed Warren travel to north London to help a single mother raising four children alone in a house plagued by malicious spirits.
8373,Transformers: Revenge of the Fallen,en,2009-06-19,150,200000000.0,836304167.0,5.7881,6.225,9294,Released,"Sam Witwicky leaves the Autobots behind for a normal life. But when his mind is filled with cryptic symbols, the Decepticons target him and he is dragged back into the Transformers' war."
47971,xXx: Return of Xander Cage,en,2017-01-13,107,85000000.0,346118277.0,19.3866,6.131,9286,Released,"Xander Cage is left for dead after an incident, though he secretly returns to action for a new, tough assignment with his handler Augustus Gibbons."
76492,Hotel Transylvania,en,2012-09-20,91,85000000.0,358375603.0,15.3618,6.968,9277,Released,"Welcome to Hotel Transylvania, Dracula's lavish five-stake resort, where monsters and their families can live it up and no humans are allowed. One special weekend, Dracula has invited all his best friends to celebrate his beloved daughter Mavis's 118th birthday. For Dracula catering to all of these legendary monsters is no problem but the party really starts when one ordinary guy stumbles into the hotel and changes everything!"
524434,Eternals,en,2021-11-03,156,200000000.0,402064899.0,17.6572,6.8,9272,Released,"The Eternals are a team of ancient aliens who have been living on Earth in secret for thousands of years. When an unexpected tragedy forces them out of the shadows, they are forced to reunite against mankind’s most ancient enemy, the Deviants."
45612,Source Code,en,2011-03-30,93,32000000.0,147332697.0,14.2384,7.314,9259,Released,"When decorated soldier Captain Colter Stevens wakes up in the body of an unknown man, he discovers he's part of a mission to find the bomber of a Chicago commuter train."
63,Twelve Monkeys,en,1995-12-29,129,29000000.0,168841459.0,15.3716,7.61,9254,Released,"In the year 2035, convict James Cole reluctantly volunteers to be sent back in time to discover the origin of a deadly virus that wiped out nearly all of the earth's population and forced the survivors into underground communities. But when Cole is mistakenly sent to 1990 instead of 1996, he's arrested and locked up in a mental hospital. There he meets psychiatrist Dr. Kathryn Railly and the son of a famous virus expert who may hold the key to the Army of the 12 Monkeys; thought to be responsible for unleashing the killer disease."
353081,Mission: Impossible - Fallout,en,2018-07-25,147,178000000.0,824171374.0,14.2794,7.451,9251,Released,"When an IMF mission ends badly, the world is faced with dire consequences. As Ethan Hunt takes it upon himself to fulfill his original briefing, the CIA begin to question his loyalty and his motives. The IMF team find themselves in a race against time, hunted by assassins while trying to prevent a global catastrophe."
28,Apocalypse Now,en,1979-05-19,147,31500000.0,150000000.0,20.5062,8.264,9231,Released,"At the height of the Vietnam war, Captain Benjamin Willard is sent on a dangerous mission that, officially, ""does not exist, nor will it ever exist."" His goal is to locate - and eliminate - a mysterious Green Beret Colonel named Walter Kurtz, who has been leading his personal army on illegal guerrilla missions into enemy territory."
275,Fargo,en,1996-03-08,98,7000000.0,60611975.0,11.2271,7.851,9219,Released,"Jerry, a small-town Minnesota car salesman is bursting at the seams with debt... but he's got a plan. He's going to hire two thugs to kidnap his wife in a scheme to collect a hefty ransom from his wealthy father-in-law. It's going to be a snap and nobody's going to get hurt... until people start dying. Enter Police Chief Marge, a coffee-drinking, parka-wearing - and extremely pregnant - investigator who'll stop at nothing to get her man. And if you think her small-time investigative skills will give the crooks a run for their ransom... you betcha!"
14836,Coraline,en,2009-02-05,100,60000000.0,185860104.0,39.952,7.923,9214,Released,"Wandering her rambling old house in her boring new town, 11-year-old Coraline discovers a hidden door to a strangely idealized version of her life. In order to stay in the fantasy, she must make a frighteningly real sacrifice."
450465,Glass,en,2019-01-16,129,20000000.0,246999039.0,9.4614,6.664,9171,Released,"In a series of escalating encounters, former security guard David Dunn uses his supernatural abilities to track Kevin Wendell Crumb, a disturbed man who has twenty-four personalities. Meanwhile, the shadowy presence of Elijah Price emerges as an orchestrator who holds secrets critical to both men."
152532,Dallas Buyers Club,en,2013-11-01,117,5000000.0,55736588.0,6.7171,7.91,9168,Released,"Loosely based on the true-life tale of Ron Woodroof, a drug-taking, women-loving, homophobic man who in 1986 was diagnosed with HIV/AIDS and given thirty days to live."
50014,The Help,en,2011-08-09,146,25000000.0,216600000.0,18.3683,8.205,9159,Released,"Aibileen Clark is a middle-aged African-American maid who has spent her life raising white children and has recently lost her only son; Minny Jackson is an African-American maid who has often offended her employers despite her family's struggles with money and her desperate need for jobs; and Eugenia ""Skeeter"" Phelan is a young white woman who has recently moved back home after graduating college to find out her childhood maid has mysteriously disappeared. These three stories intertwine to explain how life in Jackson, Mississippi revolves around ""the help""; yet they are always kept at a certain distance because of racial lines."
464052,Wonder Woman 1984,en,2020-12-16,151,200000000.0,169601036.0,12.1619,6.362,9156,Released,A botched store robbery places Wonder Woman in a global battle against a powerful and mysterious ancient force that puts her powers in jeopardy.
359724,Ford v Ferrari,en,2019-11-13,153,97600000.0,225508210.0,17.7214,8.007,9143,Released,"American car designer Carroll Shelby and the British-born driver Ken Miles work together to battle corporate interference, the laws of physics, and their own personal demons to build a revolutionary race car for Ford Motor Company and take on the dominating race cars of Enzo Ferrari at the 24 Hours of Le Mans in France in 1966."
128,Princess Mononoke,ja,1997-07-12,134,23500000.0,176506186.0,18.3406,8.321,9140,Released,"Ashitaka, a prince of the disappearing Emishi people, is cursed by a demonized boar god and must journey to the west to find a cure. Along the way, he encounters San, a young human woman fighting to protect the forest, and Lady Eboshi, who is trying to destroy it. Ashitaka must find a way to bring balance to this conflict."
217,Indiana Jones and the Kingdom of the Crystal Skull,en,2008-05-21,122,185000000.0,786636033.0,13.4909,6.03,9129,Released,"Set during the Cold War, the Soviets—led by sword-wielding Irina Spalko—are in search of a crystal skull which has supernatural powers related to a mystical Lost City of Gold. Indy is coerced to head to Peru at the behest of a young man whose friend—and Indy's colleague—Professor Oxley has been captured for his knowledge of the skull's whereabouts."
254128,San Andreas,en,2015-05-27,114,110000000.0,473990832.0,20.7393,6.249,9112,Released,"In the aftermath of a massive earthquake in California, a rescue-chopper pilot makes a dangerous journey across the state in order to rescue his estranged daughter."
391713,Lady Bird,en,2017-09-01,94,10000000.0,79000000.0,14.1906,7.251,9091,Released,"Lady Bird McPherson, a strong willed, deeply opinionated, artistic 17 year old comes of age in Sacramento. Her relationship with her mother and her upbringing are questioned and tested as she plans to head off to college."
315162,Puss in Boots: The Last Wish,en,2022-12-07,103,90000000.0,484700000.0,25.0601,8.212,9079,Released,"Puss in Boots discovers that his passion for adventure has taken its toll: He has burned through eight of his nine lives, leaving him with only one life left. Puss sets out on an epic journey to find the mythical Last Wish and restore his nine lives."
87101,Terminator Genisys,en,2015-06-23,126,155000000.0,440603537.0,17.5872,6.0,9077,Released,"The year is 2029. John Connor, leader of the resistance continues the war against the machines. At the Los Angeles offensive, John's fears of the unknown future begin to emerge when TECOM spies reveal a new plot by SkyNet that will attack him from both fronts; past and future, and will ultimately change warfare forever."
114,Pretty Woman,en,1990-03-23,120,14000000.0,463406268.0,15.9053,7.445,9076,Released,"Vivian is a carefree, streetwise diamond in the rough when she meets sophisticated billionaire Edward in a chance encounter that turns into a week-long business arrangement. But Vivian's energetic spirit challenges Edward's no-nonsense approach to life, and soon they are teaching each other – and falling in love!"
68734,Argo,en,2012-10-11,120,44500000.0,232300000.0,10.9174,7.286,9065,Released,"As the Iranian revolution reaches a boiling point, a CIA 'exfiltration' specialist concocts a risky plan to free six Americans who have found shelter at the home of the Canadian ambassador."
533535,Deadpool & Wolverine,en,2024-07-24,128,200000000.0,1338073645.0,50.3144,7.583,9065,Released,"A listless Wade Wilson toils away in civilian life with his days as the morally flexible mercenary, Deadpool, behind him. But when his homeworld faces an existential threat, Wade must reluctantly suit-up again with an even more reluctant Wolverine."
38356,Transformers: Dark of the Moon,en,2011-06-28,154,195000000.0,1123794079.0,4.3403,6.238,9057,Released,"The Autobots continue to work for NEST, now no longer in secret. But after discovering a strange artifact during a mission in Chernobyl, it becomes apparent to Optimus Prime that the United States government has been less than forthright with them."
4951,10 Things I Hate About You,en,1999-03-30,97,16000000.0,53478166.0,17.7453,7.6,9041,Released,"On the first day at his new school, Cameron instantly falls for Bianca, the gorgeous girl of his dreams. The only problem is that Bianca is forbidden to date until her ill-tempered, completely un-dateable older sister Kat goes out, too. In an attempt to solve his problem, Cameron singles out the only guy who could possibly be a match for Kat: a mysterious bad boy with a nasty reputation of his own."
508943,Luca,en,2021-06-17,95,200000000.0,51074773.0,15.5623,7.778,9032,Released,Luca and his best friend Alberto experience an unforgettable summer on the Italian Riviera. But all the fun is threatened by a deeply-held secret: they are sea monsters from another world just below the water’s surface.
137,Groundhog Day,en,1993-02-11,101,14600000.0,71108778.0,21.835,7.635,9028,Released,"A cynical TV weatherman, along with his idealistic producer and his sardonic cameraman, is sent to report on Groundhog Day in the small town of Punxsutawney, where he finds himself repeating the same day over and over."
435,The Day After Tomorrow,en,2004-05-26,124,125000000.0,552639571.0,11.4168,6.562,9002,Released,"After paleoclimatologist Jack Hall is largely ignored by UN officials when presenting his environmental concerns about the beginning of a new Ice Age, his research proves true when a superstorm develops, setting off catastrophic natural disasters throughout the world. Trying to get to his son, Sam, who is trapped in New York City with his friend Laura and others, Jack and his crew must travel to get to Sam before it's too late."
8355,Ice Age: Dawn of the Dinosaurs,en,2009-06-26,94,90000000.0,886686817.0,16.5587,6.774,8976,Released,"Times are changing for Manny the moody mammoth, Sid the motor mouthed sloth and Diego the crafty saber-toothed tiger. Life heats up for our heroes when they meet some new and none-too-friendly neighbors – the mighty dinosaurs."
51497,Fast Five,en,2011-04-20,131,125000000.0,626100000.0,1.9401,7.244,8967,Released,"Former cop Brian O'Conner partners with ex-con Dom Toretto on the opposite side of the law. Since Brian and Mia Toretto broke Dom out of custody, they've blown across many borders to elude authorities. Now backed into a corner in Rio de Janeiro, they must pull one last job in order to gain their freedom."
187,Sin City,en,2005-04-01,124,40000000.0,158733820.0,13.5265,7.465,8955,Released,"Welcome to Sin City. This town beckons to the tough, the corrupt, the brokenhearted. Some call it dark… Hard-boiled. Then there are those who call it home — Crooked cops, sexy dames, desperate vigilantes. Some are seeking revenge, others lust after redemption, and then there are those hoping for a little of both. A universe of unlikely and reluctant heroes still trying to do the right thing in a city that refuses to care."
8392,My Neighbor Totoro,ja,1988-04-16,86,3700000.0,41000000.0,15.1565,8.1,8945,Released,"Two sisters move to the country with their father in order to be closer to their hospitalized mother, and discover the surrounding trees are inhabited by Totoros, magical spirits of the forest. When the youngest runs away from home, the older sister seeks help from the spirits to find her."
158015,The Purge,en,2013-05-31,85,3000000.0,91266581.0,12.5735,6.249,8926,Released,"Given the country's overcrowded prisons, the U.S. government begins to allow 12-hour periods of time in which all illegal activity is legal. During one of these free-for-alls, a family must protect themselves from a home invasion."
569094,Spider-Man: Across the Spider-Verse,en,2023-05-31,140,100000000.0,690897910.0,64.3963,8.34,8901,Released,"After reuniting with Gwen Stacy, Brooklyn’s full-time, friendly neighborhood Spider-Man is catapulted across the Multiverse, where he encounters the Spider Society, a team of Spider-People charged with protecting the Multiverse's very existence. But when the heroes clash on how to handle a new threat, Miles finds himself pitted against the other Spiders and must set out on his own to save those he loves most."
402900,Ocean's Eight,en,2018-06-07,111,70000000.0,297718711.0,13.6848,6.952,8897,Released,"Debbie Ocean, a criminal mastermind, gathers a crew of female thieves to pull off the heist of the century at New York's annual Met Gala."
314365,Spotlight,en,2015-11-06,129,20000000.0,98690254.0,10.0725,7.811,8878,Released,"The true story of how the Boston Globe uncovered the massive scandal of child molestation and cover-up within the local Catholic Archdiocese, shaking the entire Catholic Church to its core."
91314,Transformers: Age of Extinction,en,2014-06-25,165,210000000.0,1105261713.0,17.4562,5.971,8860,Released,"As humanity picks up the pieces after the battle of Chicago, a shadowy group reveals itself in an attempt to control the direction of history…while an ancient, powerful new menace sets Earth in its crosshairs. With help from Cade Yeager, Optimus Prime and the Autobots rise to meet their most fearsome challenge yet."
4348,Pride & Prejudice,en,2005-09-16,128,28000000.0,124604345.0,21.0,8.1,8851,Released,"A story of love and life among the landed English gentry during the Georgian era. Mr. Bennet is a gentleman living in Hertfordshire with his overbearing wife and five daughters, but if he dies their house will be inherited by a distant cousin whom they have never met, so the family's future happiness and security is dependent on the daughters making good marriages."
594,The Terminal,en,2004-06-17,128,60000000.0,219417255.0,14.6787,7.357,8830,Released,"An Eastern European tourist unexpectedly finds himself stranded in JFK airport, and must take up temporary residence there."
38700,Bad Boys for Life,en,2020-01-15,124,90000000.0,426505244.0,11.6476,7.111,8817,Released,"Marcus and Mike are forced to confront new threats, career changes, and midlife crises as they join the newly created elite team AMMO of the Miami police department to take down the ruthless Armando Armas, the vicious leader of a Miami drug cartel."
333371,10 Cloverfield Lane,en,2016-03-10,104,15000000.0,110216998.0,10.0069,7.0,8801,Released,"After a catastrophic car crash, a young woman wakes up in a survivalist's underground bunker, where he claims to have saved her from an apocalyptic attack that has left the outside world uninhabitable."
290250,The Nice Guys,en,2016-05-15,116,50000000.0,71261763.0,12.3079,7.132,8785,Released,A private eye investigates the apparent suicide of a fading porn star in 1970s Los Angeles and uncovers a conspiracy.
9552,The Exorcist,en,1973-12-26,122,11000000.0,430872776.0,18.7342,7.744,8763,Released,"When a mysterious entity possesses a young girl, her mother seeks the help of two Catholic priests to save her life."
493922,Hereditary,en,2018-06-07,128,10000000.0,87796204.0,18.089,7.294,8757,Released,"Following the death of the Leigh family matriarch, Annie and her children uncover disturbing secrets about their heritage. Their daily lives are not only impacted, but they also become entangled in a chilling fate from which they cannot escape, driving them to the brink of madness."
1366,Rocky,en,1976-12-03,120,1000000.0,117253345.0,15.8314,7.799,8757,Released,"Rocky Balboa is a Philadelphia club fighter who seems to be going nowhere. But when a stroke of fate puts him in the ring with a world heavyweight champion, Rocky knows that it's his one shot at the big time — a once-in-a-lifetime opportunity to go the distance and come out a winner!"
466282,To All the Boys I've Loved Before,en,2018-08-17,100,0.0,0.0,8.0968,7.594,8744,Released,Lara Jean's love life goes from imaginary to out of control when her secret letters to every boy she's ever fallen for are mysteriously mailed out.
616037,Thor: Love and Thunder,en,2022-07-06,119,250000000.0,760928081.0,27.9071,6.365,8741,Released,"After his retirement is interrupted by Gorr the God Butcher, a galactic killer who seeks the extinction of the gods, Thor Odinson enlists the help of King Valkyrie, Korg, and ex-girlfriend Jane Foster, who now wields Mjolnir as the Mighty Thor. Together they embark upon a harrowing cosmic adventure to uncover the mystery of the God Butcher’s vengeance and stop him before it’s too late."
22538,Scott Pilgrim vs. the World,en,2010-08-12,113,73000000.0,51825248.0,14.0951,7.484,8733,Released,"As bass guitarist for a garage-rock band, Scott Pilgrim has never had trouble getting a girlfriend; usually, the problem is getting rid of them. But when Ramona Flowers skates into his heart, he finds she has the most troublesome baggage of all: an army of ex-boyfriends who will stop at nothing to eliminate him from her list of suitors."
95,Armageddon,en,1998-07-01,151,140000000.0,553799566.0,14.0985,6.834,8710,Released,"When an asteroid threatens to collide with Earth, NASA honcho Dan Truman determines the only way to stop it is to drill into its surface and detonate a nuclear bomb. This leads him to renowned driller Harry Stamper, who agrees to helm the dangerous space mission provided he can bring along his own hotshot crew. Among them is the cocksure A.J. who Harry thinks isn't good enough for his daughter, until the mission proves otherwise."
22970,The Cabin in the Woods,en,2012-04-12,95,30000000.0,71038838.0,12.0553,6.654,8690,Released,"Five friends set out for a weekend at a remote cabin in the woods, expecting nothing more than fun and relaxation. As night falls, they discover that something far more unsettling is at work and that nothing about their getaway is what it seems."
170,28 Days Later,en,2002-10-31,113,8000000.0,82784517.0,22.3702,7.2,8685,Released,"Twenty-eight days after a killer virus was accidentally unleashed from a British research facility, a small group of London survivors are caught in a desperate struggle to protect themselves from the infected. Carried by animals and humans, the virus turns those it infects into homicidal maniacs -- and it's absolutely impossible to contain."
268,Batman,en,1989-06-21,126,35000000.0,411348924.0,14.5505,7.234,8677,Released,"Having witnessed his parents' brutal murder as a child, millionaire philanthropist Bruce Wayne fights crime in Gotham City disguised as Batman, a costumed hero who strikes fear into the hearts of villains. But when a deformed madman known as 'The Joker' seizes control of Gotham's criminal underworld, Batman must face his most ruthless nemesis ever while protecting both his identity and his love interest, reporter Vicki Vale."
10764,Quantum of Solace,en,2008-10-29,106,200000000.0,589593688.0,10.4159,6.341,8655,Released,"Betrayed by Vesper, the woman he loved, 007 fights the urge to make his latest mission personal. Pursuing his determination to uncover the truth, Bond and M interrogate Mr. White, who reveals that the organization that blackmailed Vesper is far more complex and dangerous than anyone had imagined."
315837,Ghost in the Shell,en,2017-03-29,107,110000000.0,169801921.0,11.1696,6.11,8651,Released,"In the near future, Major is the first of her kind: a human saved from a terrible crash, then cyber-enhanced to be a perfect soldier devoted to stopping the world's most dangerous criminals."
35,The Simpsons Movie,en,2007-07-25,87,75000000.0,527068851.0,19.5601,7.023,8634,Released,"After Homer accidentally pollutes the town's water supply, Springfield is encased in a gigantic dome by the EPA and the Simpsons are declared fugitives."
187017,22 Jump Street,en,2014-06-05,112,50000000.0,331333876.0,11.0058,6.827,8625,Released,"After making their way through high school (twice), big changes are in store for officers Schmidt and Jenko when they go deep undercover at a local college. But when Jenko meets a kindred spirit on the football team, and Schmidt infiltrates the bohemian art major scene, they begin to question their partnership. Now they don't have to just crack the case - they have to figure out if they can have a mature relationship. If these two overgrown adolescents can grow from freshmen into real men, college might be the best thing that ever happened to them."
2108,The Breakfast Club,en,1985-02-15,98,1000000.0,51530442.0,11.0441,7.719,8623,Released,"Five high school students from different walks of life endure a Saturday detention under a power-hungry principal. The disparate group includes rebel John, princess Claire, outcast Allison, brainy Brian and Andrew, the jock. Each has a chance to tell his or her story, making the others see them a little differently -- and when the day ends, they question whether school will ever be the same."
254,King Kong,en,2005-12-12,188,207000000.0,562363449.0,16.7429,6.896,8601,Released,"In 1933 New York, an overly ambitious movie producer coerces his cast and hired ship crew to travel to mysterious Skull Island, where they encounter Kong, a giant ape who is immediately smitten with the leading lady."
137106,The Lego Movie,en,2014-02-06,100,60000000.0,470759687.0,13.8822,7.431,8597,Released,"An ordinary Lego mini-figure, mistakenly thought to be the extraordinary MasterBuilder, is recruited to join a quest to stop an evil Lego tyrant from conquering the universe."
49013,Cars 2,en,2011-06-11,106,200000000.0,559852396.0,28.5182,6.187,8589,Released,Star race car Lightning McQueen and his pal Mater head overseas to compete in the World Grand Prix race. But the road to the championship becomes rocky as Mater gets caught up in an intriguing adventure of his own: international espionage.
328111,The Secret Life of Pets,en,2016-06-18,86,75000000.0,875457937.0,5.7831,6.324,8586,Released,"The quiet life of a terrier named Max is upended when his owner takes in Duke, a stray whom Max instantly dislikes."
339846,Baywatch,en,2017-05-25,116,69000000.0,177900000.0,13.6826,6.08,8576,Released,"Devoted lifeguard Mitch Buchannon butts heads with a brash new recruit. Together, they uncover a local criminal plot that threatens the future of the Bay."
278927,The Jungle Book,en,2016-04-07,106,175000000.0,966550600.0,11.9583,6.877,8572,Released,"After a threat from the tiger Shere Khan, Mowgli, a man-cub fostered by wolves, is forced to flee the jungle, and he embarks on a journey of self-discovery with the help of the panther, Bagheera, and the free-spirited bear, Baloo."
198184,Chappie,en,2015-03-04,120,49000000.0,104399548.0,13.4316,6.79,8571,Released,"Every child comes into the world full of promise, and none more so than Chappie: he is gifted, special, a prodigy. Like any child, Chappie will come under the influence of his surroundings—some good, some bad—and he will rely on his heart and soul to find his way in the world and become his own man. But there's one thing that makes Chappie different from any one else: he is a robot."
447365,Guardians of the Galaxy Vol. 3,en,2023-05-03,150,250000000.0,845550000.0,34.7053,7.931,8570,Released,"Peter Quill, still reeling from the loss of Gamora, must rally his team around him to defend the universe along with protecting one of their own. A mission that, if not completed successfully, could quite possibly lead to the end of the Guardians as we know them."
4011,Beetlejuice,en,1988-03-30,92,15000000.0,84554197.0,11.2489,7.371,8551,Released,A newly dead New England couple seeks help from a deranged demon exorcist to scare an affluent New York family out of their home.
537915,After,en,2019-04-11,106,14000000.0,69497587.0,14.5464,7.104,8546,Released,"Tessa Young is a dedicated student, dutiful daughter and loyal girlfriend to her high school sweetheart. Entering her first semester of college, Tessa's guarded world opens up when she meets Hardin Scott, a mysterious and brooding rebel who makes her question all she thought she knew about herself -- and what she wants out of life."
396535,Train to Busan,ko,2016-07-20,118,8500000.0,87547518.0,21.816,7.753,8546,Released,"When a zombie virus pushes Korea into a state of emergency, those trapped on an express train to Busan must fight for their own survival."
615457,Nobody,en,2021-03-18,91,16000000.0,57512470.0,16.4516,7.872,8526,Released,"Hutch Mansell, a suburban dad, overlooked husband, nothing neighbor — a ""nobody."" When two thieves break into his home one night, Hutch's unknown long-simmering rage is ignited and propels him on a brutal path that will uncover dark secrets he fought to leave behind."
949,Heat,en,1995-12-15,170,60000000.0,187400000.0,20.0052,7.94,8522,Released,Obsessive master thief Neil McCauley leads a top-notch crew on various daring heists throughout Los Angeles while determined detective Vincent Hanna pursues him without rest. Each man recognizes and respects the ability and the dedication of the other even though they are aware their cat-and-mouse game may end in violence.
335797,Sing,en,2016-11-23,108,75000000.0,634151679.0,13.6697,7.125,8504,Released,A koala named Buster recruits his best friend to help him drum up business for his theater by hosting a singing competition.
336843,Maze Runner: The Death Cure,en,2018-01-10,143,62000000.0,288418190.0,13.0563,7.08,8499,Released,"Thomas leads his group of escaped Gladers on their final and most dangerous mission yet. To save their friends, they must break into the legendary Last City, a WCKD-controlled labyrinth that may turn out to be the deadliest maze of all. Anyone who makes it out alive will get answers to the questions the Gladers have been asking since they first arrived in the maze."
1979,Fantastic Four: Rise of the Silver Surfer,en,2007-06-13,92,130000000.0,301913131.0,11.2043,5.634,8493,Released,"The Fantastic Four return to the big screen as a new and all powerful enemy threatens the Earth. The seemingly unstoppable 'Silver Surfer', but all is not what it seems and there are old and new enemies that pose a greater threat than the intrepid superheroes realize."
10144,The Little Mermaid,en,1989-11-17,83,40000000.0,211343479.0,19.3709,7.352,8487,Released,This colorful adventure tells the story of an impetuous mermaid princess named Ariel who falls in love with the very human Prince Eric and puts everything on the line for the chance to be with him. Memorable songs and characters -- including the villainous sea witch Ursula.
2503,The Bourne Ultimatum,en,2007-08-03,115,70000000.0,442824138.0,13.2503,7.441,8477,Released,"Bourne is brought out of hiding once again by reporter Simon Ross who is trying to unveil Operation Blackbriar, an upgrade to Project Treadstone, in a series of newspaper columns. Information from the reporter stirs a new set of memories, and Bourne must finally uncover his dark past while dodging The Company's best efforts to eradicate him."
4638,Hot Fuzz,en,2007-02-14,121,12000000.0,80600000.0,13.7461,7.567,8469,Released,"Former London constable Nicholas Angel finds it difficult to adapt to his new assignment in the sleepy British village of Sandford. Not only does he miss the excitement of the big city, but he also has a well-meaning oaf for a partner. However, when a series of grisly accidents rocks Sandford, Angel smells something rotten in the idyllic village."
50544,Friends with Benefits,en,2011-07-21,109,35000000.0,149500000.0,9.687,6.643,8457,Released,Dylan is done with relationships. Jamie decides to stop buying into the Hollywood clichés of true love. When the two become friends they decide to try something new and take advantage of their mutual attraction - but without any emotional attachment.
2105,American Pie,en,1999-07-09,95,11000000.0,235483004.0,25.6499,6.616,8436,Released,"At a high-school party, four friends find that losing their collective virginity isn't as easy as they had thought. But they still believe that they need to do so before college. To motivate themselves, they enter a pact to all ""score"" by their senior prom."
1372,Blood Diamond,en,2006-12-08,143,100000000.0,171720398.0,12.4624,7.562,8434,Released,"An ex-mercenary turned smuggler. A Mende fisherman. Amid the explosive civil war overtaking 1999 Sierra Leone, these men join for two desperate missions: recovering a rare pink diamond of immense value and rescuing the fisherman's son, conscripted as a child soldier into the brutal rebel forces ripping a swath of torture and bloodshed countrywide."
338970,Tomb Raider,en,2018-03-05,118,94000000.0,274650803.0,13.3143,6.365,8432,Released,"Lara Croft, the fiercely independent daughter of a missing adventurer, must push herself beyond her limits when she finds herself on the island where her father disappeared."
337167,Fifty Shades Freed,en,2018-01-17,105,55000000.0,371985018.0,23.0256,6.67,8402,Released,"Believing they have left behind shadowy figures from their past, newlyweds Christian and Ana fully embrace an inextricable connection and shared life of luxury. But just as she steps into her role as Mrs. Grey and he relaxes into an unfamiliar stability, new threats could jeopardize their happy ending before it even begins."
27578,The Expendables,en,2010-08-07,103,80000000.0,274470394.0,13.9741,6.253,8379,Released,"Barney Ross leads a band of highly skilled mercenaries including knife enthusiast Lee Christmas, a martial arts expert Yin Yang, heavy weapons specialist Hale Caesar, demolitionist Toll Road, and a loose-cannon sniper Gunner Jensen. When the group is commissioned by the mysterious Mr. Church to assassinate the dictator of a small South American island, Barney and Lee visit the remote locale to scout out their opposition and discover the true nature of the conflict engulfing the city."
116745,The Secret Life of Walter Mitty,en,2013-12-18,114,90000000.0,188133322.0,16.0295,7.227,8378,Released,A timid magazine photo manager who lives life vicariously through daydreams embarks on a true-life adventure when a negative goes missing.
8871,How the Grinch Stole Christmas,en,2000-11-17,105,123000000.0,345800000.0,12.1087,6.781,8370,Released,The Grinch decides to rob Whoville of Christmas - but a dash of kindness from little Cindy Lou Who and her family may be enough to melt his heart...
1954,The Butterfly Effect,en,2004-01-17,113,13000000.0,96800000.0,11.5688,7.579,8366,Released,"A young man struggles to access sublimated childhood memories. He finds a technique that allows him to travel back into the past, to occupy his childhood body and change history. However, he soon finds that every change he makes has unexpected consequences."
561,Constantine,en,2005-02-08,121,100000000.0,230900000.0,17.7216,7.192,8362,Released,"John Constantine has literally been to Hell and back. When he teams up with a policewoman to solve the mysterious suicide of her twin sister, their investigation takes them through the world of demons and angels that exists beneath the landscape of contemporary Los Angeles."
340666,Nocturnal Animals,en,2016-11-04,116,22500000.0,29300000.0,7.2143,7.407,8357,Released,"Susan Morrow receives a book manuscript from her ex-husband – a man she left 20 years earlier – asking for her opinion of his writing. As she reads, she is drawn into the fictional life of Tony Hastings, a mathematics professor whose family vacation turns violent."
256591,Focus,en,2015-02-25,105,50100000.0,153962963.0,7.0035,6.871,8349,Released,"Nicky, an accomplished con artist, gets romantically involved with his disciple Jess but later ends their relationship. Years later, she returns as a femme fatale to spoil his plans."
406997,Wonder,en,2017-11-13,113,20000000.0,315025930.0,15.319,8.103,8327,Released,"The story of August Pullman – a boy with facial differences – who enters fifth grade, attending a mainstream elementary school for the first time."
598,City of God,pt,2002-08-30,129,3300000.0,30641770.0,20.0971,8.429,8311,Released,"In the poverty-stricken favelas of Rio de Janeiro in the 1970s, two young men choose different paths. Rocket is a budding photographer who documents the increasing drug-related violence of his neighborhood, while José “Zé” Pequeno is an ambitious drug dealer diving into a dangerous life of crime."
58595,Snow White and the Huntsman,en,2012-05-30,127,170000000.0,396600000.0,10.2338,5.986,8297,Released,"After the Evil Queen marries the King, she performs a violent coup in which the King is murdered and his daughter, Snow White, is taken captive. Almost a decade later, a grown Snow White is still in the clutches of the Queen. In order to obtain immortality, The Evil Queen needs the heart of Snow White. After Snow escapes the castle, the Queen sends the Huntsman to find her in the Dark Forest."
693134,Dune: Part Two,en,2024-02-27,167,190000000.0,714844358.0,37.6051,8.13,8287,Released,"Follow the mythic journey of Paul Atreides as he unites with Chani and the Fremen while on a path of revenge against the conspirators who destroyed his family. Facing a choice between the love of his life and the fate of the known universe, Paul endeavors to prevent a terrible future only he can foresee."
345940,The Meg,en,2018-08-09,113,150000000.0,530517320.0,26.3449,6.252,8283,Released,"A deep sea submersible pilot revisits his past fears in the Mariana Trench, and accidentally unleashes the seventy foot ancestor of the Great White Shark believed to be extinct."
2502,The Bourne Supremacy,en,2004-07-23,108,75000000.0,288500217.0,13.037,7.334,8277,Released,"A CIA operation to purchase classified Russian documents is blown by a rival agent, who then shows up in the sleepy seaside village where Bourne and Marie have been living. The pair run for their lives and Bourne, who promised retaliation should anyone from his former life attempt contact, is forced to once again take up his life as a trained assassin to survive."
530385,Midsommar,en,2019-07-03,147,9000000.0,48498408.0,19.7195,7.147,8258,Released,"Several friends travel to Sweden to study as anthropologists a summer festival that is held every ninety years in the remote hometown of one of them. What begins as a dream vacation in a place where the sun never sets, gradually turns into a dark nightmare as the mysterious inhabitants invite them to participate in their disturbing festive activities."
584,2 Fast 2 Furious,en,2003-06-05,108,76000000.0,236350661.0,2.5466,6.522,8253,Released,"It's a major double-cross when former police officer Brian O'Conner teams up with his ex-con buddy Roman Pearce to transport a shipment of ""dirty"" money for shady Miami-based import-export dealer Carter Verone. But the guys are actually working with undercover agent Monica Fuentes to bring Verone down."
8363,Superbad,en,2007-08-17,113,20000000.0,170800000.0,22.4476,7.269,8228,Released,Two co-dependent high school seniors are forced to deal with separation anxiety after their plan to stage a booze-soaked party goes awry.
545611,Everything Everywhere All at Once,en,2022-03-24,140,25000000.0,139200000.0,23.8994,7.709,8205,Released,"An aging Chinese immigrant is swept up in an insane adventure, where she alone can save what's important to her by connecting with the lives she could have led in other universes."
153,Lost in Translation,en,2003-09-18,102,4000000.0,119723856.0,10.7454,7.379,8203,Released,"Two lost souls visiting Tokyo -- the young, neglected wife of a photographer and a washed-up movie star shooting a TV commercial -- find an odd solace and pensive freedom to be real in each other's company, away from their lives in America."
57800,Ice Age: Continental Drift,en,2012-06-27,88,95000000.0,877244782.0,19.9802,6.392,8202,Released,"Manny, Diego, and Sid embark upon another adventure after their continent is set adrift. Using an iceberg as a ship, they encounter sea creatures and battle pirates as they explore a new world."
404368,Ralph Breaks the Internet,en,2018-11-20,112,175000000.0,529323962.0,12.9915,7.158,8192,Released,"Video game bad guy Ralph and fellow misfit Vanellope von Schweetz must risk it all by traveling to the World Wide Web in search of a replacement part to save Vanellope's video game, Sugar Rush. In way over their heads, Ralph and Vanellope rely on the citizens of the internet — the netizens — to help navigate their way, including an entrepreneur named Yesss, who is the head algorithm and the heart and soul of trend-making site BuzzzTube."
121856,Assassin's Creed,en,2016-12-21,116,125000000.0,240700000.0,6.24,5.446,8189,Released,"Through a technology that unlocks the genetic memories of his ancestor in 15th century Spain, Callum Lynch discovers he is a descendant of an ancient line of Assassins and amasses lethal skills to take on the oppressive Templar Order."
458723,Us,en,2019-03-14,116,20000000.0,256071218.0,11.0358,6.942,8186,Released,"Husband and wife Gabe and Adelaide Wilson take their kids to their beach house expecting to unplug and unwind with friends. But as night descends, their serenity turns to tension and chaos when some shocking visitors arrive uninvited."
44115,127 Hours,en,2010-11-12,94,18000000.0,35700000.0,14.4907,7.091,8183,Released,The true story of mountain climber Aron Ralston's remarkable adventure to save himself after a fallen boulder crashes on his arm and traps him in an isolated canyon in Utah.
487558,BlacKkKlansman,en,2018-08-09,136,15000000.0,93411426.0,7.4881,7.488,8171,Released,"Colorado Springs, late 1970s. Ron Stallworth, an African American police officer, and Flip Zimmerman, his Jewish colleague, run an undercover operation to infiltrate the Ku Klux Klan."
603692,John Wick: Chapter 4,en,2023-03-21,170,100000000.0,447316405.0,24.1105,7.709,8133,Released,"With the price on his head ever increasing, John Wick uncovers a path to defeating The High Table. But before he can earn his freedom, Wick must face off against a new enemy with powerful alliances across the globe and forces that turn old friends into foes."
339964,Valerian and the City of a Thousand Planets,en,2017-07-19,137,177200000.0,225973340.0,11.4319,6.654,8127,Released,"In the 28th century, Valerian and Laureline are special operatives charged with keeping order throughout the human territories. On assignment from the Minister of Defense, the two undertake a mission to Alpha, an ever-expanding metropolis where species from across the universe have converged over centuries to share knowledge, intelligence, and cultures. At the center of Alpha is a mysterious dark force which threatens the peaceful existence of the City of a Thousand Planets, and Valerian and Laureline must race to identify the menace and safeguard not just Alpha, but the future of the universe."
257344,Pixels,en,2015-07-16,106,88000000.0,244874809.0,15.3328,5.784,8123,Released,Video game experts are recruited by the military to fight 1980s-era video game characters who've attacked New York.
4232,Scream,en,1996-12-20,112,14000000.0,173046663.0,16.6107,7.433,8111,Released,"A year after the murder of her mother, a teenage girl is terrorized by a masked killer who targets her and her friends by using scary movies as part of a deadly game."
1091,The Thing,en,1982-06-25,109,15000000.0,19629760.0,22.8851,8.072,8093,Released,A research team in Antarctica is hunted by a shape-shifting alien that assumes the appearance of its victims.
214756,Ted 2,en,2015-06-25,115,68000000.0,215863606.0,22.6775,6.324,8072,Released,"Newlywed couple Ted and Tami-Lynn want to have a baby, but in order to qualify to be a parent, Ted will have to prove he's a person in a court of law."
300669,Don't Breathe,en,2016-06-08,89,9900000.0,158906350.0,9.7346,7.014,8062,Released,A group of teens break into a blind man's home thinking they'll get away with the perfect crime. They're wrong.
408,Snow White and the Seven Dwarfs,en,1938-01-22,83,1488423.0,184925486.0,15.7238,7.127,8052,Released,"A beautiful girl, Snow White, takes refuge in the forest in the house of seven dwarfs to hide from her stepmother, the wicked Queen. The Queen is jealous because she wants to be known as ""the fairest in the land,"" and Snow White's beauty surpasses her own."
10192,Shrek Forever After,en,2010-05-16,93,165000000.0,752600867.0,15.0096,6.408,8050,Released,"A midlife-crisis burdened Shrek, longing for the days when he felt like a real ogre, makes a pact with magic deal-maker Rumpelstiltskin. But when he's duped and sent to a twisted version of Far Far Away—where Rumpelstiltskin is king, ogres are hunted, and he and Fiona have never met—he sets out to restore his world and reclaim his true love."
312221,Creed,en,2015-11-25,133,37000000.0,173600000.0,11.2257,7.408,8045,Released,"The former World Heavyweight Champion Rocky Balboa serves as a trainer and mentor to Adonis Johnson, the son of his late friend and former rival Apollo Creed."
20526,TRON: Legacy,en,2010-12-14,126,170000000.0,409912892.0,19.1048,6.546,8042,Released,"Sam Flynn, the tech-savvy and daring son of Kevin Flynn, investigates his father's disappearance and is pulled into The Grid. With the help of a mysterious program named Quorra, Sam quests to stop evil dictator Clu from crossing into the real world."
49444,Kung Fu Panda 2,en,2011-05-25,91,150000000.0,665692281.0,16.6097,7.077,8022,Released,"Po is finally living the dream as the Dragon Warrior—until a shadow from his past comes roaring back. When the ruthless peacock Lord Shen unleashes a devastating new weapon used to wipe out kung fu masters across the land, Po and the Furious Five race across China to put an end to his plans. But if Po is to have any hope of stopping him, he must first confront the truth of his origins—and find inner peace before his past tears him apart."
11970,Hercules,en,1997-06-13,93,85000000.0,252712101.0,16.5138,7.499,8019,Released,"Bestowed with superhuman strength, a young mortal named Hercules sets out to prove himself a hero in the eyes of his father, the great god Zeus. Along with his friends Pegasus, a flying horse, and Phil, a personal trainer, Hercules is tricked by the hilarious, hotheaded villain Hades, who's plotting to take over Mount Olympus!"
395992,Life,en,2017-03-22,104,58000000.0,100541806.0,9.9715,6.46,8016,Released,"The six-member crew of the International Space Station is tasked with studying a sample from Mars that may be the first proof of extra-terrestrial life, which proves more intelligent than ever expected."
163,Ocean's Twelve,en,2004-12-09,125,110000000.0,362744280.0,12.9649,6.566,8014,Released,"Despite pulling off one of the biggest heists in Las Vegas history and splitting the $160 million take, each of the infamous Ocean's crew have tried to go straight, lay low and live a legit life... but that's proven to be a challenge. Casino owner Terry Benedict demands that Danny Ocean return the money, plus millions more in interest. Unable to come up the cash, the crew is forced to come together to pull off another series of heists, this time in Rome, Paris, and Amsterdam – but a Europol agent is hot on their heels."
4247,Scary Movie,en,2000-07-07,88,19000000.0,278023280.0,25.0447,6.425,8010,Released,"A familiar-looking group of teenagers find themselves being stalked by a more-than-vaguely recognizable masked killer! As the victims begin to pile up and the laughs pile on, none of your favorite scary movies escape the razor-sharp satire of this outrageously funny parody!"
341174,Fifty Shades Darker,en,2017-02-08,118,55000000.0,381545846.0,10.5663,6.472,7983,Released,"When a wounded Christian Grey tries to entice a cautious Ana Steele back into his life, she demands a new arrangement before she will give him another chance. As the two begin to build trust and find stability, shadowy figures from Christian’s past start to circle the couple, determined to destroy their hopes for a future together."
7191,Cloverfield,en,2008-01-15,85,25000000.0,170764026.0,13.1542,6.722,7979,Released,"Five young New Yorkers throw their friend a going-away party the night that a monster the size of a skyscraper descends upon the city. Told from the point of view of their video camera, the film is a document of their attempt to survive the most surreal, horrifying event of their lives."
9693,Children of Men,en,2006-09-22,109,76000000.0,70595464.0,12.3502,7.613,7978,Released,"In 2027, in a chaotic world in which humans can no longer procreate, a former activist agrees to help transport a miraculously pregnant woman to a sanctuary at sea, where her child's birth may help scientists save the future of humankind."
331,Jurassic Park III,en,2001-07-18,92,93000000.0,368780809.0,0.782,6.18,7968,Released,"In need of funds for research, Dr. Alan Grant accepts a large sum of money to accompany Paul and Amanda Kirby on an aerial tour of the infamous Isla Sorna. It isn't long before all hell breaks loose and the stranded wayfarers must fight for survival as a host of new -- and even more deadly -- dinosaurs try to make snacks of them."
773,Little Miss Sunshine,en,2006-07-26,102,8000000.0,100523351.0,8.6784,7.692,7951,Released,"A family loaded with quirky, colorful characters piles into an old van and road trips to California for little Olive to compete in a beauty pageant."
96721,Rush,en,2013-09-02,123,38000000.0,90200000.0,13.0574,7.744,7934,Released,"In the 1970s, a rivalry propels race car drivers Niki Lauda and James Hunt to fame and glory — until a horrible accident threatens to end it all."
619264,The Platform,es,2019-11-08,95,1203235.0,1090116.0,12.4739,6.968,7914,Released,"A slab of food descends down a vertical facility. The residents above eat heartily, leaving those below starving and desperate. A rebellion is imminent."
65,8 Mile,en,2002-11-08,111,41000000.0,242875078.0,11.9703,7.146,7905,Released,"For Jimmy Smith, Jr., life is a daily fight just to keep hope alive. Feeding his dreams in Detroit's vibrant music scene, Jimmy wages an extraordinary personal struggle to find his own voice - and earn a place in a world where rhymes rule, legends are born and every moment… is another chance."
13804,Fast & Furious,en,2009-04-02,107,85000000.0,363164265.0,1.694,6.69,7901,Released,"When a crime brings them back to L.A., fugitive ex-con Dom Toretto reignites his feud with agent Brian O'Conner. But as they are forced to confront a shared enemy, Dom and Brian must give in to an uncertain new trust if they hope to outmaneuver him. And the two men will find the best way to get revenge: push the limits of what's possible behind the wheel."
32657,Percy Jackson & the Olympians: The Lightning Thief,en,2010-02-01,118,95000000.0,226497209.0,14.8322,6.216,7893,Released,"Accident prone teenager, Percy discovers he's actually a demi-God, the son of Poseidon, and he is needed when Zeus' lightning is stolen. Percy must master his new found skills in order to prevent a war between the Gods that could devastate the entire world."
766507,Prey,en,2022-08-02,100,65000000.0,0.0,18.9762,7.655,7864,Released,"When danger threatens her camp, the fierce and highly skilled Comanche warrior Naru sets out to protect her people. But the prey she stalks turns out to be a highly evolved alien predator with a technically advanced arsenal."
587,Big Fish,en,2003-12-10,125,70000000.0,123200000.0,11.2364,7.751,7858,Released,"Throughout his life Edward Bloom has always been a man of big appetites, enormous passions and tall tales. In his later years, he remains a huge mystery to his son, William. Now, to get to know the real man, Will begins piecing together a true picture of his father from flashbacks of his amazing adventures."
384018,Fast & Furious Presents: Hobbs & Shaw,en,2019-07-31,137,200000000.0,760098996.0,16.0046,6.826,7853,Released,"Ever since US Diplomatic Security Service Agent Hobbs and lawless outcast Shaw first faced off, they just have traded smack talk and body blows. But when cyber-genetically enhanced anarchist Brixton's ruthless actions threaten the future of humanity, they join forces to defeat him."
168672,American Hustle,en,2013-12-03,138,40000000.0,251171807.0,9.0307,6.854,7829,Released,"A conman and his seductive partner are forced to work for a wild FBI agent, who pushes them into a world of Jersey power-brokers and the Mafia."
1824,50 First Dates,en,2004-02-13,99,75000000.0,196482882.0,13.3033,6.873,7826,Released,"Henry is a player skilled at seducing women. But when this veterinarian meets Lucy, a girl with a quirky problem when it comes to total recall, he realizes it's possible to fall in love all over again…and again, and again. That's because the delightful Lucy has no short-term memory, so Henry must woo her day after day until he finally sweeps her off her feet."
59436,Midnight in Paris,en,2011-05-11,94,17000000.0,151119219.0,7.4691,7.5,7806,Released,"While on a trip to Paris with his fiancée's family, a nostalgic screenwriter finds himself mysteriously going back to the 1920s every day at midnight."
1734,The Mummy Returns,en,2001-05-04,130,98000000.0,443280904.0,21.0253,6.411,7799,Released,"Rick and Evelyn O’Connell, along with their 8-year-old son Alex, discover the key to the legendary Scorpion King’s might: the fabled Bracelet of Anubis. Unfortunately, a newly resurrected Imhotep has designs on the bracelet as well, and isn’t above kidnapping its new bearer, Alex, to gain control of Anubis’s otherworldly army."
363676,Sully,en,2016-09-07,96,60000000.0,240800000.0,10.2337,7.204,7791,Released,"On 15 January 2009, the world witnessed the 'Miracle on the Hudson' when Captain 'Sully' Sullenberger glided his disabled plane onto the Hudson River, saving the lives of all 155 souls aboard. However, even as Sully was being heralded by the public and the media for his unprecedented feat of aviation skill, an investigation was unfolding that threatened to destroy his reputation and career."
385128,F9,en,2021-05-19,143,200000000.0,726229501.0,9.4256,6.99,7785,Released,Dominic Toretto and his crew battle the most skilled assassin and high-performance driver they've ever encountered: his forsaken brother.
223702,Sausage Party,en,2016-07-11,89,19000000.0,140705322.0,10.2357,5.753,7779,Released,Hot dog Frank leads a group of supermarket products on a quest to discover the truth about their existence and what really happens when they're chosen to leave the grocery store.
310131,The Witch,en,2016-02-19,92,4000000.0,40423945.0,14.4246,7.0,7765,Released,"In 1630, a farmer relocates his family to a remote plot of land on the edge of a forest where strange, unsettling things happen. With suspicion and paranoia mounting, each family member's faith, loyalty and love are tested in shocking ways."
14574,The Boy in the Striped Pyjamas,en,2008-05-07,94,12500000.0,20416563.0,13.9027,7.823,7759,Released,"When his family moves from their home in Berlin to a strange new house in Poland, young Bruno befriends Shmuel, a boy who lives on the other side of the fence where everyone seems to be wearing striped pajamas. Unaware of Shmuel's fate as a Jewish prisoner or the role his own Nazi father plays in his imprisonment, Bruno embarks on a dangerous journey inside the camp's walls."
75780,Jack Reacher,en,2012-12-20,130,60000000.0,218300000.0,17.0964,6.674,7752,Released,"One morning in an ordinary town, five people are shot dead in a seemingly random attack. All evidence points to a single suspect: an ex-military sniper who is quickly brought into custody. The interrogation yields one written note: 'Get Jack Reacher!'. Reacher, an enigmatic ex-Army investigator, believes the authorities have the right man but agrees to help the sniper's defense attorney. However, the more Reacher delves into the case, the less clear-cut it appears. So begins an extraordinary chase for the truth, pitting Jack Reacher against an unexpected enemy, with a skill for violence and a secret to keep."
9615,The Fast and the Furious: Tokyo Drift,en,2006-06-03,104,85000000.0,158964610.0,3.5545,6.552,7744,Released,"In order to avoid a jail sentence, Sean Boswell heads to Tokyo to live with his military father. In a low-rent section of the city, Sean gets caught up in the underground world of drift racing"
44826,Hugo,en,2011-11-22,126,170000000.0,185770160.0,8.031,7.175,7742,Released,"Orphaned and alone except for an uncle, Hugo Cabret lives in the walls of a train station in 1930s Paris. Hugo's job is to oil and maintain the station's clocks, but to him, his more important task is to protect a broken automaton and notebook left to him by his late father. Accompanied by the goddaughter of an embittered toy merchant, Hugo embarks on a quest to solve the mystery of the automaton and find a place he can call home."
621,Grease,en,1978-06-16,110,6000000.0,396271103.0,12.8889,7.367,7739,Released,"Australian good girl Sandy and greaser Danny fell in love over the summer. But when they unexpectedly discover they're now in the same high school, will they be able to rekindle their romance despite their eccentric friends?"
44912,Green Lantern,en,2011-06-14,114,200000000.0,219851172.0,12.1473,5.187,7732,Released,"For centuries, a small but powerful force of warriors called the Green Lantern Corps has sworn to keep intergalactic order. Each Green Lantern wears a ring that grants him superpowers. But when a new enemy called Parallax threatens to destroy the balance of power in the Universe, their fate and the fate of Earth lie in the hands of the first human ever recruited."
956,Mission: Impossible III,en,2006-04-25,126,150000000.0,398479497.0,13.319,6.768,7728,Released,"Retired from active duty, and training recruits for the Impossible Mission Force, agent Ethan Hunt faces the toughest foe of his career: Owen Davian, an international broker of arms and information, who's as cunning as he is ruthless. Davian emerges to threaten Hunt and all that he holds dear – including the woman Hunt loves."
282035,The Mummy,en,2017-06-06,110,125000000.0,409231607.0,18.5964,5.52,7724,Released,"Though safely entombed in a crypt deep beneath the unforgiving desert, an ancient queen whose destiny was unjustly taken from her is awakened in our current day, bringing with her malevolence grown over millennia, and terrors that defy human comprehension."
718930,Bullet Train,en,2022-08-03,126,90000000.0,239268602.0,20.5685,7.411,7721,Released,"Unlucky assassin Ladybug is determined to do his job peacefully after one too many gigs gone off the rails. Fate, however, may have other plans, as Ladybug's latest mission puts him on a collision course with lethal adversaries from around the globe—all with connected, yet conflicting, objectives—on the world's fastest train."
7326,Juno,en,2007-12-05,96,7500000.0,232372681.0,8.6978,7.063,7718,Released,"Faced with an unplanned pregnancy, sixteen year old high-schooler, Juno MacGuff, makes an unusual decision regarding her unborn child."
324852,Despicable Me 3,en,2017-06-15,90,80000000.0,1034800131.0,13.7003,6.471,7717,Released,Gru and his wife Lucy must stop former '80s child star Balthazar Bratt from achieving world domination.
65754,The Girl with the Dragon Tattoo,en,2011-12-14,158,90000000.0,232617430.0,10.1843,7.386,7703,Released,"Disgraced journalist Mikael Blomkvist investigates the disappearance of a weary patriarch's niece from 40 years ago. He is aided by the pierced, tattooed, punk computer hacker named Lisbeth Salander. As they work together in the investigation, Blomkvist and Salander uncover immense corruption beyond anything they have ever imagined."
8909,Wanted,en,2008-06-19,110,75000000.0,342463063.0,11.7071,6.529,7694,Released,"Doormat Wesley Gibson is an office worker whose life is going nowhere. He meets an attractive woman named Fox and discovers that his recently murdered father - whom Wesley never knew - belonged to the Fraternity, a secret society of assassins which takes its orders from Fate itself. Fox and Sloan, the Fraternity's leader, teach Wesley, through intense training, to tap into dormant powers and hone his innate killing skills. Though he enjoys his newfound abilities, he begins to suspect that there is more to the Fraternity than meets the eye."
955,Mission: Impossible II,en,2000-05-24,123,125000000.0,546388108.0,11.8748,6.144,7686,Released,"With computer genius Luther Stickell at his side and a beautiful thief on his mind, agent Ethan Hunt races across Australia and Spain to stop a former IMF agent from unleashing a genetically engineered biological weapon called Chimera. This mission, should Hunt choose to accept it, plunges him into the center of an international crisis of terrifying magnitude."
62213,Dark Shadows,en,2012-05-09,113,150000000.0,245527149.0,9.5591,6.106,7670,Released,Vampire Barnabas Collins is inadvertently freed from his tomb and emerges into the very changed world of 1972. He returns to Collinwood Manor to find that his once-grand estate and family have fallen into ruin.
616,The Last Samurai,en,2003-12-05,154,140000000.0,456800000.0,14.4528,7.613,7664,Released,"Nathan Algren is an American hired to instruct the Japanese army in the ways of modern warfare, which finds him learning to respect the samurai and the honorable principles that rule them. Pressed to destroy the samurai's way of life in the name of modernization and open trade, Algren decides to become an ultimate warrior himself and to fight for their right to exist."
18240,The Proposal,en,2009-06-02,108,40000000.0,317400000.0,16.253,7.176,7663,Released,"When she learns she's in danger of losing her visa status and being deported, overbearing book editor Margaret Tate forces her put-upon assistant, Andrew Paxton, to marry her."
9339,Click,en,2006-06-23,107,82500000.0,240685326.0,10.9675,6.311,7660,Released,"A married workaholic, Michael Newman doesn't have time for his wife and children, not if he's to impress his ungrateful boss and earn a well-deserved promotion. So when he meets Morty, a loopy sales clerk, he gets the answer to his prayers: a magical remote that allows him to bypass life's little distractions with increasingly hysterical results."
427641,Rampage,en,2018-04-11,107,120000000.0,428028233.0,13.6379,6.469,7646,Released,"Primatologist Davis Okoye shares an unshakable bond with George, the extraordinarily intelligent, silverback gorilla who has been in his care since birth.  But a rogue genetic experiment gone awry mutates this gentle ape into a raging creature of enormous size.  To make matters worse, it’s soon discovered there are other similarly altered animals.  As these newly created alpha predators tear across North America, destroying everything in their path, Okoye teams with a discredited genetic engineer to secure an antidote, fighting his way through an ever-changing battlefield, not only to halt a global catastrophe but to save the fearsome creature that was once his friend."
142,Brokeback Mountain,en,2005-10-22,134,14000000.0,178043761.0,14.3486,7.786,7642,Released,"In 1960s Wyoming, two men develop a strong emotional and sexual relationship that endures as a lifelong connection complicating their lives as they get married and start families of their own."
49519,The Croods,en,2013-03-15,99,135000000.0,587204668.0,19.4868,6.944,7627,Released,"The prehistoric Croods family live in a particularly dangerous moment in time. Patriarch Grug, his mate Ugga, teenage daughter Eep, son Thunk, and feisty Gran gather food by day and huddle together in a cave at night. When a more evolved caveman named Guy arrives on the scene, Grug is distrustful, but it soon becomes apparent that Guy is correct about the impending destruction of their world."
505642,Black Panther: Wakanda Forever,en,2022-11-09,162,250000000.0,859102154.0,29.5723,7.001,7613,Released,"Queen Ramonda, Shuri, M’Baku, Okoye and the Dora Milaje fight to protect their nation from intervening world powers in the wake of King T’Challa’s death.  As the Wakandans strive to embrace their next chapter, the heroes must band together with the help of War Dog Nakia and Everett Ross and forge a new path for the kingdom of Wakanda."
398978,The Irishman,en,2019-11-01,209,159000000.0,968853.0,11.846,7.573,7608,Released,"Pennsylvania, 1956. Frank Sheeran, a war veteran of Irish origin who works as a truck driver, accidentally meets mobster Russell Bufalino. Once Frank becomes his trusted man, Bufalino sends him to Chicago with the task of helping Jimmy Hoffa, a powerful union leader related to organized crime, with whom Frank will maintain a close friendship for nearly twenty years."
376867,Moonlight,en,2016-10-21,111,4000000.0,65046687.0,11.2978,7.355,7605,Released,"The tender, heartbreaking story of a young man’s struggle to find himself, told across three defining chapters in his life as he experiences the ecstasy, pain, and beauty of falling in love, while grappling with his own sexuality."
83542,Cloud Atlas,en,2012-10-26,172,102000000.0,130482868.0,13.6595,6.896,7598,Released,"A set of six nested stories spanning time between the 19th century and a distant post-apocalyptic future. Cloud Atlas explores how the actions and consequences of individual lives impact one another throughout the past, the present and the future. Action, mystery and romance weave through the story as one soul is shaped from a killer into a hero and a single act of kindness ripples across centuries to inspire a revolution in the distant future.  Based on the award winning novel by David Mitchell. Directed by Tom Tykwer and the Wachowskis."
109424,Captain Phillips,en,2013-10-10,134,55000000.0,218791811.0,9.1119,7.542,7594,Released,"The true story of Captain Richard Phillips and the 2009 hijacking by Somali pirates of the US-flagged MV Maersk Alabama, the first American cargo ship to be hijacked in two hundred years."
7345,There Will Be Blood,en,2007-12-26,158,25000000.0,77208711.0,14.2918,8.065,7580,Released,"Ruthless silver miner, turned oil prospector, Daniel Plainview, moves to oil-rich California. Using his son to project a trustworthy, family-man image, Plainview cons local landowners into selling him their valuable properties for a pittance. However, local preacher Eli Sunday suspects Plainview's motives and intentions, starting a slow-burning feud that threatens both their lives."
38055,Megamind,en,2010-10-28,96,130000000.0,321885765.0,15.6372,7.034,7577,Released,"After Megamind, a highly intelligent alien supervillain, defeats his long-time nemesis Metro Man, Megamind creates a new hero to fight, but must act to save the city when his ""creation"" becomes an even worse villain than he was."
322,Mystic River,en,2003-10-08,138,25000000.0,156800000.0,12.7165,7.744,7573,Released,The lives of three men who were childhood friends are shattered when one of them suffers a family tragedy.
1487,Hellboy,en,2004-04-02,122,66000000.0,99318987.0,9.5035,6.7,7527,Released,"In the final days of World War II, the Nazis attempt to use black magic to aid their dying cause. The Allies raid the camp where the ceremony is taking place, but not before they summon a baby demon who is rescued by Allied forces and dubbed ""Hellboy"". Sixty years later, Hellboy serves the cause of good rather than evil as an agent in the Bureau of Paranormal Research & Defense, along with Abe Sapien - a merman with psychic powers, and Liz Sherman - a woman with pyrokinesis, protecting America against dark forces."
295693,The Boss Baby,en,2017-03-23,97,125000000.0,527965936.0,5.171,6.454,7521,Released,"A story about how a new baby's arrival impacts a family, told from the point of view of a delightfully unreliable narrator, a wildly imaginative 7 year old named Tim."
520763,A Quiet Place Part II,en,2021-05-21,97,55000000.0,297372261.0,13.0244,7.431,7518,Released,"Following the events at home, the Abbott family now face the terrors of the outside world. Forced to venture into the unknown, they realize that the creatures that hunt by sound are not the only threats that lurk beyond the sand path."
10527,Madagascar: Escape 2 Africa,en,2008-10-30,89,150000000.0,603900354.0,14.1392,6.529,7517,Released,"Alex, Marty, and other zoo animals find a way to escape from Madagascar when the penguins reassemble a wrecked airplane. The precariously repaired craft stays airborne just long enough to make it to the African continent. There the New Yorkers encounter members of their own species for the first time. Africa proves to be a wild place, but Alex and company wonder if it is better than their Central Park home."
454983,The Kissing Booth,en,2018-05-11,105,0.0,0.0,8.4785,7.16,7494,Released,"When teenager Elle's first kiss leads to a forbidden romance with the hottest boy in high school, she risks her relationship with her best friend."
10201,Yes Man,en,2008-12-09,104,70000000.0,223200000.0,13.5903,6.694,7490,Released,"Carl Allen, a guy whose life is going nowhere, signs up for a self-help program based on one simple covenant: say yes to everything…and anything."
492188,Marriage Story,en,2019-09-28,137,18000000.0,333686.0,6.7361,7.732,7483,Released,"A stage director and an actress struggle through a grueling, coast-to-coast divorce that pushes them to their personal extremes."
302946,The Accountant,en,2016-10-13,128,44000000.0,155160045.0,14.6578,7.138,7480,Released,"As a math savant uncooks the books for a new client, the Treasury Department closes in on his activities and the body count starts to rise."
508,Love Actually,en,2003-09-07,135,40000000.0,250779876.0,14.3487,7.101,7471,Released,Eight very different couples deal with their love lives in various loosely interrelated tales all set during a frantic month before Christmas in London.
150689,Cinderella,en,2015-03-06,105,95000000.0,543514353.0,20.682,6.825,7468,Released,"When her father unexpectedly passes away, young Ella finds herself at the mercy of her cruel stepmother and her daughters. Never one to give up hope, Ella's fortunes begin to change after meeting a dashing stranger in the woods."
2668,Sleepy Hollow,en,1999-11-19,105,100000000.0,206071526.0,13.5252,7.195,7469,Released,"Skeptical young detective Ichabod Crane gets transferred to the hamlet of Sleepy Hollow, New York, where he is tasked with investigating the decapitations of three people – murders the townsfolk attribute to a legendary specter, The Headless Horseman."
37735,Easy A,en,2010-09-16,93,8000000.0,75026327.0,12.1713,6.804,7462,Released,"Olive, an average high school student, sees her below-the-radar existence turn around overnight once she decides to use the school's gossip grapevine to advance her social standing. Now her classmates are turning against her and the school board is becoming concerned, including her favorite teacher and the distracted guidance counselor. With the support of her hilariously idiosyncratic parents and a little help from a long-time crush, Olive attempts to take on her notorious new identity and crush the rumor mill once and for all."
2649,The Game,en,1997-09-12,129,50000000.0,109423648.0,15.3074,7.575,7451,Released,"In honor of his birthday, San Francisco banker Nicholas Van Orton, a financial genius and a cold-hearted loner, receives an unusual present from his younger brother, Conrad: a gift certificate to play a unique kind of game. In nary a nanosecond, Nicholas finds himself consumed by a dangerous set of ever-changing rules, unable to distinguish where the charade ends and reality begins."
447404,Pokémon Detective Pikachu,en,2019-05-03,105,150000000.0,450063166.0,12.0874,6.902,7433,Released,"In a world where people collect pocket-size monsters (Pokémon) to do battle, a boy comes across an intelligent monster who seeks to be a detective."
49018,Insidious,en,2011-03-31,102,1500000.0,100106454.0,13.0789,6.9,7430,Released,"A family discovers that dark spirits have invaded their home after their son inexplicably falls into an endless sleep. When they reach out to a professional for help, they learn things are a lot more personal than they thought."
158852,Tomorrowland,en,2015-05-19,130,190000000.0,209200000.0,13.7824,6.304,7429,Released,"Bound by a shared destiny, a bright, optimistic teen bursting with scientific curiosity and a former boy-genius inventor jaded by disillusionment embark on a danger-filled mission to unearth the secrets of an enigmatic place somewhere in time and space that exists in their collective memory as ""Tomorrowland."""
37135,Tarzan,en,1999-06-17,88,130000000.0,448200000.0,12.8624,7.409,7415,Released,"Tarzan was a small orphan who was raised by an ape named Kala since he was a child. He believed that this was his family, but on an expedition Jane Porter is rescued by Tarzan. He then finds out that he's human. Now Tarzan must make the decision as to which family he should belong to..."
257211,The Intern,en,2015-09-23,121,35000000.0,194564672.0,14.5117,7.227,7411,Released,"70-year-old widower Ben Whittaker has discovered that retirement isn't all it's cracked up to be. Seizing an opportunity to get back in the game, he becomes a senior intern at an online fashion site, founded and run by Jules Ostin."
13448,Angels & Demons,en,2009-04-20,139,150000000.0,485930816.0,13.4447,6.725,7410,Released,"Harvard symbologist Robert Langdon is recruited by the Vatican to investigate the apparent return of the Illuminati – a secret, underground organization – after four cardinals are kidnapped on the night of the papal conclave."
11688,The Emperor's New Groove,en,2000-12-15,78,100000000.0,169327687.0,18.245,7.565,7385,Released,"When the self‑absorbed Emperor Kuzco is accidentally transformed into a llama, he must rely on a humble villager to survive the jungle and reclaim his throne."
296,Terminator 3: Rise of the Machines,en,2003-07-02,109,200000000.0,435000000.0,12.9043,6.2,7370,Released,"It's been 10 years since John Connor saved Earth from Judgment Day, and he's now living under the radar, steering clear of using anything Skynet can trace. That is, until he encounters T-X, a robotic assassin ordered to finish what T-1000 started. Good thing Connor's former nemesis, the Terminator, is back to aid the now-adult Connor … just like he promised."
18360,Night at the Museum: Battle of the Smithsonian,en,2009-05-20,105,150000000.0,413106170.0,10.8283,6.2,7364,Released,"Hapless museum night watchman Larry Daley must help his living, breathing exhibit friends out of a pickle now that they've been transferred to the archives at the Smithsonian Institution. Larry's (mis)adventures this time include close encounters with Amelia Earhart, Abe Lincoln and Ivan the Terrible."
527774,Raya and the Last Dragon,en,2021-03-03,107,100000000.0,130423032.0,14.6661,7.796,7362,Released,"Long ago, in the fantasy world of Kumandra, humans and dragons lived together in harmony. But when an evil force threatened the land, the dragons sacrificed themselves to save humanity. Now, 500 years later, that same evil has returned and it’s up to a lone warrior, Raya, to track down the legendary last dragon to restore the fractured land and its divided people."
68735,Warcraft,en,2016-05-25,123,160000000.0,433677183.0,9.9735,6.409,7362,Released,"The peaceful realm of Azeroth stands on the brink of war as its civilization faces a fearsome race of invaders: orc warriors fleeing their dying home to colonize another. As a portal opens to connect the two worlds, one army faces destruction and the other faces extinction. From opposing sides, two heroes are set on a collision course that will decide the fate of their family, their people, and their home."
195589,Neighbors,en,2014-05-08,97,18000000.0,270665134.0,7.3056,6.182,7356,Released,A couple with a newborn baby face unexpected difficulties after they are forced to live next to a fraternity house.
296098,Bridge of Spies,en,2015-10-15,141,40000000.0,165478348.0,9.8914,7.244,7347,Released,"During the Cold War, the Soviet Union captures U.S. pilot Francis Gary Powers after shooting down his U-2 spy plane. Sentenced to 10 years in prison, Powers' only hope is New York lawyer James Donovan, recruited by a CIA operative to negotiate his release. Donovan boards a plane to Berlin, hoping to win the young man's freedom through a prisoner exchange. If all goes well, the Russians would get Rudolf Abel, the convicted spy who Donovan defended in court."
3131,Gangs of New York,en,2002-12-14,168,100000000.0,193772504.0,8.3353,7.32,7336,Released,"In early 1860s New York, Irish immigrant Amsterdam Vallon is released from prison and returns to the Five Points, seeking revenge against his father's killer, William Cutting, a powerful anti-immigrant gang leader. He knows that revenge can only be attained by infiltrating Cutting's inner circle. Vallon's journey becomes a fight for personal survival and to find a place for the Irish people."
6957,The 40 Year Old Virgin,en,2005-08-11,116,26000000.0,177400000.0,8.4566,6.429,7327,Released,"Andy Stitzer has a pleasant life with a nice apartment and a job stamping invoices at an electronics store. But at age 40, there's one thing Andy hasn't done, and it's really bothering his sex-obsessed male co-workers: Andy is still a virgin. Determined to help Andy get laid, the guys make it their mission to de-virginize him. But it all seems hopeless until Andy meets small business owner Trish, a single mom."
419704,Ad Astra,en,2019-09-17,123,87500000.0,127461872.0,7.5076,6.133,7318,Released,"The near future, a time when both hope and hardships drive humanity to look to the stars and beyond. While a mysterious phenomenon menaces to destroy life on planet Earth, astronaut Roy McBride undertakes a mission across the immensity of space and its many perils to uncover the truth about a lost expedition that decades before boldly faced emptiness and silence in search of the unknown."
11321,Seven Pounds,en,2008-12-18,123,55000000.0,168167691.0,7.7477,7.6,7317,Released,An IRS agent with a fateful secret embarks on an extraordinary journey of redemption by forever changing the lives of seven strangers.
1933,The Others,en,2001-08-02,101,17000000.0,210002906.0,13.8977,7.618,7309,Released,"Grace is a woman who lives in an old house kept dark because her two children, Anne and Nicholas, have a rare sensitivity to light. When the family begins to suspect the house is haunted, Grace fights to protect her children at any cost in the face of strange events and disturbing visions."
100,"Lock, Stock and Two Smoking Barrels",en,1998-08-28,105,1350000.0,28356188.0,5.4201,8.096,7291,Released,A card shark and his unwillingly-enlisted friends need to make a lot of cash quick after losing a sketchy poker match. To do this they decide to pull a heist on a small-time gang who happen to be operating out of the flat next door.
370172,No Time to Die,en,2021-09-29,163,250000000.0,774153024.0,18.3504,7.339,7261,Released,"Bond has left active service and is enjoying a tranquil life in Jamaica. His peace is short-lived when his old friend Felix Leiter from the CIA turns up asking for help. The mission to rescue a kidnapped scientist turns out to be far more treacherous than expected, leading Bond onto the trail of a mysterious villain armed with dangerous new technology."
98566,Teenage Mutant Ninja Turtles,en,2014-08-07,101,125000000.0,485004754.0,16.5402,5.933,7261,Released,"When a kingpin threatens New York City, a group of mutated turtle warriors must emerge from the shadows to protect their home."
46195,Rio,en,2011-04-03,96,90000000.0,483866772.0,14.2857,6.8,7258,Released,"Captured by smugglers when he was just a hatchling, a macaw named Blu never learned to fly and lives a happily domesticated life in Minnesota with his human friend, Linda. Blu is thought to be the last of his kind, but when word comes that Jewel, a lone female, lives in Rio de Janeiro, Blu and Linda go to meet her. Animal smugglers kidnap Blu and Jewel, but the pair soon escape and begin a perilous adventure back to freedom -- and Linda."
567,Rear Window,en,1954-08-01,113,1000000.0,37042336.0,15.862,8.3,7257,Released,A wheelchair-bound photographer spies on his neighbors from his apartment window and becomes convinced one of them has committed murder.
28178,Hachi: A Dog's Tale,en,2009-06-08,93,16000000.0,46800000.0,12.1576,8.007,7255,Released,"Professor Wilson discovers a lost Akita puppy on his way home. Despite objections from his wife, Hachi endears himself to the family and grows to be Parker's loyal companion. As their bond grows deeper, a beautiful relationship unfolds."
76163,The Expendables 2,en,2012-08-15,103,100000000.0,314975955.0,10.227,6.354,7252,Released,"Mr. Church reunites the Expendables for what should be an easy paycheck, but when one of their men is murdered on the job, their quest for revenge puts them deep in enemy territory and up against an unexpected threat."
9543,Prince of Persia: The Sands of Time,en,2010-05-19,116,200000000.0,336365676.0,9.9887,6.3,7249,Released,"A rogue prince reluctantly joins forces with a mysterious princess and together, they race against dark forces to safeguard an ancient dagger capable of releasing the Sands of Time – gift from the gods that can reverse time and allow its possessor to rule the world."
439079,The Nun,en,2018-09-05,96,22000000.0,366082797.0,19.4048,5.909,7244,Released,A priest with a dark past and a novice nearing her final vows are sent by the Vatican to Romania to investigate a nun's death and face a demonic force.
81188,Rise of the Guardians,en,2012-11-21,97,145000000.0,306941670.0,12.0601,7.38,7226,Released,"When an evil spirit known as Pitch lays down the gauntlet to take over the world, the immortal Guardians must join forces for the first time to protect the hopes, beliefs and imagination of children all over the world."
11224,Cinderella,en,1950-02-22,74,2900000.0,263600000.0,16.7847,7.051,7222,Released,"Cinderella has faith her dreams of a better life will come true. With help from her loyal mice friends and a wave of her Fairy Godmother's wand, Cinderella's rags are magically turned into a glorious gown and off she goes to the Royal Ball. But when the clock strikes midnight, the spell is broken, leaving a single glass slipper... the only key to the ultimate fairy-tale ending!"
44896,Rango,en,2011-03-02,107,135000000.0,245724603.0,15.2998,6.912,7220,Released,"When Rango, a lost family pet, accidentally winds up in the gritty, gun-slinging Western town of Dirt, the theater-loving lizard suddenly finds himself the newly appointed sheriff. Welcomed as the last hope the town has been waiting for, Rango is forced to play his new role to the hilt and uncover the truth behind a looming water crisis—before his act catches up with him."
39514,RED,en,2010-10-13,111,58000000.0,199006387.0,13.8435,6.706,7220,Released,"After surviving an assault from a squad of hit men, retired CIA black ops agent Frank Moses reassembles his old team for an all-out war. Frank reunites with old Joe, crazy Marvin and wily Victoria to uncover a massive conspiracy that threatens their lives. Only their expert training will allow them to survive a near-impossible mission -- breaking into CIA headquarters."
166428,How to Train Your Dragon: The Hidden World,en,2019-01-03,104,129000000.0,539987993.0,16.2727,7.754,7210,Released,"As Hiccup fulfills his dream of creating a peaceful dragon utopia, Toothless’ discovery of an untamed, elusive mate draws the Night Fury away. When danger mounts at home and Hiccup’s reign as village chief is tested, both dragon and rider must make impossible decisions to save their kind."
380,Rain Man,en,1988-12-12,134,25000000.0,354825435.0,12.204,7.753,7203,Released,"When car dealer Charlie Babbitt learns that his estranged father has died, he returns home to Cincinnati, where he discovers that he has a savant older brother named Raymond and that his father's $3 million fortune is being left to the mental institution in which Raymond lives. Motivated by his father's money, Charlie checks Raymond out of the facility in order to return with him to Los Angeles. The brothers' cross-country trip ends up changing both their lives."
206487,Predestination,en,2014-08-28,98,5500000.0,4942449.0,11.8061,7.416,7201,Released,"Predestination chronicles the life of a Temporal Agent sent on an intricate series of time-travel journeys designed to prevent future killers from committing their crimes. Now, on his final assignment, the Agent must stop the one criminal that has eluded him throughout time and prevent a devastating attack in which thousands of lives will be lost."
82675,Taken 2,en,2012-09-27,91,45000000.0,376100000.0,12.5446,6.37,7194,Released,"In Istanbul, retired CIA operative Bryan Mills and his wife are taken hostage by the father of a kidnapper Mills killed while rescuing his daughter."
188927,Star Trek Beyond,en,2016-07-07,122,185000000.0,343471816.0,16.1067,6.792,7186,Released,"The USS Enterprise crew explores the furthest reaches of uncharted space, where they encounter a mysterious new enemy who puts them and everything the Federation stands for to the test."
507086,Jurassic World Dominion,en,2022-06-01,147,658800000.0,1004004592.0,22.0731,6.602,7181,Released,"Four years after Isla Nublar was destroyed, dinosaurs now live—and hunt—alongside humans all over the world. This fragile balance will reshape the future and determine, once and for all, whether human beings are to remain the apex predators on a planet they now share with history's most fearsome creatures."
381283,mother!,en,2017-09-13,121,30000000.0,44516999.0,9.731,6.952,7181,Released,"A couple's relationship is tested when uninvited guests arrive at their home, disrupting their tranquil existence."
364,Batman Returns,en,1992-06-19,126,80000000.0,280000000.0,12.3451,6.95,7180,Released,"The monstrous Penguin, who dwells in the sewers beneath Gotham, joins up with corrupt mayoral candidate Max Shreck to topple the Batman once and for all. But when Shreck's timid assistant Selina Kyle finds out, and Shreck tries to kill her, she's transformed into the sexy Catwoman. She teams up with the Penguin and Shreck to destroy Batman, but sparks fly unexpectedly when she confronts the caped crusader."
76757,Jupiter Ascending,en,2015-02-04,127,176000000.0,184000000.0,11.827,5.471,7178,Released,"In a universe where human genetic material is the most precious commodity, an impoverished young Earth woman becomes the key to strategic maneuvers and internal strife within a powerful dynasty…"
37686,Super 8,en,2011-06-09,112,50000000.0,260100000.0,9.3825,6.781,7177,Released,"In late 1970s Ohio, a group of friends filming a homemade zombie movie witness a devastating train derailment. Soon after, their quiet town is gripped by unexplained disappearances, strange phenomena, and a growing sense of fear, as they uncover that something terrifying has been set loose."
320288,Dark Phoenix,en,2019-06-05,114,200000000.0,252442974.0,20.2763,5.966,7173,Released,"The X-Men face their most formidable and powerful foe when one of their own, Jean Grey, starts to spiral out of control. During a rescue mission in outer space, Jean is nearly killed when she's hit by a mysterious cosmic force. Once she returns home, this force not only makes her infinitely more powerful, but far more unstable. The X-Men must now band together to save her soul and battle aliens that want to use Grey's new abilities to rule the galaxy."
11544,Lilo & Stitch,en,2002-06-21,85,80000000.0,273144151.0,19.683,7.56,7173,Released,"As Stitch, a runaway genetic experiment from a faraway planet, wreaks havoc on the Hawaiian Islands, he becomes the mischievous adopted alien ""puppy"" of an independent little girl named Lilo and learns about loyalty, friendship, and ʻohana, the Hawaiian tradition of family."
60304,Hansel & Gretel: Witch Hunters,en,2013-01-17,88,50000000.0,226349749.0,9.7588,6.107,7169,Released,"After getting a taste for blood as children, Hansel and Gretel have become the ultimate vigilantes, hell-bent on retribution. Now, unbeknownst to them, Hansel and Gretel have become the hunted, and must face an evil far greater than witches... their past."
345,Eyes Wide Shut,en,1999-07-16,159,65000000.0,162100000.0,21.5606,7.485,7168,Released,"After Dr. Bill Harford's wife, Alice, admits to having sexual fantasies about a man she met, Bill becomes obsessed with having a sexual encounter. He discovers an underground sexual group and attends one of their meetings -- and quickly discovers that he is in over his head."
1018,Mulholland Drive,en,2001-06-06,147,15000000.0,20289986.0,14.7616,7.798,7156,Released,"Blonde Betty Elms has only just arrived in Hollywood to become a movie star when she meets an enigmatic brunette with amnesia. Meanwhile, as the two set off to solve the second woman's identity, filmmaker Adam Kesher runs into ominous trouble while casting his latest project."
293863,The Age of Adaline,en,2015-04-16,112,25000000.0,65663276.0,9.513,7.466,7145,Released,"After 29-year-old Adaline recovers from a nearly lethal accident, she inexplicably stops growing older. As the years stretch on and on, Adaline keeps her secret to herself  until she meets a man who changes her life."
534,Terminator Salvation,en,2009-05-20,115,200000000.0,371353001.0,13.1877,6.099,7142,Released,"All grown up in post-apocalyptic 2018, John Connor must lead the resistance of humans against the increasingly dominating militaristic robots. But when Marcus Wright appears, his existence confuses the mission as Connor tries to determine whether Wright has come from the future or the past -- and whether he's friend or foe."
436270,Black Adam,en,2022-10-19,125,200000000.0,393452111.0,24.1838,6.785,7140,Released,"Nearly 5,000 years after he was bestowed with the almighty powers of the Egyptian gods—and imprisoned just as quickly—Black Adam is freed from his earthly tomb, ready to unleash his unique form of justice on the modern world."
117263,Olympus Has Fallen,en,2013-03-20,120,70000000.0,170270201.0,10.7694,6.415,7135,Released,"When the White House (Secret Service Code: ""Olympus"") is captured by a terrorist mastermind and the President is kidnapped, disgraced former Presidential guard Mike Banning finds himself trapped within the building. As the national security team scrambles to respond, they are forced to rely on Banning's inside knowledge to help retake the White House, save the President and avert an even bigger disaster."
337401,Mulan,en,2020-09-04,115,200000000.0,69965374.0,11.6685,6.822,7105,Released,"When the Emperor of China issues a decree that one man per family must serve in the Imperial Chinese Army to defend the country from Huns, Hua Mulan, the eldest daughter of an honored warrior, steps in to take the place of her ailing father. She is spirited, determined and quick on her feet. Disguised as a man by the name of Hua Jun, she is tested every step of the way and must harness her innermost strength and embrace her true potential."
676,Pearl Harbor,en,2001-05-21,183,140000000.0,449220945.0,15.4478,6.934,7093,Released,"The lifelong friendship between Rafe McCawley and Danny Walker is put to the ultimate test when the two ace fighter pilots become entangled in a love triangle with beautiful Naval nurse Evelyn Johnson. But the rivalry between the friends-turned-foes is immediately put on hold when they find themselves at the center of Japan's devastating attack on Pearl Harbor on Dec. 7, 1941."
11631,Mamma Mia!,en,2008-07-03,108,52000000.0,609841637.0,14.4752,6.964,7091,Released,A spirited young bride-to-be living with her single mother on a small Greek island secretly invites three of her mother's ex-boyfriends in hope of finding her biological father to walk her down the aisle.
7446,Tropic Thunder,en,2008-08-09,107,92000000.0,195702811.0,12.1721,6.722,7087,Released,"A group of self-absorbed actors set out to make the most expensive war film ever. After ballooning costs force the studio to cancel the movie, the frustrated director refuses to stop shooting, leading his cast into the jungles of Southeast Asia, where they encounter real bad guys."
328387,Nerve,en,2016-06-27,96,19000000.0,85241496.0,5.1813,6.996,7063,Released,"Industrious high school senior Vee Delmonico has had it with living life on the sidelines. When pressured by friends to join the popular online game Nerve, Vee decides to sign up for just one dare in what seems like harmless fun. But as she finds herself caught up in the thrill of the adrenaline-fueled competition partnered with a mysterious stranger, the game begins to take a sinister turn with increasingly dangerous acts, leading her into a high stakes finale that will determine her entire future."
927,Gremlins,en,1984-06-08,106,11000000.0,153083102.0,10.8919,7.144,7062,Released,"After receiving an exotic small animal as a Christmas gift, a young man inadvertently breaks three important rules concerning his new pet, which unleashes a horde of malevolently mischievous creatures on a small town."
1576,Resident Evil,en,2002-03-15,100,33000000.0,102984862.0,8.4969,6.668,7047,Released,"When a virus leaks from a top-secret facility, turning all resident researchers into ravenous zombies and their lab animals into mutated hounds from hell, the government sends in an elite military task force to contain the outbreak."
9737,Bad Boys,en,1995-04-07,119,19000000.0,141407024.0,16.4068,6.832,7046,Released,"Marcus Burnett is a henpecked family man. Mike Lowrey is a footloose and fancy free ladies' man. Both Miami policemen, they have 72 hours to reclaim a consignment of drugs stolen from under their station's nose. To complicate matters, in order to get the assistance of the sole witness to a murder, they have to pretend to be each other."
262504,Allegiant,en,2016-03-09,120,110000000.0,179246868.0,8.0494,6.1,7044,Released,Beatrice Prior and Tobias Eaton venture into the world outside of the fence and are taken into protective custody by a mysterious agency known as the Bureau of Genetic Welfare.
270303,It Follows,en,2015-02-04,101,2300000.0,23374076.0,21.1533,6.58,7039,Released,A young woman is followed by an unknown supernatural force after a sexual encounter.
53182,300: Rise of an Empire,en,2014-03-05,102,110000000.0,337580051.0,12.1249,6.124,7034,Released,"Greek general Themistocles attempts to unite all of Greece by leading the charge that will change the course of the war. Themistocles faces the massive invading Persian forces led by mortal-turned-god, Xerxes and Artemesia, the vengeful commander of the Persian navy."
184,Jackie Brown,en,1997-12-25,154,12000000.0,74727492.0,10.0123,7.356,7026,Released,"Jackie Brown is a flight attendant who gets caught in the middle of smuggling cash into the country for her gunrunner boss. When the cops try to use Jackie to get to her boss, she hatches a plan — with help from a bail bondsman — to keep the money for herself."
335787,Uncharted,en,2022-02-10,116,120000000.0,407141258.0,16.9449,6.88,7022,Released,"A young street-smart, Nathan Drake and his wisecracking partner Victor “Sully” Sullivan embark on a dangerous pursuit of “the greatest treasure never found” while also tracking clues that may lead to Nathan’s long-lost brother."
782,Gattaca,en,1997-07-09,107,36000000.0,12532777.0,10.9016,7.569,7023,Released,"Vincent is an all-too-human man who dares to defy a system obsessed with genetic perfection. He is an ""In-Valid"" who assumes the identity of a member of the genetic elite to pursue his goal of traveling into space with the Gattaca Aerospace Corporation."
334543,Lion,en,2016-11-24,118,12000000.0,140312928.0,8.45,8.04,7011,Released,"A five-year-old Indian boy gets lost on the streets of Calcutta, thousands of kilometers from home. He survives many challenges before being adopted by a couple in Australia; 25 years later, he sets out to find his lost family."
661374,Glass Onion: A Knives Out Mystery,en,2022-11-23,140,40000000.0,15000000.0,13.62,7.028,6991,Released,World-famous detective Benoit Blanc heads to Greece to peel back the layers of a mystery surrounding a tech billionaire and his eclectic crew of friends.
1368,First Blood,en,1982-10-22,93,15000000.0,125212904.0,17.8829,7.511,6983,Released,"When former Green Beret John Rambo is harassed by local law enforcement and arrested for vagrancy, he is forced to flee into the mountains and wage an escalating one-man war against his pursuers."
298,Ocean's Thirteen,en,2007-06-05,122,85000000.0,311312624.0,10.0498,6.728,6983,Released,"Danny Ocean's team of criminals are back and composing a plan more personal than ever. When ruthless casino owner Willy Bank doublecrosses Reuben Tishkoff, causing a heart attack, Danny Ocean vows that he and his team will do anything to bring down Willy Bank along with everything he's got. Even if it means asking for help from an enemy."
254320,The Lobster,en,2015-10-15,119,4000000.0,15700000.0,10.762,7.022,6982,Released,"In a dystopian near future, single people, according to the laws of The City, are taken to The Hotel, where they are obliged to find a romantic partner in forty-five days or are transformed into animals and sent off into The Woods."
2059,National Treasure,en,2004-11-19,131,100000000.0,347500000.0,11.4115,6.654,6962,Released,"Modern treasure hunters, led by archaeologist Ben Gates, search for a chest of riches rumored to have been stashed away by George Washington, Thomas Jefferson and Benjamin Franklin during the Revolutionary War. The chest's whereabouts may lie in secret clues embedded in the Constitution and the Declaration of Independence, and Gates is in a race to find the gold before his enemies do."
5255,The Polar Express,en,2004-11-10,100,165000000.0,318432432.0,10.7109,6.722,6956,Released,"When a doubting young boy takes an extraordinary train ride to the North Pole, he embarks on a journey of self-discovery that shows him that the wonder of life never fades for those who believe."
57214,Project X,en,2012-03-01,88,12000000.0,102731865.0,14.6188,6.921,6955,Released,"Three high school seniors throw a party to make a name for themselves. As the night progresses, things spiral out of control as word of the party spreads."
242,The Godfather Part III,en,1990-12-25,162,54000000.0,136766062.0,15.8848,7.42,6952,Released,"In the midst of trying to legitimize his business dealings in 1979 New York and Italy, aging mafia don, Michael Corleone seeks forgiveness for his sins while taking a young protege under his wing."
203801,The Man from U.N.C.L.E.,en,2015-08-13,116,75000000.0,110045109.0,10.3468,7.079,6947,Released,"At the height of the Cold War, a mysterious criminal organization plans to use nuclear weapons and technology to upset the fragile balance of power between the United States and Soviet Union. CIA agent Napoleon Solo and KGB agent Illya Kuryakin are forced to put aside their hostilities and work together to stop the evildoers in their tracks. The duo's only lead is the daughter of a missing German scientist, whom they must find soon to prevent a global catastrophe."
1637,Speed,en,1994-06-09,116,30000000.0,350448145.0,12.4849,7.158,6947,Released,Tensions run high when a crazed bomber rigs a Los Angeles bus with a device that will kill everyone on board if the vehicle's speed dips below fifty miles per hour.
460465,Mortal Kombat,en,2021-04-07,110,20000000.0,84426031.0,21.0683,7.048,6939,Released,"Washed-up MMA fighter Cole Young, unaware of his heritage, and hunted by Emperor Shang Tsung's best warrior, Sub-Zero, seeks out and trains with Earth's greatest champions as he prepares to stand against the enemies of Outworld in a high stakes battle for the universe."
114150,Pitch Perfect,en,2012-09-28,112,17000000.0,115647737.0,10.7817,7.265,6937,Released,"College student Beca knows she does not want to be part of a clique, but that's exactly where she finds herself after arriving at her new school. Thrust in among mean gals, nice gals and just plain weird gals, Beca finds that the only thing they have in common is how well they sing together. She takes the women of the group out of their comfort zone of traditional arrangements and into a world of amazing harmonic combinations in a fight to the top of college music competitions."
109414,This Is the End,en,2013-06-12,106,32000000.0,126041322.0,8.8855,6.231,6934,Released,"While attending a party at James Franco's house, Seth Rogen, Jay Baruchel and many other celebrities are faced with the apocalypse."
1813,The Devil's Advocate,en,1997-10-17,144,57000000.0,153000000.0,14.939,7.48,6922,Released,"Aspiring Florida defense lawyer Kevin Lomax accepts a job at a New York law firm. With the stakes getting higher every case, Kevin quickly learns that his boss has something far more evil planned."
331482,Little Women,en,2019-12-25,135,40000000.0,332103783.0,18.1222,7.8,6921,Released,Four sisters come of age in America in the aftermath of the Civil War.
82700,After Earth,en,2013-05-30,100,130000000.0,243843127.0,8.2539,5.18,6917,Released,"One thousand years after cataclysmic events forced humanity's escape from Earth, Nova Prime has become mankind's new home. Legendary General Cypher Raige returns from an extended tour of duty to his estranged family, ready to be a father to his 13-year-old son, Kitai. When an asteroid storm damages Cypher and Kitai's craft, they crash-land on a now unfamiliar and dangerous Earth. As his father lies dying in the cockpit, Kitai must trek across the hostile terrain to recover their rescue beacon. His whole life, Kitai has wanted nothing more than to be a soldier like his father. Today, he gets his chance."
22881,The Blind Side,en,2009-11-20,129,29000000.0,309231694.0,12.0295,7.666,6909,Released,"The story of Michael Oher, a homeless and traumatized boy who became an All American football player and first round NFL draft pick with the help of a caring woman and her family."
334533,Captain Fantastic,en,2016-07-08,119,5000000.0,23123592.0,8.3016,7.889,6900,Released,"Deep in the forests of the Pacific Northwest, a father devoted to raising his six kids with a rigorous physical and intellectual education is forced to leave his paradise and enter the world, beginning a journey that challenges his idea of what it means to be a parent."
51540,Horrible Bosses,en,2011-07-08,98,35000000.0,209838559.0,8.3662,6.575,6881,Released,"For Nick, Kurt and Dale, the only thing that would make the daily grind more tolerable would be to grind their intolerable bosses into dust. Quitting is not an option, so, with the benefit of a few-too-many drinks and some dubious advice from a hustling ex-con, the three friends devise a convoluted and seemingly foolproof plan to rid themselves of their respective employers... permanently."
68728,Oz the Great and Powerful,en,2013-03-07,130,200000000.0,491868548.0,7.8565,5.938,6869,Released,"Oscar Diggs, a small-time circus illusionist and con-artist, is whisked from Kansas to the Land of Oz where the inhabitants assume he's the great wizard of prophecy, there to save Oz from the clutches of evil."
2454,The Chronicles of Narnia: Prince Caspian,en,2008-05-15,150,225000000.0,419665568.0,13.9562,6.636,6852,Released,"One year after their incredible adventures in the Lion, the Witch and the Wardrobe, Peter, Edmund, Lucy and Susan Pevensie return to Narnia to aid a young prince whose life has been threatened by the evil King Miraz. Now, with the help of a colorful cast of new characters, including Trufflehunter the badger and Nikabrik the dwarf, the Pevensie clan embarks on an incredible quest to ensure that Narnia is returned to its rightful heir."
43074,Ghostbusters,en,2016-07-14,117,144000000.0,229147509.0,11.6333,5.342,6845,Released,"Following a ghost invasion of Manhattan, paranormal enthusiasts Erin Gilbert and Abby Yates, nuclear engineer Jillian Holtzmann, and subway worker Patty Tolan band together to stop the otherworldly threat."
36647,Blade,en,1998-08-21,121,45000000.0,131183530.0,21.6873,6.849,6842,Released,"The Daywalker known as ""Blade"" - a half-vampire, half-mortal man - becomes the protector of humanity against an underground army of vampires."
1022789,Inside Out 2,en,2024-06-11,97,200000000.0,1698863816.0,25.3455,7.543,6840,Released,"Teenager Riley's mind headquarters is undergoing a sudden demolition to make room for something entirely unexpected: new Emotions! Joy, Sadness, Anger, Fear and Disgust, who’ve long been running a successful operation by all accounts, aren’t sure how to feel when Anxiety shows up. And it looks like she’s not alone."
241259,Alice Through the Looking Glass,en,2016-05-25,113,170000000.0,299457024.0,10.947,6.565,6836,Released,Alice Kingsleigh returns to Underland and faces a new adventure in saving the Mad Hatter.
8467,Dumb and Dumber,en,1994-12-16,107,16000000.0,247275374.0,13.854,6.662,6829,Released,"Lloyd and Harry are two men whose stupidity is really indescribable. When Mary, a beautiful woman, loses an important suitcase with money before she leaves for Aspen, the two friends (who have found the suitcase) decide to return it to her. After some ""adventures"" they finally get to Aspen where, using the lost money they live it up and fight for Mary's heart."
335988,Transformers: The Last Knight,en,2017-06-16,154,217000000.0,605425157.0,13.9562,6.06,6820,Released,"Humans and Transformers are at war. Optimus Prime is gone. The key to saving our future lies buried in the secrets of the past, in the hidden history of Transformers on Earth. Saving our world falls upon the shoulders of an unlikely alliance: Cade Yeager; Bumblebee; an English Lord; and an Oxford Professor."
9532,Final Destination,en,2000-03-17,98,23000000.0,112880294.0,13.2913,6.6,6819,Released,"After a teenager has a terrifying vision of him and his friends dying in a plane crash, he prevents the accident only to have Death hunt them down, one by one."
47964,A Good Day to Die Hard,en,2013-02-06,98,92000000.0,304654182.0,6.627,5.329,6817,Released,"Iconoclastic, take-no-prisoners cop John McClane, finds himself for the first time on foreign soil after traveling to Moscow to help his wayward son Jack - unaware that Jack is really a highly-trained CIA operative out to stop a nuclear weapons heist. With the Russian underworld in pursuit, and battling a countdown to war, the two McClanes discover that their opposing methods make them unstoppable heroes."
373571,Godzilla: King of the Monsters,en,2019-05-29,132,170000000.0,387300138.0,17.9725,6.689,6810,Released,"Follows the heroic efforts of the crypto-zoological agency Monarch as its members face off against a battery of god-sized monsters, including the mighty Godzilla, who collides with Mothra, Rodan, and his ultimate nemesis, the three-headed King Ghidorah. When these ancient super-species, thought to be mere myths, rise again, they all vie for supremacy, leaving humanity's very existence hanging in the balance."
509,Notting Hill,en,1999-05-21,124,42000000.0,363889678.0,13.543,7.266,6803,Released,London bookstore owner William Thacker's quiet life turns upside down when a chance encounter with famous actress Anna Scott sparks an unlikely romance challenged by their vastly different worlds.
38365,Grown Ups,en,2010-06-24,102,80000000.0,271457606.0,24.8149,6.431,6790,Released,"After their high school basketball coach passes away, five good friends and former teammates reunite for a Fourth of July holiday weekend."
20504,The Book of Eli,en,2010-01-14,118,80000000.0,157107755.0,10.4837,6.805,6786,Released,"A post-apocalyptic tale, in which a lone man fights his way across America in order to protect a sacred book that holds the secrets to saving humankind."
565,The Ring,en,2002-10-18,115,48000000.0,249348933.0,13.0972,6.708,6780,Released,Journalist Rachel Keller investigates a strange videotape that may be behind the untimely deaths of four teenagers. There is an urban legend about this tape: the viewer will die seven days after watching it. Rachel tracks down the video... and watches it. Now she has just seven days to unravel the mystery of the Ring in order to save herself and her son.
10555,Shark Tale,en,2004-09-20,90,75000000.0,367300000.0,13.466,6.045,6779,Released,"Oscar is a small fish whose big aspirations often get him into trouble. Meanwhile, Lenny is a great white shark with a surprising secret that no sea creature would guess: He's a vegetarian. When a lie turns Oscar into an improbable hero and Lenny becomes an outcast, the two form an unlikely friendship."
238636,The Purge: Anarchy,en,2014-07-17,103,9000000.0,111928365.0,9.3824,6.618,6771,Released,"One night per year, the government sanctions a 12-hour period in which citizens can commit any crime they wish -- including murder -- without fear of punishment or imprisonment. Leo, a sergeant who lost his son, plans a vigilante mission of revenge during the mayhem. However, instead of a death-dealing avenger, he becomes the unexpected protector of four innocent strangers who desperately need his help if they are to survive the night."
18823,Clash of the Titans,en,2010-03-26,106,125000000.0,493214993.0,13.0804,5.925,6767,Released,"Born of a god but raised as a man, Perseus is helpless to save his family from Hades, vengeful god of the underworld. With nothing to lose, Perseus volunteers to lead a dangerous mission to defeat Hades before he can seize power from Zeus and unleash hell on earth. Battling unholy demons and fearsome beasts, Perseus and his warriors will only survive if Perseus accepts his power as a god, defies fate and creates his own destiny."
7131,Van Helsing,en,2004-05-03,132,160000000.0,300257475.0,16.0022,6.425,6767,Released,Famed monster slayer Gabriel Van Helsing is dispatched to Transylvania to assist the last of the Valerious bloodline in defeating Count Dracula. Anna Valerious reveals that Dracula has formed an unholy alliance with Dr. Frankenstein's monster and is hell-bent on exacting a centuries-old curse on her family.
80278,The Impossible,en,2012-09-09,113,45000000.0,198100000.0,12.6195,7.374,6765,Released,"In December 2004, close-knit family Maria, Henry and their three sons begin their winter vacation in Thailand. But the day after Christmas, the idyllic holiday turns into an incomprehensible nightmare when a terrifying roar rises from the depths of the sea, followed by a wall of black water that devours everything in its path. Though Maria and her family face their darkest hour, unexpected displays of kindness and courage ameliorate their terror."
1572,Die Hard: With a Vengeance,en,1995-05-19,128,90000000.0,366101666.0,16.4415,7.284,6758,Released,"New York detective John McClane is back and kicking bad-guy butt in the third installment of this action-packed series, which finds him teaming with civilian Zeus Carver to prevent the loss of innocent lives. McClane thought he'd seen it all, until a genius named Simon engages McClane, his new ""partner"" -- and his beloved city -- in a deadly game that demands their concentration."
644,A.I. Artificial Intelligence,en,2001-06-29,146,100000000.0,235926552.0,12.4265,7.067,6758,Released,"David, a robotic boy—the first of his kind programmed to love—is adopted as a test case by a Cybertronics employee and his wife. Though he gradually becomes their child, a series of unexpected circumstances make this life impossible for David."
687163,Project Hail Mary,en,2026-03-15,157,200000000.0,684234722.0,162.7023,8.659,6750,Released,"Science teacher Ryland Grace wakes up on a spaceship light years from home with no recollection of who he is or how he got there. As his memory returns, he begins to uncover his mission: solve the riddle of the mysterious substance causing the sun to die out. He must call on his scientific knowledge and unorthodox ideas to save everything on Earth from extinction."
390043,The Hitman's Bodyguard,en,2017-08-16,118,30000000.0,176586701.0,9.6995,6.894,6744,Released,"The world’s top bodyguard gets a new client, a hitman who must testify at the International Court of Justice. They must put their differences aside and work together to make it to the trial on time."
522627,The Gentlemen,en,2020-01-01,113,22000000.0,115171795.0,13.4423,7.659,6732,Released,"American expat Mickey Pearson has built a highly profitable marijuana empire in London. When word gets out that he’s looking to cash out of the business forever it triggers plots, schemes, bribery and blackmail in an attempt to steal his domain out from under him."
9325,The Jungle Book,en,1967-10-18,78,4000000.0,378000000.0,12.3681,7.288,6725,Released,"The boy Mowgli makes his way to the man-village with Bagheera, the wise panther. Along the way he meets jazzy King Louie, the hypnotic snake Kaa and the lovable, happy-go-lucky bear Baloo, who teaches Mowgli ""The Bare Necessities"" of life and the true meaning of friendship."
497582,Enola Holmes,en,2020-09-22,123,21000000.0,0.0,14.2098,7.224,6724,Released,"While searching for her missing mother, intrepid teen Enola Holmes uses her sleuthing skills to outsmart big brother Sherlock and help a runaway lord."
424783,Bumblebee,en,2018-11-22,114,135000000.0,467989645.0,10.9607,6.721,6723,Released,"On the run in the year 1987, Bumblebee finds refuge in a junkyard in a small Californian beach town. Charlie, on the cusp of turning 18 and trying to find her place in the world, discovers Bumblebee, battle-scarred and broken.  When Charlie revives him, she quickly learns this is no ordinary yellow VW bug."
12230,One Hundred and One Dalmatians,en,1961-01-25,79,3600000.0,303000000.0,12.1669,7.176,6721,Released,"When a litter of dalmatian puppies are abducted by the minions of Cruella De Vil, the parents must find them before she uses them for a diabolical fashion statement."
207932,Inferno,en,2016-10-13,122,75000000.0,220021259.0,9.6882,6.1,6715,Released,"After waking up in a hospital with amnesia, professor Robert Langdon and a doctor must race against time to foil a deadly global plot."
2034,Training Day,en,2001-10-05,122,45000000.0,104900000.0,13.6927,7.527,6710,Released,"On his first day on the job as a narcotics officer, a rookie cop works with a rogue detective who isn't what he appears."
788,Mrs. Doubtfire,en,1993-11-24,125,25000000.0,441286195.0,15.6236,7.2,6707,Released,"Loving but irresponsible dad Daniel Hillard, estranged from his exasperated spouse, is crushed by a court order allowing only weekly visits with his kids. When Daniel learns his ex needs a housekeeper, he gets the job -- disguised as a British nanny. Soon he becomes not only his children's best pal but the kind of parent he should have been from the start."
545609,Extraction,en,2020-04-23,116,65000000.0,0.0,10.7333,7.289,6700,Released,A hardened gun-for-hire's latest mission becomes a soul-searching race to survive when he's sent into Bangladesh to rescue a drug lord's kidnapped son.
341013,Atomic Blonde,en,2017-07-26,115,30000000.0,100014025.0,9.6571,6.437,6699,Released,An undercover MI6 agent is sent to Berlin during the Cold War to investigate the murder of a fellow agent and recover a missing list of double agents.
277,Underworld,en,2003-09-19,122,22000000.0,95708457.0,10.0581,6.9,6689,Released,"Vampires and werewolves have waged a nocturnal war against each other for centuries. But all bets are off when a female vampire warrior named Selene, who's famous for her strength and werewolf-hunting prowess, becomes smitten with a peace-loving male werewolf, Michael, who wants to end the war."
140300,Kung Fu Panda 3,en,2016-01-23,95,145000000.0,521170825.0,16.305,6.933,6687,Released,"While Po and his father are visiting a secret panda village, an evil spirit threatens all of China, forcing Po to form a ragtag army to fight back."
86834,Noah,en,2014-03-07,138,125000000.0,362600000.0,8.6718,5.678,6670,Released,A man who suffers visions of an apocalyptic deluge takes measures to protect his family from the coming flood.
80321,Madagascar 3: Europe's Most Wanted,en,2012-06-06,93,145000000.0,746921274.0,15.0584,6.647,6657,Released,"Animal pals Alex, Marty, Melman, and Gloria are still trying to make it back to New York's Central Park Zoo. They are forced to take a detour to Europe to find the penguins and chimps who broke the bank at a Monte Carlo casino. When French animal-control officer Capitaine Chantel DuBois picks up their scent, Alex and company are forced to hide out in a traveling circus."
59859,Kick-Ass 2,en,2013-07-17,103,28000000.0,60795985.0,10.2906,6.403,6650,Released,"After Kick-Ass' insane bravery inspires a new wave of self-made masked crusaders, he joins a patrol led by the Colonel Stars and Stripes. When these amateur superheroes are hunted down by Red Mist — reborn as The Mother Fucker — only the blade-wielding Hit-Girl can prevent their annihilation."
508439,Onward,en,2020-02-29,102,200000000.0,141888276.0,11.0174,7.637,6646,Released,"In a suburban fantasy world, two teenage elf brothers embark on an extraordinary quest to discover if there is still a little magic left out there."
12477,Grave of the Fireflies,ja,1988-04-16,89,3700000.0,842132.0,0.017,8.442,6646,Released,"In the final months of World War II, 14-year-old Seita and his sister Setsuko are orphaned when their mother is killed during an air raid in Kobe, Japan. After a falling out with their aunt, they move into an abandoned bomb shelter. With no surviving relatives and their emergency rations depleted, Seita and Setsuko struggle to survive."
38575,The Karate Kid,en,2010-06-10,140,40000000.0,359126022.0,16.4108,6.567,6643,Released,"12-year-old Dre Parker could've been the most popular kid in Detroit, but his mother's latest career move has landed him in China. Dre immediately falls for his classmate Mei Ying but the cultural differences make such a friendship impossible. Even worse, Dre's feelings make him an enemy of the class bully, Cheng. With no friends in a strange land, Dre has nowhere to turn but maintenance man Mr. Han, who is a kung fu master. As Han teaches Dre that kung fu is not about punches and parries, but maturity and calm, Dre realizes that facing down the bullies will be the fight of his life."
524,Casino,en,1995-11-22,179,50000000.0,116112375.0,11.4592,7.996,6639,Released,"In Las Vegas, two best friends--a casino executive and a Mafia enforcer--compete for a gambling empire and a fast-living, fast-loving socialite."
440021,Happy Death Day,en,2017-10-12,97,4800000.0,125479266.0,7.6662,6.659,6631,Released,"Caught in a bizarre and terrifying time warp, college student Tree finds herself repeatedly reliving the day of her murder, ultimately realizing that she must identify the killer and the reason for her death before her chances of survival run out."
423108,The Conjuring: The Devil Made Me Do It,en,2021-05-25,111,39000000.0,206444123.0,18.9382,7.344,6629,Released,"Paranormal investigators Ed and Lorraine Warren encounter what would become one of the most sensational cases from their files. The fight for the soul of a young boy takes them beyond anything they'd ever seen before, to mark the first time in U.S. history that a murder suspect would claim demonic possession as a defense."
235,Stand by Me,en,1986-08-08,89,8000000.0,52289686.0,15.854,7.835,6625,Released,"After learning that a boy their age has been accidentally killed near their rural homes, four boys decide to go see the body. Gordie, Vern, Chris, and Teddy encounter a mean junk man and a marsh full of leeches, but they also learn more about one another and their very different home lives. Just a lark at first, the boys' adventure evolves into a defining event in their lives."
39538,Contagion,en,2011-09-08,106,60000000.0,137551594.0,9.573,6.651,6623,Released,"As an epidemic of a lethal airborne virus - that kills within days - rapidly grows, the worldwide medical community races to find a cure and control the panic that spreads faster than the virus itself."
250546,Annabelle,en,2014-10-01,99,6500000.0,257589952.0,13.0313,5.789,6601,Released,A couple begins to experience terrifying supernatural occurrences involving a vintage doll shortly after their home is invaded by satanic cultists.
624860,The Matrix Resurrections,en,2021-12-16,148,190000000.0,156497322.0,12.8569,6.321,6596,Released,"Plagued by strange memories, Neo's life takes an unexpected turn when he finds himself back inside the Matrix."
1995,Lara Croft: Tomb Raider,en,2001-06-15,100,115000000.0,274703340.0,10.2841,5.918,6592,Released,"Orphaned heiress, English aristocrat and intrepid archaeologist, Lara Croft, embarks on a dangerous quest to retrieve the two halves of an ancient artifact which controls time before it falls into the wrong hands. As an extremely rare planetary alignment is about to occur for the first time in 5,000 years, the fearless tomb raider will have to team up with rival adventurers and sworn enemies to collect the pieces, while time is running out. But, in the end, who can harness the archaic talisman's unlimited power?"
755,From Dusk Till Dawn,en,1996-01-19,108,19000000.0,25800000.0,12.3717,7.047,6588,Released,"After kidnapping a father and his two kids, the Gecko brothers head south to a seedy Mexican bar to hide out in safety, unaware of its notorious clientele."
88,Dirty Dancing,en,1987-08-21,100,6000000.0,214577242.0,16.1332,7.323,6587,Released,"Expecting the usual tedium that accompanies a summer in the Catskills with her family, 17-year-old Frances 'Baby' Houseman is surprised to find herself stepping into the shoes of a professional hoofer—and unexpectedly falling in love."
13053,Bolt,en,2008-11-21,98,150000000.0,309979994.0,13.8511,6.553,6581,Released,"Bolt is the star of the biggest show in Hollywood. The only problem is, he thinks it's real. After he's accidentally shipped to New York City and separated from Penny, his beloved co-star and owner, Bolt must harness all his ""super powers"" to find a way home."
861,Total Recall,en,1990-06-01,113,65000000.0,261317921.0,15.2879,7.324,6575,Released,"Construction worker Douglas Quaid's obsession with the planet Mars leads him to visit Rekall, a virtual vacation company that manufactures memories. When something goes wrong during Quaid's memory implant procedure, his life turns upside down, leading him to question what is reality and what isn't."
49017,Dracula Untold,en,2014-10-01,92,70000000.0,217124280.0,7.1697,6.465,6574,Released,"Vlad Tepes is a great hero, but when he learns the Sultan is preparing for battle and needs to form an army of 1,000 boys, he vows to find a way to protect his family. Vlad turns to dark forces in order to get the power to destroy his enemies and agrees to go from hero to monster as he's turned into the mythological vampire, Dracula."
258489,The Legend of Tarzan,en,2016-06-29,109,180000000.0,356743061.0,11.0447,5.922,6573,Released,"Tarzan, having acclimated to life in London, is called back to his former home in the jungle to investigate the activities at a mining encampment."
1250,Ghost Rider,en,2007-01-15,114,110000000.0,228738393.0,27.3992,5.616,6566,Released,"In order to save his dying father, young stunt cyclist Johnny Blaze sells his soul to Mephistopheles and sadly parts from the pure-hearted Roxanne Simpson, the love of his life. Years later, Johnny's path crosses again with Roxanne, now a go-getting reporter, and also with Mephistopheles, who offers to release Johnny's soul if Johnny becomes the fabled, fiery 'Ghost Rider'."
420809,Maleficent: Mistress of Evil,en,2019-10-16,119,185000000.0,491730089.0,15.4608,7.297,6557,Released,"Maleficent and her goddaughter Aurora begin to question the complex family ties that bind them as they are pulled in different directions by impending nuptials, unexpected allies, and dark new forces at play."
47933,Independence Day: Resurgence,en,2016-06-22,120,165000000.0,389681935.0,9.8426,5.368,6542,Released,"We always knew they were coming back. Using recovered alien technology, the nations of Earth have collaborated on an immense defense program to protect the planet. But nothing can prepare us for the aliens’ advanced and unprecedented force. Only the ingenuity of a few brave men and women can bring our world back from the brink of extinction."
22794,Cloudy with a Chance of Meatballs,en,2009-09-17,90,100000000.0,242988466.0,14.7683,6.663,6540,Released,"Inventor Flint Lockwood creates a machine that makes clouds rain food, enabling the down-and-out citizens of Chewandswallow to feed themselves. But when the falling food reaches gargantuan proportions, Flint must scramble to avert disaster. Can he regain control of the machine and put an end to the wild weather before the town is destroyed?"
1579,Apocalypto,en,2006-12-07,138,40000000.0,120654337.0,18.3674,7.655,6539,Released,"Set in the Mayan civilization, when a man's idyllic presence is brutally disrupted by a violent invading force, he is taken on a perilous journey to a world ruled by fear and oppression where a harrowing end awaits him. Through a twist of fate and spurred by the power of his love for his woman and his family he will make a desperate break to return home and to ultimately save his way of life."
512195,Red Notice,en,2021-11-04,118,160000000.0,178143.0,15.2642,6.727,6535,Released,"An Interpol-issued Red Notice is a global alert to hunt and capture the world's most wanted. But when a daring heist brings together the FBI's top profiler and two rival criminals, there's no telling what will happen."
76493,The Dictator,en,2012-05-15,83,65000000.0,179379533.0,12.1954,6.241,6535,Released,The heroic story of a dictator who risks his life to ensure that democracy would never come to the country he so lovingly oppressed.
200727,"Love, Rosie",en,2014-10-16,102,0.0,4439431.0,9.055,7.814,6534,Released,"Since the moment they met at age 5, Rosie and Alex have been best friends, facing the highs and lows of growing up side by side. A fleeting shared moment, one missed opportunity, and the decisions that follow send their lives in completely different directions. As each navigates the complexities of life, love, and everything in between, they always find their way back to each other - but is it just friendship, or something more?"
181886,Enemy,en,2014-03-14,91,3500000.0,3396726.0,7.9124,6.84,6519,Released,A mild-mannered college professor discovers a look-alike actor and delves into the other man's private affairs.
87502,Flight,en,2012-02-22,138,31000000.0,161772575.0,8.2531,6.864,6519,Released,"Commercial airline pilot Whip Whitaker has a problem with drugs and alcohol, though so far he's managed to complete his flights safely. His luck runs out when a disastrous mechanical malfunction sends his plane hurtling toward the ground. Whip pulls off a miraculous crash-landing that results in only six lives lost. Shaken to the core, Whip vows to get sober -- but when the crash investigation exposes his addiction, he finds himself in an even worse situation."
628,Interview with the Vampire,en,1994-11-11,123,60000000.0,223664608.0,11.3661,7.389,6516,Released,"A vampire relates his epic life story of love, betrayal, loneliness, and dark hunger to an over-curious reporter."
406990,What Happened to Monday,en,2017-08-18,123,20000000.0,27975429.0,9.1169,7.144,6498,Released,"In a world where families are limited to one child due to overpopulation, a set of identical septuplets must avoid being put to a long sleep by the government and dangerous infighting while investigating the disappearance of one of their own."
1573,Die Hard 2,en,1990-07-03,124,70000000.0,240031094.0,22.6201,6.972,6496,Released,"One year after his heroics in Los Angeles, John McClane is an off-duty cop who is the wrong guy in the wrong place at the wrong time. On a snowy Christmas Eve, as he waits for his wife's plane to land at Washington Dulles International Airport, terrorists take over the air traffic control system in a plot to free a South American army general and drug smuggler being flown into the US to face drug charges. It's now up to McClane to take on the terrorists, while coping with an inept airport police chief, an uncooperative anti-terrorist squad, and the life of his wife and everyone else trapped in planes circling overhead."
762,Monty Python and the Holy Grail,en,1975-04-03,91,400000.0,5763644.0,11.3982,7.803,6496,Released,"King Arthur, accompanied by his squire, recruits his Knights of the Round Table, including Sir Bedevere the Wise, Sir Lancelot the Brave, Sir Robin the Not-Quite-So-Brave-As-Sir-Lancelot and Sir Galahad the Pure. On the way, Arthur battles the Black Knight who, despite having had all his limbs chopped off, insists he can still fight. They reach Camelot, but Arthur decides not  to enter, as ""it is a silly place""."
260514,Cars 3,en,2017-06-15,102,175000000.0,383925276.0,33.7276,6.864,6492,Released,"Blindsided by a new generation of blazing-fast racers, the legendary Lightning McQueen is suddenly pushed out of the sport he loves. To get back in the game, he will need the help of an eager young race technician with her own plan to win, inspiration from the late Fabulous Hudson Hornet, and a few unexpected turns."
333484,The Magnificent Seven,en,2016-09-14,132,90000000.0,162400000.0,10.4406,6.495,6491,Released,"Looking to mine for gold, greedy industrialist Bartholomew Bogue seizes control of the Old West town of Rose Creek. With their lives in jeopardy, Emma Cullen and other desperate residents turn to bounty hunter Sam Chisolm for help. Chisolm recruits an eclectic group of gunslingers to take on Bogue and his ruthless henchmen. With a deadly showdown on the horizon, the seven mercenaries soon find themselves fighting for more than just money once the bullets start to fly."
242224,The Babadook,en,2014-05-22,94,2000000.0,10300000.0,7.3584,6.539,6491,Released,A grieving single mother and her child fall into a deep well of paranoia when an eerie children's book manifests in their home.
2300,Space Jam,en,1996-11-15,87,80000000.0,250200000.0,12.0315,6.808,6485,Released,"With their freedom on the line, the Looney Tunes seek the help of NBA superstar Michael Jordan to win a basketball game against a team of moronic aliens."
3049,Ace Ventura: Pet Detective,en,1994-02-04,86,15000000.0,107217396.0,10.5506,6.6,6482,Released,"He's Ace Ventura: Pet Detective. The Ace is on the case to find the Miami Dolphins' missing mascot and quarterback Dan Marino. He goes eyeball to eyeball with a man-eating shark, stakes out the Miami Dolphins and woos and wows the ladies. Whether he's undercover, under fire or underwater, he always gets his man… or beast!"
1597,Meet the Parents,en,2000-10-06,108,55000000.0,330444045.0,8.2684,6.701,6478,Released,"Greg Focker is ready to marry his girlfriend, Pam, but before he pops the question, he must win over her formidable father, humorless former CIA agent Jack Byrnes, at the wedding of Pam's sister. As Greg bends over backward to make a good impression, his visit to the Byrnes home turns into a hilarious series of disasters, and everything that can go wrong does, all under Jack's critical, hawklike gaze."
334541,Manchester by the Sea,en,2016-11-17,138,9000000.0,79000000.0,9.681,7.552,6477,Released,"After his older brother passes away, Lee Chandler is forced to return home to care for his 16-year-old nephew. There he is compelled to deal with a tragic past that separated him from his family and the community where he was born and raised."
166424,Fantastic Four,en,2015-08-05,100,120000000.0,167977596.0,9.9924,4.436,6474,Released,"Four young outsiders teleport to a dangerous universe, which alters their physical form in shocking ways. Their lives irrevocably upended, the team must learn to harness their daunting new abilities and work together to save Earth from a former friend turned enemy."
855,Black Hawk Down,en,2001-12-28,145,92000000.0,172989651.0,18.5591,7.398,6474,Released,"When U.S. Rangers and an elite Delta Force team attempt to kidnap two underlings of a Somali warlord, their Black Hawk helicopters are shot down, and the Americans suffer heavy casualties, facing intense fighting from the militia on the ground."
8077,Alien³,en,1992-05-22,114,50000000.0,159773545.0,17.0873,6.39,6472,Released,"After escaping with Newt and Hicks from the alien planet, Ripley crash lands on Fiorina 161, a prison planet and host to a correctional facility. Unfortunately, although Newt and Hicks do not survive the crash, a more unwelcome visitor does. The prison does not allow weapons of any kind, and with aid being a long time away, the prisoners must simply survive in any way they can."
238713,Spy,en,2015-05-06,120,65000000.0,235666219.0,9.015,6.8,6466,Released,"A desk-bound CIA analyst volunteers to go undercover to infiltrate the world of a deadly arms dealer, and prevent diabolical global disaster."
388,Inside Man,en,2006-03-17,129,45000000.0,186003591.0,12.0438,7.411,6459,Released,"When an armed, masked gang enter a Manhattan bank, lock the doors and take hostages, the detective assigned to effect their release enters negotiations preoccupied with corruption charges he is facing."
82654,Warm Bodies,en,2013-01-31,98,35000000.0,117000000.0,9.6119,6.474,6443,Released,"After a zombie becomes involved with the girlfriend of one of his victims, their romance sets in motion a sequence of events that might transform the entire lifeless world."
1571,Live Free or Die Hard,en,2007-06-20,128,110000000.0,383531464.0,10.4776,6.644,6434,Released,"John McClane is back and badder than ever, and this time he calls on the services of a young hacker in his bid to stop a ring of Internet terrorists intent on taking control of America's computer infrastructure."
593643,The Menu,en,2022-11-17,107,35000000.0,79628200.0,23.8303,7.177,6433,Released,"A young couple travels to a remote island to eat at an exclusive restaurant where the chef has prepared a lavish menu, with some shocking surprises."
302699,Central Intelligence,en,2016-06-15,107,50000000.0,216972543.0,9.3947,6.419,6424,Released,"Calvin Joyner, a mild-mannered accountant whose high school glory days are long behind him, reconnects with an awkward pal from high school through Facebook. After meeting up, Calvin’s mundane life takes an unexpectedly thrilling turn when he's thrust into the world of international espionage."
2675,Signs,en,2002-08-02,106,72000000.0,408200000.0,10.9707,6.728,6424,Released,A family living on a farm finds mysterious crop circles in their fields which suggests something more frightening to come.
385687,Fast X,en,2023-05-17,142,340000000.0,704709660.0,42.3562,7.0,6417,Released,"Over many missions and against impossible odds, Dom Toretto and his family have outsmarted, out-nerved and outdriven every foe in their path. Now, they confront the most lethal opponent they've ever faced: A terrifying threat emerging from the shadows of the past who's fueled by blood revenge, and who is determined to shatter this family and destroy everything—and everyone—that Dom loves, forever."
426,Vertigo,en,1958-05-09,128,2479000.0,7808900.0,11.4509,8.136,6416,Released,"A retired San Francisco detective suffering from acrophobia investigates the strange activities of an old friend's wife, all the while becoming dangerously obsessed with her."
13885,Sweeney Todd: The Demon Barber of Fleet Street,en,2007-12-21,116,50000000.0,153384272.0,7.8948,7.182,6414,Released,"The infamous story of Benjamin Barker, a.k.a Sweeney Todd, who sets up a barber shop down in London which is the basis for a sinister partnership with his fellow tenant, Mrs. Lovett. Based on the hit Broadway musical."
401981,Red Sparrow,en,2018-02-28,140,69000000.0,151572634.0,11.133,6.534,6411,Released,"Prima ballerina Dominika Egorova faces a bleak and uncertain future after she suffers an injury that ends her career. She soon turns to Sparrow School, a secret intelligence service that trains exceptional young people to use their minds and bodies as weapons. Dominika emerges as the most dangerous Sparrow after completing the sadistic training process. As she comes to terms with her new abilities, she meets a CIA agent who tries to convince her that he is the only person she can trust."
83666,Moonrise Kingdom,en,2012-05-16,94,16000000.0,68263166.0,7.9255,7.678,6409,Released,"Set on an island off the coast of New England in the summer of 1965, Moonrise Kingdom tells the story of two twelve-year-olds who fall in love, make a secret pact, and run away together into the wilderness. As various authorities try to hunt them down, a violent storm is brewing off-shore – and the peaceful island community is turned upside down in more ways than anyone can handle."
39513,Paul,en,2011-02-14,104,40000000.0,98000000.0,9.8752,6.747,6386,Released,"For the past 60 years, a space-traveling smart-ass named Paul has been locked up in a top-secret military base, advising world leaders about his kind. But when he worries he’s outlived his usefulness and the dissection table is drawing uncomfortably close, Paul escapes on the first RV that passes by his compound in Area 51. Fortunately, it contains the two earthlings who are most likely to rescue and harbor an alien on the run."
17431,Moon,en,2009-06-12,97,5000000.0,9760104.0,7.3181,7.563,6383,Released,"With only three weeks left in his three-year contract, Sam Bell is eager to return to Earth. Stationed alone at a Moon-based facility with his computer assistant GERTY, an unexpected accident sets off a series of unsettling events that shake his isolation."
445571,Game Night,en,2018-02-15,100,37000000.0,117501013.0,11.5565,6.844,6379,Released,"Max and Annie's weekly game night gets kicked up a notch when Max's brother Brooks arranges a murder mystery party -- complete with fake thugs and federal agents. So when Brooks gets kidnapped, it's all supposed to be part of the game. As the competitors set out to solve the case, they start to learn that neither the game nor Brooks are what they seem to be. The friends soon find themselves in over their heads as each twist leads to another unexpected turn over the course of one chaotic night."
1538,Collateral,en,2004-08-04,120,65000000.0,220239925.0,11.1683,7.245,6378,Released,Cab driver Max picks up a man who offers him $600 to drive him around. But the promise of easy money sours when Max realizes his fare is an assassin.
570670,The Invisible Man,en,2020-02-26,124,7000000.0,144492724.0,11.9185,7.09,6367,Released,"When Cecilia's abusive ex takes his own life and leaves her his fortune, she suspects his death was a hoax. As a series of coincidences turn lethal, Cecilia works to prove that she is being hunted by someone nobody can see."
1184918,The Wild Robot,en,2024-09-12,102,78000000.0,331982078.0,41.8019,8.311,6366,Released,"After a shipwreck, an intelligent robot called Roz is stranded on an uninhabited island. To survive the harsh environment, Roz bonds with the island's animals and cares for an orphaned baby goose."
338967,Zombieland: Double Tap,en,2019-10-09,99,42000000.0,122810399.0,9.8111,6.894,6357,Released,"Columbus, Tallahassee, Wichita, and Little Rock move to the American heartland as they face off against evolved zombies, fellow survivors, and the growing pains of the snarky makeshift family."
1927,Hulk,en,2003-06-19,138,137000000.0,245360480.0,15.6034,5.6,6354,Released,"Bruce Banner, a genetics researcher with a tragic past, suffers massive radiation exposure in his laboratory that causes him to transform into a raging green monster when he gets angry."
80274,Ender's Game,en,2013-10-24,114,110000000.0,125537191.0,11.8507,6.596,6341,Released,"Based on the classic novel by Orson Scott Card, Ender's Game is the story of the Earth's most gifted children training to defend their homeplanet in the space wars of the future."
12092,Alice in Wonderland,en,1951-08-09,75,3000000.0,57200000.0,13.2685,7.188,6330,Released,"On a golden afternoon, wildly curious young Alice tumbles into the burrow and enters the merry, madcap world of Wonderland full of whimsical escapades."
8247,Jumper,en,2008-02-13,88,85000000.0,222231186.0,9.6661,6.17,6326,Released,"David Rice is a man who knows no boundaries, a Jumper, born with the uncanny ability to teleport instantly to anywhere on Earth. When he discovers others like himself, David is thrust into a dangerous and bloodthirsty war while being hunted by a sinister and determined group of zealots who have sworn to destroy all Jumpers. Now, David’s extraordinary gift may be his only hope for survival!"
1624,Liar Liar,en,1997-03-21,86,45000000.0,302710615.0,13.025,6.716,6315,Released,"Forced by his son's birthday wish, fast-talking attorney and habitual liar Fletcher Reede must tell the truth for the next 24 hours."
9340,The Goonies,en,1985-06-07,114,19000000.0,69649283.0,18.4964,7.517,6311,Released,"Young teen Mikey Walsh and his friends set off on a quest to find Pirate One-Eyed Willie's treasure in hopes of saving their homes from demolition. However, on their quest to find the treasure, they run into a family of recently escaped criminals, determined to capture the kids and reach the treasure first."
10895,Pinocchio,en,1940-02-23,88,2600000.0,164000000.0,11.796,7.114,6308,Released,"When the gentle woodcarver Geppetto builds a marionette to be his substitute son, a benevolent fairy brings the toy to life. The puppet, named Pinocchio, is not yet a human boy. He must earn the right to be real by proving that he is brave, truthful, and unselfish."
8488,Hitch,en,2005-02-11,118,70000000.0,371600000.0,7.0654,6.585,6304,Released,"Dating coach Alex 'Hitch' Hitchens mentors a bumbling client, Albert, who hopes to win the heart of the glamorous Allegra Cole. While Albert makes progress, Hitch faces his own romantic setbacks when proven techniques fail to work on Sara Melas, a tabloid reporter digging for dirt on Allegra Cole's love life. When Sara discovers Hitch's connection to Albert – now Allegra's boyfriend – it threatens to destroy both relationships."
228967,The Interview,en,2014-12-25,112,44000000.0,12342632.0,10.1324,6.184,6301,Released,"Dave Skylark and his producer Aaron Rapaport run the celebrity tabloid show ""Skylark Tonight"". When they land an interview with a surprise fan, North Korean dictator Kim Jong-un, they are recruited by the CIA to turn their trip to Pyongyang into an assassination mission."
449176,"Love, Simon",en,2018-02-16,110,17000000.0,66316289.0,9.6418,7.968,6295,Released,"Everyone deserves a great love story, but for 17-year-old Simon Spier, it's a little more complicated. He hasn't told his family or friends that he's gay, and he doesn't know the identity of the anonymous classmate that he's fallen for online."
31011,Mr. Nobody,en,2009-11-06,141,47000000.0,2331721.0,9.1249,7.789,6287,Released,"Nemo Nobody leads an ordinary existence with his wife and 3 children; one day, he wakes up as a mortal centenarian in the year 2092."
324668,Jason Bourne,en,2016-07-27,123,120000000.0,415484914.0,12.332,6.382,6285,Released,The most dangerous former operative of the CIA is drawn out of hiding to uncover hidden truths about his past.
181533,Night at the Museum: Secret of the Tomb,en,2014-12-17,98,127000000.0,363204635.0,15.5277,6.225,6277,Released,"When the magic powers of The Tablet of Ahkmenrah begin to die out, Larry Daley spans the globe, uniting favorite and new characters while embarking on an epic quest to save the magic before it is gone forever."
1584,The School of Rock,en,2003-10-03,110,35000000.0,131098967.0,10.8028,7.1,6273,Released,"Fired from his band and hard up for cash, guitarist and vocalist Dewey Finn finagles his way into a job as a fifth-grade substitute teacher at a private school, where he secretly begins teaching his straight-A students the finer points of rock 'n' roll and the power of sticking it to the man. But as the school’s stern principal closes in and the Battle of the Bands looms, Dewey must risk everything to prove that rock 'n' roll can change lives."
10386,The Iron Giant,en,1999-08-06,86,50000000.0,23300000.0,10.8812,7.96,6272,Released,"In the small town of Rockwell, Maine in October 1957, a giant metal machine befriends a nine-year-old boy and ultimately finds its humanity by unselfishly saving people from their own fears and prejudices."
12162,The Hurt Locker,en,2008-10-10,131,15000000.0,49259766.0,9.9102,7.253,6266,Released,"During the Iraq War, a Sergeant recently assigned to an army bomb squad is put at odds with his squad mates due to his maverick way of handling his work."
856,Who Framed Roger Rabbit,en,1988-06-22,104,70000000.0,329800000.0,14.9285,7.539,6262,Released,"Toon star Roger is worried that his wife Jessica is playing pattycake with someone else, so the studio hires detective Eddie Valiant to snoop on her. But the stakes are quickly raised when Marvin Acme is found dead and Roger is the prime suspect."
948,Halloween,en,1978-10-24,91,325000.0,70260597.0,15.6332,7.562,6259,Released,"Fifteen years after murdering his sister on Halloween Night 1963, Michael Myers escapes from a mental hospital and returns to the small town of Haddonfield, Illinois to kill again."
933260,The Substance,en,2024-09-07,141,17500000.0,77316812.0,33.8203,7.13,6258,Released,"A fading celebrity decides to use a black market drug, a cell-replicating substance that temporarily creates a younger, better version of herself."
4553,The Machinist,en,2004-09-24,102,5000000.0,8203235.0,8.0729,7.521,6249,Released,"Trevor, an insomniac lathe operator, experiences unusual occurrences at work and home. A strange man follows him everywhere, but no one else seems to notice him."
117,The Untouchables,en,1987-06-03,119,25000000.0,76270454.0,10.6976,7.756,6247,Released,"Elliot Ness, an ambitious prohibition agent, is determined to take down Al Capone. In order to achieve this goal, he forms a group given the nickname “The Untouchables”."
389015,"I, Tonya",en,2017-12-07,120,11000000.0,53900000.0,11.2732,7.468,6244,Released,"Competitive ice skater Tonya Harding rises amongst the ranks at the U.S. Figure Skating Championships, but her future in the sport is thrown into doubt when her ex-husband intervenes."
451048,Jungle Cruise,en,2021-07-28,127,200000000.0,220889446.0,11.4842,7.28,6239,Released,"Dr. Lily Houghton enlists the aid of wisecracking skipper Frank Wolff to take her down the Amazon in his dilapidated boat. Together, they search for an ancient tree that holds the power to heal – a discovery that will change the future of medicine."
935,Dr. Strangelove or: How I Learned to Stop Worrying and Love the Bomb,en,1964-01-29,95,1800000.0,9500000.0,9.0951,8.119,6235,Released,"After the insane General Jack D. Ripper initiates a nuclear strike on the Soviet Union, a war room full of politicians, generals and a Russian diplomat all frantically try to stop it."
260346,Taken 3,en,2014-12-16,109,48000000.0,325800000.0,22.5212,6.268,6219,Released,"Ex-government operative Bryan Mills finds his life is shattered when he's falsely accused of a murder that hits close to home. As he's pursued by a savvy police inspector, Mills employs his particular set of skills to track the real killer and exact his unique brand of justice."
57201,The Lone Ranger,en,2013-07-03,149,215000000.0,260502115.0,7.6011,6.1,6219,Released,"The Texas Rangers chase down a gang of outlaws led by Butch Cavendish, but the gang ambushes the Rangers, seemingly killing them all. One survivor is found, however, by an American Indian named Tonto, who nurses him back to health. The Ranger, donning a mask and riding a white stallion named Silver, teams up with Tonto to bring the unscrupulous gang and others of that ilk to justice."
10315,Fantastic Mr. Fox,en,2009-10-14,87,40000000.0,46471023.0,12.2305,7.823,6213,Released,"The Fantastic Mr. Fox, bored with his current life, plans a heist against the three local farmers. The farmers, tired of sharing their chickens with the sly fox, seek revenge against him and his family."
10198,The Princess and the Frog,en,2009-12-08,98,105000000.0,270997378.0,16.5361,7.231,6210,Released,"A waitress, desperate to fulfill her dreams as a restaurant owner, is set on a journey to turn a frog prince back into a human being, but she has to face the same problem after she kisses him."
49040,The Bourne Legacy,en,2012-08-08,135,130000000.0,276600000.0,9.0675,6.253,6205,Released,New CIA operative Aaron Cross experiences life-or-death stakes that have been triggered by the previous actions of Jason Bourne.
637649,Wrath of Man,en,2021-04-22,119,40000000.0,103966489.0,24.8646,7.574,6202,Released,"A cold and mysterious new security guard for a Los Angeles cash truck company surprises his co-workers when he unleashes precision skills during a heist. The crew is left wondering who he is and where he came from. Soon, the marksman's ultimate motive becomes clear as he takes dramatic and irrevocable steps to settle a score."
159824,Hotel Transylvania 2,en,2015-09-21,89,80000000.0,473200000.0,12.5214,6.764,6197,Released,"When the old-old-old-fashioned vampire Vlad arrives at the hotel for an impromptu family get-together, Hotel Transylvania is in for a collision of supernatural old-school and modern day cool."
49529,John Carter,en,2012-03-07,132,263700000.0,284100000.0,14.7215,6.379,6196,Released,"John Carter is a war-weary, former military captain who's inexplicably transported to the mysterious and exotic planet of Barsoom (Mars) and reluctantly becomes embroiled in an epic conflict. It's a world on the brink of collapse, and Carter rediscovers his humanity when he realizes the survival of Barsoom and its people rests in his hands."
630,The Wizard of Oz,en,1939-08-21,102,2777000.0,33754967.0,19.286,7.582,6191,Released,"Young Dorothy finds herself in a magical world where she makes friends with a lion, a scarecrow and a tin man as they make their way along the yellow brick road to talk with the Wizard and ask for the things they miss most in their lives. The Wicked Witch of the West is the only thing that could stop them."
50546,Just Go with It,en,2011-02-10,117,80000000.0,214945591.0,12.6746,6.706,6182,Released,"While romancing Palmer, a much younger schoolteacher, plastic surgeon Danny Maccabee enlists his loyal assistant Katherine to pretend to be his soon to be ex-wife, in order to cover up a careless lie. When more lies backfire, Katherine's kids become involved, and everyone heads off for a weekend in Hawaii that will change all their lives."
4982,American Gangster,en,2007-11-02,157,100000000.0,269755430.0,12.4762,7.594,6136,Released,"Loosely based on the criminal career of Frank Lucas, a gangster from La Grange, North Carolina, who smuggled heroin into the United States on American service planes returning from the Vietnam War, before being detained by a task force led by Newark Detective Richie Roberts."
10530,Pocahontas,en,1995-06-16,81,55000000.0,346079773.0,9.8757,6.914,6133,Released,"Pocahontas, daughter of a Native American tribe chief, falls in love with an English soldier as colonists invade 17th century Virginia."
15,Citizen Kane,en,1941-04-17,119,839727.0,23218000.0,10.5953,7.967,6132,Released,"Newspaper magnate Charles Foster Kane is taken from his mother as a boy and made the ward of a rich industrialist. As a result, every well-meaning, tyrannical or self-destructive move he makes for the rest of his life appears in some way to be a reaction to that deeply wounding event."
289,Casablanca,en,1943-01-15,102,878000.0,10462500.0,12.8002,8.138,6131,Released,"In Casablanca, Morocco in December 1941, a cynical American expatriate meets a former lover, with unforeseen complications."
82507,Sinister,en,2012-10-04,110,3000000.0,82515113.0,11.2899,6.875,6130,Released,"True-crime writer Ellison Oswalt is in a slump; he hasn't had a best seller in more than 10 years and is becoming increasingly desperate for a hit. So, when he discovers the existence of a snuff film showing the deaths of a family, he vows to solve the mystery. He moves his own family into the victims' home and gets to work. However, when old film footage and other clues hint at the presence of a supernatural force, Ellison learns that living in the house may be fatal."
311,Once Upon a Time in America,en,1984-05-23,229,30000000.0,5500000.0,19.848,8.373,6130,Released,"A former Prohibition-era Jewish gangster returns to the Lower East Side of Manhattan over thirty years later, where he once again must confront the ghosts and regrets of his old life."
274857,King Arthur: Legend of the Sword,en,2017-05-10,126,175000000.0,149175066.0,15.4708,6.558,6125,Released,"When the child Arthur’s father is murdered, Vortigern, Arthur’s uncle, seizes the crown. Robbed of his birthright and with no idea who he truly is, Arthur comes up the hard way in the back alleys of the city. But once he pulls the sword Excalibur from the stone, his life is turned upside down and he is forced to acknowledge his true legacy... whether he likes it or not."
251,Ghost,en,1990-07-13,127,22000000.0,505000000.0,12.8865,7.241,6122,Released,"After a young man is murdered, his spirit stays behind to warn his lover of impending danger, with the help of a reluctant psychic."
9654,The Italian Job,en,2003-05-30,110,60000000.0,176070171.0,11.307,6.798,6107,Released,"Charlie Croker pulled off the crime of a lifetime. The one thing that he didn't plan on was being double-crossed. Along with a drop-dead gorgeous safecracker, Croker and his team take off to re-steal the loot and end up in a pulse-pounding, pedal-to-the-metal chase that careens up, down, above and below the streets of Los Angeles."
346685,The Girl on the Train,en,2016-10-05,112,45000000.0,173200000.0,7.2937,6.437,6096,Released,"Rachel Watson, devastated by her recent divorce, spends her daily commute fantasizing about the seemingly perfect couple who live in a house that her train passes every day, until one morning she sees something shocking happen there and becomes entangled in the mystery that unfolds."
299687,The 5th Wave,en,2016-01-14,112,38000000.0,109906372.0,10.534,5.937,6093,Released,16-year-old Cassie Sullivan tries to survive in a world devastated by the waves of an alien invasion that has already decimated the population and knocked mankind back to the Stone Age.
105864,The Good Dinosaur,en,2015-11-14,93,175000000.0,332207671.0,14.7437,6.748,6090,Released,An epic journey into the world of dinosaurs where an Apatosaurus named Arlo makes an unlikely human friend.
3170,Bambi,en,1942-08-14,70,858000.0,267447150.0,9.2725,7.015,6079,Released,"Bambi's tale unfolds from season to season as the young prince of the forest learns about life, love, and friends."
44833,Battleship,en,2012-04-11,131,209000000.0,303025485.0,13.5436,5.926,6076,Released,"When mankind beams a radio signal into space, a reply comes from ‘Planet G’, in the form of several alien crafts that splash down in the waters off Hawaii. Lieutenant Alex Hopper is a weapons officer assigned to the USS John Paul Jones, part of an international naval coalition which becomes the world's last hope for survival as they engage the hostile alien force of unimaginable strength. While taking on the invaders, Hopper must also try to live up to the potential that his brother, and his fiancée's father—an Admiral—expect of him."
345887,The Equalizer 2,en,2018-07-19,121,62000000.0,190400157.0,12.4564,6.796,6071,Released,"Robert McCall, who serves an unflinching justice for the exploited and oppressed, embarks on a relentless, globe-trotting quest for vengeance when his former partner is murdered."
496,Borat: Cultural Learnings of America for Make Benefit Glorious Nation of Kazakhstan,en,2006-11-01,84,18000000.0,262552893.0,13.6114,6.788,6070,Released,"Kazakh journalist Borat Sagdiyev travels to America to make a documentary. As he zigzags across the nation, Borat meets real people in real situations with hysterical consequences. His backwards behavior generates strong reactions around him exposing prejudices and hypocrisies in American culture."
396422,Annabelle: Creation,en,2017-08-03,110,15000000.0,306592201.0,13.6001,6.608,6040,Released,"Several years after the tragic death of their little girl, a doll maker and his wife welcome a nun and several girls from a shuttered orphanage into their home, soon becoming the target of the doll maker's possessed creation—Annabelle."
8961,Bad Boys II,en,2003-07-18,146,130000000.0,273339556.0,14.8685,6.657,6027,Released,"Detectives Marcus Burnett and Mike Lowrey of the Miami Narcotics Task Force are tasked with stopping the flow of the drug Ecstasy into Miami. They track the drugs to the whacked-out Cuban drug lord Johnny Tapia, who is also involved in a bloody war with Russian and Haitian mobsters. If that isn't bad enough, there's tension between the two detectives when Marcus discovers that playboy Mike is secretly romancing Marcus’ sister, Syd."
400106,Bright,en,2017-12-22,117,90000000.0,0.0,6.5481,6.163,6023,Released,"In an alternate present-day where magical creatures live among us, two L.A. cops become embroiled in a prophesied turf battle."
568,Apollo 13,en,1995-06-30,140,52000000.0,355237933.0,18.9219,7.462,6019,Released,"The true story of technical troubles that scuttle the Apollo 13 lunar mission in 1970, risking the lives of astronaut Jim Lovell and his crew, with the failed journey turning into a thrilling saga of heroism. Drifting more than 200,000 miles from Earth, the astronauts work furiously with the ground crew to avert tragedy."
400928,Gifted,en,2017-04-07,101,7000000.0,40300000.0,10.4285,7.995,6010,Released,"Frank, a single man raising his child prodigy niece Mary, is drawn into a custody battle with his mother."
754,Face/Off,en,1997-06-27,139,80000000.0,245700000.0,15.0247,7.059,6001,Released,"In order to foil a terrorist plot, an FBI agent undergoes facial transplant surgery and assumes the identity of a criminal mastermind. The plan turns sour when the criminal wakes up prematurely and seeks revenge."
27576,Salt,en,2010-07-21,100,110000000.0,293329073.0,6.1816,6.42,6000,Released,"As a CIA officer, Evelyn Salt swore an oath to duty, honor, and country. Her loyalty will be tested when a Russian defector accuses her of being a Russian sleeper spy. She goes on the run, using all her skills and years of experience as a covert operative to elude capture, protect her husband, and stay one step ahead of her colleagues at the CIA. Her efforts to prove her innocence only serve to cast doubt on her motives, as the hunt to uncover the truth behind her identity continues and the question remains: ""Who is Salt?"""
306819,The Danish Girl,en,2015-11-27,119,15000000.0,64200000.0,6.5591,7.542,5982,Released,"When Gerda Wegener asks her husband Einar to fill in as a portrait model, Einar discovers the person she's meant to be and begins living her life as Lili Elbe. Having realized her true self and with Gerda's love and support, Lili embarks on a groundbreaking journey as a transgender pioneer."
375262,The Favourite,en,2018-11-23,120,15000000.0,95918706.0,7.3029,7.484,5974,Released,"England, early 18th century. The close relationship between Queen Anne and Sarah Churchill is threatened by the arrival of Sarah's cousin, Abigail Hill, resulting in a bitter rivalry between the two cousins to be the Queen's favourite."
107985,The World's End,en,2013-07-18,109,20000000.0,46100000.0,8.1234,6.81,5972,Released,Five friends who reunite in an attempt to top their epic pub crawl from 20 years earlier unwittingly become humankind's only hope for survival.
215,Saw II,en,2005-10-28,93,4000000.0,152925093.0,16.0638,6.607,5970,Released,"The chilling and relentless Jigsaw killer returns to terrorize the city once again. When a gruesome murder victim emerges with unmistakable traces of Jigsaw's sinister methods, Detective Eric Matthews is thrust into a high-stakes investigation. To his surprise, apprehending Jigsaw seems almost too easy, but what he doesn't realize is that being caught is merely another piece of Jigsaw's intricate puzzle."
5876,The Mist,en,2007-11-21,126,18000000.0,57470220.0,17.2066,6.949,5967,Released,"After a violent storm, a dense cloud of mist envelops a small Maine town, trapping David Drayton and his five-year-old son in a local grocery store with other local residents. They soon discover that the mist conceals deadly horrors that threaten their lives, and worse, their sanity."
508947,Turning Red,en,2022-03-10,100,175000000.0,21813358.0,27.6155,7.331,5965,Released,"Thirteen-year-old Mei is experiencing the awkwardness of being a teenager with a twist – when she gets too excited, she transforms into a giant red panda."
527641,Five Feet Apart,en,2019-03-14,116,7000000.0,92600000.0,8.6323,8.215,5964,Released,"Seventeen-year-old Stella spends most of her time in the hospital as a cystic fibrosis patient. Her life is full of routines, boundaries and self-control — all of which get put to the test when she meets Will, an impossibly charming teen who has the same illness. There's an instant flirtation, though restrictions dictate that they must maintain a safe distance between them. As their connection intensifies, so does the temptation to throw the rules out the window and embrace that attraction."
1635,The Island,en,2005-07-21,136,126000000.0,162949164.0,14.3397,6.7,5959,Released,"In 2019, Lincoln Six-Echo is a resident of a seemingly ""Utopian"" but contained facility. Like all of the inhabitants of this carefully-controlled environment, Lincoln hopes to be chosen to go to The Island — reportedly the last uncontaminated location on the planet. But Lincoln soon discovers that everything about his existence is a lie."
640146,Ant-Man and the Wasp: Quantumania,en,2023-02-15,125,200000000.0,476071180.0,19.7331,6.2,5958,Released,"Super-Hero partners Scott Lang and Hope van Dyne, along with with Hope's parents Janet van Dyne and Hank Pym, and Scott's daughter Cassie Lang, find themselves exploring the Quantum Realm, interacting with strange new creatures and embarking on an adventure that will push them beyond the limits of what they thought possible."
10140,The Chronicles of Narnia: The Voyage of the Dawn Treader,en,2010-12-02,113,155000000.0,415686217.0,9.7352,6.442,5958,Released,"This time around Edmund and Lucy Pevensie, along with their pesky cousin Eustace Scrubb find themselves swallowed into a painting and on to a fantastic Narnian ship headed for the very edges of the world."
756999,The Black Phone,en,2022-06-16,103,16000000.0,161441914.0,17.4943,7.513,5956,Released,"Finney Blake, a shy but clever 13-year-old boy, is abducted by a sadistic killer and trapped in a soundproof basement where screaming is of little use. When a disconnected phone on the wall begins to ring, Finney discovers that he can hear the voices of the killer’s previous victims. And they are dead set on making sure that what happened to them doesn’t happen to Finney."
75,Mars Attacks!,en,1996-12-13,106,70000000.0,101371017.0,13.1406,6.427,5950,Released,"A fleet of Martian spacecraft surrounds the world's major cities and all of humanity waits to see if the extraterrestrial visitors have, as they claim, ""come in peace."" U.S. President James Dale receives assurance from science professor Donald Kessler that the Martians' mission is a friendly one. But when a peaceful exchange ends in the total annihilation of the U.S. Congress, military men call for a full-scale nuclear retaliation."
675353,Sonic the Hedgehog 2,en,2022-03-30,123,110000000.0,405421518.0,14.1102,7.425,5945,Released,"After settling in Green Hills, Sonic is eager to prove he has what it takes to be a true hero. His test comes when Dr. Robotnik returns, this time with a new partner, Knuckles, in search for an emerald that has the power to destroy civilizations. Sonic teams up with his own sidekick, Tails, and together they embark on a globe-trotting journey to find the emerald before it falls into the wrong hands."
64635,Total Recall,en,2012-08-02,118,125000000.0,198800000.0,13.2281,6.033,5941,Released,"Factory worker Doug Quaid takes a virtual mind-trip vacation with the Rekall company, opting for implanted memories of being a spy. When the procedure goes wrong, Quaid becomes a wanted man by the police and joins forces with a rebel fighter to stop the evil Chancellor Cohaagen."
97020,RoboCop,en,2014-01-30,118,120000000.0,242688965.0,8.3895,5.886,5927,Released,"In RoboCop, the year is 2028 and multinational conglomerate OmniCorp is at the center of robot technology.  Overseas, their drones have been used by the military for years, but have been forbidden for law enforcement in America.  Now OmniCorp wants to bring their controversial technology to the home front, and they see a golden opportunity to do it.  When Alex Murphy – a loving husband, father and good cop doing his best to stem the tide of crime and corruption in Detroit – is critically injured, OmniCorp sees their chance to build a part-man, part-robot police officer.  OmniCorp envisions a RoboCop in every city and even more billions for their shareholders, but they never counted on one thing: there is still a man inside the machine."
2567,The Aviator,en,2004-12-17,170,110000000.0,213719942.0,11.8333,7.217,5927,Released,"A biopic depicting the life of filmmaker and aviation pioneer Howard Hughes from 1927 to 1947, during which time he became a successful film producer and an aviation magnate, while simultaneously growing more unstable due to severe obsessive-compulsive disorder."
13811,Knowing,en,2009-03-19,121,50000000.0,155446362.0,10.5336,6.268,5917,Released,A teacher opens a time capsule that has been dug up at his son's elementary school; in it are some chilling predictions -- some that have already occurred and others that are about to -- that lead him to believe his family plays a role in the events that are about to unfold.
4108,The Transporter,en,2002-10-02,92,21000000.0,43900000.0,11.7862,6.731,5914,Released,"Former Special Forces officer Frank Martin will deliver anything to anyone for the right price, and his no-questions-asked policy puts him in high demand. But when he realizes his latest cargo is alive, it sets in motion a dangerous chain of events. The bound and gagged Lai is being smuggled to France by a shady American businessman, and Frank works to save her as his own illegal activities are uncovered by a French detective."
41733,Due Date,en,2010-11-03,95,65000000.0,211800000.0,11.3863,6.396,5898,Released,"Peter Highman must scramble across the US in five days to be present for the birth of his first child. He gets off to a bad start when his wallet and luggage are stolen, and put on the 'no-fly' list. Peter embarks on a terrifying journey when he accepts a ride from an actor."
17578,The Adventures of Tintin,en,2011-10-24,107,130000000.0,373993951.0,11.4902,6.927,5896,Released,"Intrepid young reporter, Tintin, and his loyal dog, Snowy, are thrust into a world of high adventure when they discover a ship carrying an explosive secret. As Tintin is drawn into a centuries-old mystery, Ivan Ivanovitch Sakharine suspects him of stealing a priceless treasure. Tintin and Snowy, with the help of salty, cantankerous Captain Haddock and bumbling detectives, Thompson and Thomson, travel half the world, one step ahead of their enemies, as Tintin endeavors to find the Unicorn, a sunken ship that may hold a vast fortune, but also an ancient curse."
307081,Southpaw,en,2015-07-22,123,30000000.0,91709827.0,11.945,7.365,5886,Released,"Billy ""The Great"" Hope, the reigning junior middleweight boxing champion, has an impressive career, a loving wife and daughter, and a lavish lifestyle. However, when tragedy strikes, Billy hits rock bottom, losing his family, his house and his manager. He soon finds an unlikely savior in Tick Willis, a former fighter who trains the city's toughest amateur boxers. With his future on the line, Hope fights to reclaim the trust of those he loves the most."
60308,Moneyball,en,2011-09-23,134,50000000.0,110206216.0,9.3078,7.298,5879,Released,"The story of Oakland Athletics general manager Billy Beane's successful attempt to put together a baseball team on a budget, by employing computer-generated analysis to draft his players."
157353,Transcendence,en,2014-04-16,119,100000000.0,103039258.0,7.6794,6.076,5872,Released,"Two leading computer scientists work toward their goal of Technological Singularity,  as a radical anti-technology organization fights to prevent them from creating a world where computers can transcend the abilities of the human brain."
8321,In Bruges,en,2008-02-08,108,15000000.0,34533783.0,12.678,7.499,5869,Released,"Ray and Ken, two hit men, are in Bruges, Belgium, waiting for their next mission. While they are there they have time to think and discuss their previous assignment. When the mission is revealed to Ken, it is not what he expected."
395834,Wind River,en,2017-08-03,107,11000000.0,44998252.0,13.5625,7.439,5863,Released,An FBI agent teams with the town's veteran game tracker to investigate a murder that occurred on a Native American reservation.
480530,Creed II,en,2018-11-21,130,50000000.0,214200000.0,14.0892,7.037,5858,Released,"Between personal obligations and training for his next big fight against an opponent with ties to his family's past, Adonis Creed is up against the challenge of his life."
297,Meet Joe Black,en,1998-11-12,178,90000000.0,142940100.0,12.5783,7.37,5849,Released,"Bill Parrish has it all - success, wealth and power. Days before his 65th birthday, he receives a visit from a mysterious stranger, Joe Black, who soon reveals himself as Death. In exchange for extra time, Bill agrees to serve as Joe's earthly guide. But will he regret his choice when Joe unexpectedly falls in love with Bill's beautiful daughter Susan?"
6114,Bram Stoker's Dracula,en,1992-11-13,128,40000000.0,215862692.0,12.2347,7.449,5844,Released,"Count Dracula, a 15th-century prince, is condemned to live off the blood of the living for eternity. Young lawyer Jonathan Harker is sent to Dracula's castle to finalise a land deal, but when the Count sees a photo of Harker's fiancée, Mina, the spitting image of his dead wife, he imprisons him and sets off for London to track her down."
44264,True Grit,en,2010-12-22,110,38000000.0,252300000.0,13.9409,7.306,5836,Released,"Following the murder of her father by a hired hand, a 14-year-old farm girl sets out to capture the killer. To aid her, she hires the toughest U.S. Marshal she can find—a man with 'true grit'—Reuben J. 'Rooster' Cogburn."
5548,RoboCop,en,1987-07-17,102,13000000.0,53424681.0,11.1046,7.364,5836,Released,"In a violent, near-apocalyptic Detroit, evil corporation Omni Consumer Products wins a contract from the city government to privatize the police force. To test their crime-eradicating cyborgs, the company leads street cop Alex Murphy into an armed confrontation with crime lord Boddicker so they can use his body to support their untested RoboCop prototype. But when RoboCop learns of the company's nefarious plans, he turns on his masters."
72559,G.I. Joe: Retaliation,en,2013-03-27,110,130000000.0,371900000.0,7.9163,5.664,5833,Released,"Framed for crimes against the country, the G.I. Joe team is terminated by Presidential order. This forces the G.I. Joes into not only fighting their mortal enemy Cobra; they are forced to contend with threats from within the government that jeopardize their very existence."
377,A Nightmare on Elm Street,en,1984-11-09,91,1800000.0,57004513.0,17.6559,7.35,5832,Released,"Teenagers in a small town are dropping like flies, apparently in the grip of mass hysteria causing their suicides. A cop's daughter, Nancy Thompson, traces the cause to child molester Fred Krueger, who was burned alive by angry parents many years before. Krueger has now come back in the dreams of his killers' children, claiming their lives as his revenge. Nancy and her boyfriend, Glen, must devise a plan to lure the monster out of the realm of nightmares and into the real world..."
76726,Chronicle,en,2012-02-01,84,15000000.0,145000000.0,8.9472,6.858,5825,Released,"Three high school students make an incredible discovery, leading to their developing uncanny powers beyond their understanding. As they learn to control their abilities and use them to their advantage, their lives start to spin out of control, and their darker sides begin to take over."
10009,Brother Bear,en,2003-10-23,85,128000000.0,250397798.0,12.7305,7.3,5817,Released,"When an impulsive boy named Kenai is magically transformed into a bear, he must literally walk in another's footsteps until he learns some valuable life lessons. His courageous and often zany journey introduces him to a forest full of wildlife, including the lovable bear cub Koda, hilarious moose Rutt and Tuke, woolly mammoths and rambunctious rams."
225574,Non-Stop,en,2014-02-26,107,50000000.0,222809600.0,9.0935,6.812,5813,Released,"Bill Marks is a Federal Air Marshall for whom every day is the same until this one. On this plane ride, he starts receiving text messages from someone claiming to be on the flight and threatening to kill passengers. In a race against the clock, he must identify and stop the killer to save everyone on board."
879,Hook,en,1991-04-10,142,70000000.0,300854823.0,11.94,6.847,5813,Released,"The boy who wasn't supposed to grow up—Peter Pan—does just that, becoming a soulless corporate lawyer whose workaholism could cost him his wife and kids. During his trip to see Granny Wendy in London, the vengeful Capt. Hook kidnaps Peter's kids and forces Peter to return to Neverland."
10693,Peter Pan,en,1953-02-05,77,4000000.0,87400000.0,13.7264,7.193,5801,Released,"Leaving the safety of their nursery behind, Wendy, Michael and John follow Peter Pan to a magical world where childhood lasts forever. But while in Neverland, the kids must face Captain Hook and foil his attempts to get rid of Peter for good."
37710,The Tourist,en,2010-12-08,103,100000000.0,278731369.0,10.15,6.184,5799,Released,"American tourist Frank meets mysterious British woman Elise on the train to Venice. Romance seems to bud, but there's more to her than meets the eye."
9509,Man on Fire,en,2004-04-23,146,70000000.0,130300000.0,15.0729,7.467,5791,Released,"Jaded ex-CIA operative John Creasy reluctantly accepts a job as the bodyguard for a 10-year-old girl in Mexico City. They clash at first, but eventually bond, and when she's kidnapped he's consumed by fury and will stop at nothing to save her life."
2109,Rush Hour,en,1998-09-18,97,33000000.0,244721064.0,19.7324,7.083,5785,Released,"When Hong Kong Inspector Lee is summoned to Los Angeles to investigate a kidnapping, the FBI doesn't want any outside help and assigns cocky LAPD Detective James Carter to distract Lee from the case. Not content to watch the action from the sidelines, Lee and Carter form an unlikely partnership and investigate the case themselves."
290859,Terminator: Dark Fate,en,2019-10-23,128,185000000.0,261119292.0,11.6354,6.419,5768,Released,"Decades after Sarah Connor prevented Judgment Day, a lethal new Terminator is sent to eliminate the future leader of the resistance. In a fight to save mankind, battle-hardened Sarah Connor teams up with an unexpected ally and an enhanced super soldier to stop the deadliest Terminator yet."
22803,Law Abiding Citizen,en,2009-10-15,109,53000000.0,127900000.0,11.3379,7.395,5767,Released,A frustrated man decides to take justice into his own hands after a plea bargain sets one of his family's killers free. He targets not only the killer but also the district attorney and others involved in the deal.
4523,Enchanted,en,2007-11-20,107,85000000.0,340487652.0,10.5944,6.847,5767,Released,"The beautiful princess Giselle is banished by an evil queen from her magical, musical animated land and finds herself in the gritty reality of the streets of modern-day Manhattan. Shocked by this strange new environment that doesn't operate on a ""happily ever after"" basis, Giselle is now adrift in a chaotic world badly in need of enchantment. But when Giselle begins to fall in love with a charmingly flawed divorce lawyer who has come to her aid - even though she is already promised to a perfect fairy tale prince back home - she has to wonder: Can a storybook view of romance survive in the real world?"
23168,The Town,en,2010-09-15,125,37000000.0,154026136.0,14.2121,7.227,5743,Released,"Doug MacRay is a longtime thief, who, smarter than the rest of his crew, is looking for his chance to exit the game. When a bank job leads to the group kidnapping an attractive branch manager, he takes on the role of monitoring her – but their burgeoning relationship threatens to unveil the identities of Doug and his crew to the FBI Agent who is on their case."
559969,El Camino: A Breaking Bad Movie,en,2019-10-11,123,0.0,0.0,9.8869,7.047,5735,Released,"In the wake of his dramatic escape from captivity, Jesse Pinkman must come to terms with his past in order to forge some kind of future."
369972,First Man,en,2018-10-10,141,70000000.0,105713218.0,10.2215,7.042,5732,Released,"A look at the life of the astronaut, Neil Armstrong, and the legendary space mission that led him to become the first man to walk on the Moon on July 20, 1969."
1991,Death Proof,en,2007-05-22,113,25000000.0,31126421.0,11.9281,6.838,5718,Released,"Austin's hottest DJ, Jungle Julia, sets out into the night to unwind with her two friends Shanna and Arlene. Covertly tracking their moves is Stuntman Mike, a scarred rebel leering from behind the wheel of his muscle car, revving just feet away."
567609,Ready or Not,en,2019-08-21,96,6000000.0,57615777.0,25.1358,7.095,5711,Released,A young bride's wedding night turns into her worst nightmare when her ridiculously rich in-laws force her to play a gruesome game of hide-and-seek.
21208,Orphan,en,2009-07-24,123,20000000.0,77912251.0,10.1184,6.99,5710,Released,"After losing their baby, a married couple adopt 9-year old Esther, who may not be as innocent as she seems."
1562,28 Weeks Later,en,2007-04-26,99,15000000.0,72304846.0,14.5906,6.598,5708,Released,"Twenty-eight weeks after the spread of a deadly rage virus, the inhabitants of the British Isles have lost their battle against the onslaught, as the virus has killed everyone there. Six months later, a group of Americans dare to set foot on the Isles, convinced the danger has passed. But it soon becomes all too clear that the scourge continues to live, waiting to pounce on its next victims."
10340,Lady and the Tramp,en,1955-06-22,76,4000000.0,36359037.0,10.2622,7.129,5696,Released,"Lady, a golden cocker spaniel, meets up with a mongrel dog who calls himself the Tramp. He is obviously from the wrong side of town, but happenings at Lady's home make her decide to travel with him for a while."
1581,The Holiday,en,2006-12-05,136,85000000.0,205233866.0,12.0515,7.101,5687,Released,"Two women, one American and one British, swap homes at Christmastime following bad breakups. Each woman finds romance with a local man but realizes that the imminent return home may end the relationship."
11253,Hellboy II: The Golden Army,en,2008-07-11,120,85000000.0,160388063.0,8.3777,6.771,5676,Released,"Hellboy, his pyrokinetic girlfriend, Liz, and aquatic empath, Abe Sapien, face their biggest battle when an underworld elven prince plans to reclaim Earth for his magical kindred. Tired of living in the shadow of humans, Prince Nuada tries to awaken an ancient force of killing machines, the all-powerful Golden Army, to clear the way for fantasy creatures to roam free. Only Hellboy can stop the dark prince and prevent humanity's annihilation."
43347,Love & Other Drugs,en,2010-11-22,112,30000000.0,102800000.0,11.8595,7.044,5666,Released,"Maggie is an alluring free spirit who won't let anyone – or anything – tie her down. But she meets her match in Jamie, whose relentless and nearly infallible charm serves him well with the ladies and the cutthroat world of pharmaceutical sales. Maggie and Jamie's evolving relationship takes them both by surprise, as they find themselves under the influence of the ultimate drug: love."
107846,Escape Plan,en,2013-10-09,115,50000000.0,137328301.0,10.8537,6.719,5664,Released,"Ray Breslin is the world's foremost authority on structural security. After analyzing every high security prison and learning a vast array of survival skills so he can design escape-proof prisons, his skills are put to the test. He's framed and incarcerated in a master prison he designed himself. He needs to escape and find the person who put him behind bars."
414,Batman Forever,en,1995-06-16,121,100000000.0,336529144.0,10.8455,5.459,5660,Released,"Batman faces off against two foes: the schizophrenic, horribly scarred former District Attorney Harvey Dent, aka Two-Face, and the Riddler, a disgruntled ex-Wayne Enterprises inventor seeking revenge against his former employer by unleashing his brain-sucking weapon on Gotham City's residents. As the caped crusader also copes with tortured memories of his parents' murder, he has a new romance, with psychologist Chase Meridian."
9444,Anastasia,en,1997-11-20,94,53000000.0,139804348.0,8.6736,7.606,5657,Released,"Ten years after she was separated from her family, an eighteen-year-old orphan with vague memories of the past sets out to Paris in hopes of reuniting with her grandmother. She is accompanied by two con men, who intend to pass her off as the Grand Duchess Anastasia to the Dowager Empress for a reward."
8078,Alien Resurrection,en,1997-11-12,109,70000000.0,162000000.0,16.0308,6.176,5657,Released,"Two hundred years after Lt. Ripley died, a group of scientists clone her, hoping to breed the ultimate weapon. But the new Ripley is full of surprises … as are the new aliens. Ripley must team with a band of smugglers to keep the creatures from reaching Earth."
503919,The Lighthouse,en,2019-10-18,109,11000000.0,18262464.0,11.4769,7.464,5646,Released,Two lighthouse keepers try to maintain their sanity while living on a remote and mysterious New England island in the 1890s.
2118,L.A. Confidential,en,1997-09-19,138,35000000.0,126216940.0,10.4315,7.806,5635,Released,Three detectives in the corrupt and brutal L.A. police force of the 1950s use differing methods to uncover a conspiracy behind the shotgun slayings of the patrons at an all-night diner.
82695,Les Misérables,en,2012-12-18,158,61000000.0,442636309.0,11.5779,7.3,5630,Released,"An adaptation of the successful stage musical based on Victor Hugo's classic novel set in 19th-century France. Jean Valjean, a man imprisoned for stealing bread, must flee a relentless policeman named Javert. The pursuit consumes both men's lives, and soon Valjean finds himself in the midst of the student revolutions in France."
49049,Dredd,en,2012-09-07,96,50000000.0,41037742.0,9.0334,6.859,5628,Released,"In the future, America is a dystopian wasteland. The latest scourge is Ma-Ma, a prostitute-turned-drug pusher with a dangerous new drug and aims to take over the city. The only possibility of stopping her is an elite group of urban police called Judges, who combine the duties of judge, jury and executioner to deliver a brutal brand of swift justice. But even the top-ranking Judge, Dredd, discovers that taking down Ma-Ma isn’t as easy as it seems in this explosive adaptation of the hugely popular comic series."
6637,National Treasure: Book of Secrets,en,2007-12-19,124,130000000.0,459200000.0,9.6851,6.381,5619,Released,"Benjamin Franklin Gates and Abigail Chase re-team with Riley Poole and, now armed with a stack of long-lost pages from John Wilkes Booth's diary, Ben must follow a clue left there to prove his ancestor's innocence in the assassination of Abraham Lincoln."
311324,The Great Wall,en,2016-12-16,103,150000000.0,331957105.0,11.0801,6.034,5614,Released,European mercenaries searching for black powder become embroiled in the defense of the Great Wall of China against a horde of monstrous creatures.
792307,Poor Things,en,2023-12-07,141,35000000.0,117607117.0,18.6972,7.6,5609,Released,"Brought back to life by an unorthodox scientist, a young woman runs off with a lawyer on a whirlwind adventure across the continents. Free from the prejudices of her times, she grows steadfast in her purpose to stand for equality and liberation."
563,Starship Troopers,en,1997-11-07,129,105000000.0,121214377.0,12.6898,7.114,5603,Released,"Set in the future, the story follows a young soldier named Johnny Rico and his exploits in the Mobile Infantry. Rico's military career progresses from recruit to non-commissioned officer and finally to officer against the backdrop of an interstellar war between mankind and an arachnoid species known as ""the Bugs."""
10096,13 Going on 30,en,2004-04-13,98,37000000.0,96458118.0,11.4686,6.777,5602,Released,"After total humiliation at her thirteenth birthday party, Jenna Rink wants to just hide until she's thirty. Thanks to some magic wishing dust, Jenna's prayer has been answered. With a knockout body, a fabulous wardrobe, an athlete boyfriend, a dream job, and superstar friends, this can't be a better life. But soon Jenna realizes that adult life isn’t as easy as she hoped for."
353491,The Dark Tower,en,2017-08-03,95,60000000.0,113231078.0,10.8934,5.803,5599,Released,A boy haunted by visions of a parallel world aids its disillusioned guardian in preventing the destruction of the nexus of universes known as the Dark Tower.
308266,War Dogs,en,2016-08-18,114,50000000.0,86234523.0,16.2124,6.947,5587,Released,"Based on the true story of two young men, David Packouz and Efraim Diveroli, who won a $300 million contract from the Pentagon to arm America's allies in Afghanistan."
345920,Collateral Beauty,en,2016-12-15,97,36000000.0,88528280.0,5.2207,7.218,5581,Released,"Retreating from life after a tragedy, a man questions the universe by writing to Love, Time and Death. Receiving unexpected answers, he begins to see how these things interlock and how even loss can reveal moments of meaning and beauty."
399404,Darkest Hour,en,2017-11-22,125,30000000.0,150847207.0,12.4982,7.355,5580,Released,"In May 1940, the fate of World War II hangs on Winston Churchill, who must decide whether to negotiate with Adolf Hitler or fight on knowing that it could mean the end of the British Empire."
85350,Boyhood,en,2014-06-05,165,4000000.0,48137666.0,6.8985,7.495,5570,Released,"The film tells a story of a divorced couple trying to raise their young son. The story follows the boy for twelve years, from first grade at age 6 through 12th grade at age 17-18, and examines his relationship with his parents as he grows."
634,Bridget Jones's Diary,en,2001-04-13,97,25000000.0,281929795.0,13.6092,6.742,5562,Released,"Bridget Jones is an average woman struggling against expectations. As a New Year's resolution, Bridget decides to take control of her life, starting by keeping a diary in which she will always tell the complete truth. Her charming boss takes an interest in her, and she cannot stop running into a rather disagreeable acquaintance whom Bridget cannot help finding quietly attractive."
254470,Pitch Perfect 2,en,2015-05-07,115,29000000.0,287144079.0,11.5288,6.84,5553,Released,"The Bellas are back, and they are better than ever. After being humiliated in front of none other than the President of the United States of America, the Bellas are taken out of the Aca-Circuit. In order to clear their name, and regain their status, the Bellas take on a seemingly impossible task: winning an international competition no American team has ever won. In order to accomplish this monumental task, they need to strengthen the bonds of friendship and sisterhood and blow away the competition with their amazing aca-magic! With all new friends and old rivals tagging along for the trip, the Bellas can hopefully accomplish their dreams."
2667,The Blair Witch Project,en,1999-07-14,81,60000.0,248639099.0,10.6023,6.366,5551,Released,"In October of 1994 three student filmmakers disappeared in the woods near Burkittsville, Maryland, while shooting a documentary. A year later their footage was found."
316727,The Purge: Election Year,en,2016-06-29,109,10000000.0,118587880.0,8.9035,6.378,5545,Released,"Two years after choosing not to kill the man who killed his son, former police sergeant Leo Barnes has become head of security for Senator Charlene Roan, the front runner in the next Presidential election due to her vow to eliminate the Purge. On the night of what should be the final Purge, a betrayal from within the government forces Barnes and Roan out onto the street where they must fight to survive the night."
7485,Shooter,en,2007-03-22,124,61000000.0,95700000.0,14.9931,7.1,5542,Released,"A top Marine sniper, Bob Lee Swagger, leaves the military after a mission goes horribly awry and disappears, living in seclusion. He is coaxed back into service after a high-profile government official convinces him to help thwart a plot to kill the President of the United States. Ultimately double-crossed and framed for the attempt, Swagger becomes the target of a nationwide manhunt. He goes on the run to track the real killer and find out who exactly set him up, and why, eventually seeking revenge against some of the most powerful and corrupt leaders in the free world."
49849,Cowboys & Aliens,en,2011-07-29,119,163000000.0,174822325.0,10.5097,5.697,5532,Released,"A stranger stumbles into the desert town of Absolution with no memory of his past and a futuristic shackle around his wrist. With the help of mysterious beauty Ella and the iron-fisted Colonel Dolarhyde, he finds himself leading an unlikely posse of cowboys, outlaws, and Apache warriors against a common enemy from beyond this world in an epic showdown for survival."
10882,Sleeping Beauty,en,1959-02-17,75,6000000.0,51600000.0,14.6023,6.946,5530,Released,"Cursed to die by the evil fairy Maleficent when she was a baby, Princess Aurora is sent into hiding under protection from three good fairies. As she grows up far away, Maleficent becomes increasingly determined to seal the princess's fate."
9480,Daredevil,en,2003-02-14,103,78000000.0,179179718.0,17.5552,5.301,5528,Released,A man blinded in a childhood accident fights crime using his superhumanly-elevated remaining senses.
9836,Happy Feet,en,2006-11-16,108,100000000.0,384335608.0,13.1518,6.23,5526,Released,"Into the world of the Emperor Penguins, who find their soul mates through song, a penguin is born who cannot sing. But he can tap dance something fierce!"
453405,Gemini Man,en,2019-10-02,117,140000000.0,173469516.0,10.0352,6.262,5515,Released,"Henry Brogan is an elite 51-year-old assassin who's ready to call it quits after completing his 72nd job. His plans get turned upside down when he becomes the target of a mysterious operative who can seemingly predict his every move. To his horror, Brogan soon learns that the man who's trying to kill him is a younger, faster, cloned version of himself."
23827,Paranormal Activity,en,2007-09-14,86,15000.0,193355800.0,8.0488,6.057,5512,Released,"After a young, middle-class couple moves into what seems like a typical suburban house, they become increasingly disturbed by a presence that may or may not be demonic but is certainly the most active in the middle of the night."
324849,The Lego Batman Movie,en,2017-02-08,104,80000000.0,311950384.0,11.9742,7.3,5501,Released,"A cooler-than-ever Bruce Wayne must deal with the usual suspects as they plan to rule Gotham City, while discovering that he has accidentally adopted a teenage orphan who wishes to become his sidekick."
399174,Isle of Dogs,en,2018-03-23,101,35000000.0,72991435.0,10.8761,7.846,5487,Released,"In the future, an outbreak of canine flu leads the mayor of a Japanese city to banish all dogs to an island used as a garbage dump. The outcasts must soon embark on an epic journey when a 12-year-old boy arrives on the island to find his beloved pet."
4547,Panic Room,en,2002-03-29,111,48000000.0,197100000.0,9.9576,6.793,5487,Released,"Trapped in their New York brownstone's panic room, a hidden chamber built as a sanctuary in the event of break-ins, newly divorced Meg Altman and her young daughter Sarah play a deadly game of cat-and-mouse with three intruders - Burnham, Raoul and Junior - during a brutal home invasion. But the room itself is the focal point because what the intruders really want is inside it."
613504,After We Collided,en,2020-09-02,105,14000000.0,47990414.0,15.3085,7.15,5483,Released,Tessa finds herself struggling with her complicated relationship with Hardin; she faces a dilemma that could change their lives forever.
16996,17 Again,en,2009-03-11,102,20000000.0,136300000.0,11.6153,6.318,5482,Released,"On the brink of a midlife crisis, 30-something Mike O'Donnell wishes he could have a ""do-over."" And that's exactly what he gets when he wakes up one morning to find he's 17 years old again. With his adult mind stuck inside the body of a teenager, Mike actually has the chance to reverse some decisions he wishes he'd never made. But maybe they weren't so bad after all."
415,Batman & Robin,en,1997-06-20,125,125000000.0,238207122.0,12.1012,4.395,5477,Released,"Batman and his sidekick Robin attempt to the foil the sinister schemes of a deranged set of new villains, most notably the melancholy Mr. Freeze, who wants to make Gotham City into an arctic region, and the sultry Poison Ivy, a botanical femme fatale. As the Dynamic Duo contend with these bad guys, a third hero, Batgirl, joins the ranks of the city's crime-fighters."
473033,Uncut Gems,en,2019-08-30,136,19000000.0,50023780.0,11.9747,7.168,5476,Released,"A charismatic New York City jeweler always on the lookout for the next big score makes a series of high-stakes bets that could lead to the windfall of a lifetime. Howard must perform a precarious high-wire act, balancing business, family, and encroaching adversaries on all sides in his relentless pursuit of the ultimate win."
9377,Ferris Bueller's Day Off,en,1986-06-11,103,6000000.0,70100000.0,9.9381,7.563,5465,Released,"After high school slacker Ferris Bueller successfully fakes an illness in order to skip school for the day, he goes on a series of adventures throughout Chicago with his girlfriend Sloane and best friend Cameron, all the while trying to outwit his wily school principal and fed-up sister."
7443,Chicken Run,en,2000-06-23,84,45000000.0,224834564.0,13.2342,6.849,5465,Released,"The creators of Wallace & Gromit bring you an exciting and original story about a group of chickens determined to fly the coop–even if they can’t fly! It’s hardly poultry in motion when Rocky attempts to teach Ginger and her feathered friends to fly…but, with teamwork, determination and a little bit o’ cluck, the fearless flock plots one last attempt in a spectacular bid for freedom."
310307,The Founder,en,2016-11-24,115,15000000.0,24121245.0,11.4618,7.15,5453,Released,"The true story of how Ray Kroc, a salesman from Illinois, met Mac and Dick McDonald, who were running a burger operation in 1950s Southern California. Kroc was impressed by the brothers’ speedy system of making the food and saw franchise potential. He maneuvered himself into a position to be able to pull the company from the brothers and create a billion-dollar empire."
976573,Elemental,en,2023-06-14,102,200000000.0,496444308.0,21.5416,7.591,5450,Released,"In a city where fire, water, land and air residents live together, a fiery young woman and a go-with-the-flow guy will discover something elemental: how much they have in common."
524047,Greenland,en,2020-07-29,120,34000000.0,52300000.0,17.4112,7.126,5443,Released,"John Garrity, his estranged wife and their young son embark on a perilous journey to find sanctuary as a planet-killing comet hurtles toward Earth. Amid terrifying accounts of cities getting levelled, the Garritys experience the best and worst in humanity. As the countdown to the global apocalypse approaches zero, their incredible trek culminates in a desperate and last-minute flight to a possible safe haven."
1830,Lord of War,en,2005-09-16,122,50000000.0,72600000.0,10.0646,7.348,5438,Released,"Yuri Orlov is a globetrotting arms dealer and, through some of the deadliest war zones, he struggles to stay one step ahead of a relentless Interpol agent, his business rivals and even some of his customers who include many of the world's most notorious dictators. Finally, he must also face his own conscience."
479455,Men in Black: International,en,2019-06-12,115,110000000.0,253890701.0,10.4229,5.891,5431,Released,"The Men in Black have always protected the Earth from the scum of the universe. In this new adventure, they tackle their biggest, most global threat to date: a mole in the Men in Black organization."
544,There's Something About Mary,en,1998-07-15,120,23000000.0,369900000.0,10.0985,6.634,5426,Released,"For Ted, prom night went about as bad as it’s possible for any night to go. Thirteen years later, he finally gets another chance with his old prom date, only to run up against other suitors including the sleazy detective he hired to find her."
10545,The Hunchback of Notre Dame,en,1996-06-21,91,100000000.0,325300000.0,11.3333,7.134,5422,Released,"Isolated bell-ringer Quasimodo wishes to leave Notre Dame tower against the wishes of Judge Claude Frollo, his stern guardian and Paris' strait-laced Minister of Justice. His first venture to the outside world finds him Esmeralda, a kind-hearted and fearless Romani woman who openly stands up to Frollo's tyranny."
268896,Pacific Rim: Uprising,en,2018-03-21,111,150000000.0,290061297.0,11.1013,6.1,5421,Released,"It has been ten years since The Battle of the Breach and the oceans are still, but restless. Vindicated by the victory at the Breach, the Jaeger program has evolved into the most powerful global defense force in human history. The PPDC now calls upon the best and brightest to rise up and become the next generation of heroes when the Kaiju threat returns."
76285,Percy Jackson: Sea of Monsters,en,2013-08-07,106,90000000.0,199850315.0,5.0698,6.03,5419,Released,"In their quest to confront the ultimate evil, Percy and his friends battle swarms of mythical creatures to find the mythical Golden Fleece and to stop an ancient evil from rising."
10112,The Aristocats,en,1970-12-24,78,4000000.0,191000000.0,10.8365,7.304,5418,Released,"When Madame Adelaide Bonfamille leaves her fortune to Duchess and her children—Bonfamille’s beloved family of cats—the butler plots to steal the money and kidnaps the legatees, leaving them out on a country road. All seems lost until the wily Thomas O’Malley Cat and his jazz-playing alley cats come to the aristocats’ rescue."
343611,Jack Reacher: Never Go Back,en,2016-10-19,118,60000000.0,162100000.0,13.7058,6.029,5417,Released,"Years after resigning command of an elite military police unit, the nomadic, righter-of-wrongs Reacher is drawn back into the life he left behind when his friend and successor, Major Susan Turner is framed for espionage. Reacher will stop at nothing to prove her innocence and to expose the real perpetrators behind the killings of his former soldiers."
504172,The Mule,en,2018-12-14,116,50000000.0,174800000.0,10.7465,6.869,5415,Released,"Earl Stone, a man in his eighties, is broke, alone, and facing foreclosure of his business when he is offered a job that simply requires him to drive. Easy enough, but, unbeknownst to Earl, he's just signed on as a drug courier for a Mexican cartel. He does so well that his cargo increases exponentially, and Earl hit the radar of hard-charging DEA agent Colin Bates."
320,Insomnia,en,2002-05-24,118,46000000.0,113714830.0,10.4503,6.955,5411,Released,Two Los Angeles homicide detectives are dispatched to a northern town where the sun doesn't set to investigate the methodical murder of a local teen.
138103,The Expendables 3,en,2014-08-07,126,95000000.0,214657577.0,10.3899,6.2,5401,Released,"Barney, Christmas and the rest of the team comes face-to-face with Conrad Stonebanks, who years ago co-founded The Expendables with Barney. Stonebanks subsequently became a ruthless arms trader and someone who Barney was forced to kill… or so he thought. Stonebanks, who eluded death once before, now is making it his mission to end The Expendables -- but Barney has other plans. Barney decides that he has to fight old blood with new blood, and brings in a new era of Expendables team members, recruiting individuals who are younger, faster and more tech-savvy. The latest mission becomes a clash of classic old-school style versus high-tech expertise in the Expendables’ most personal battle yet."
447200,Skyscraper,en,2018-07-11,102,125000000.0,304870828.0,7.4507,6.309,5400,Released,"Framed and on the run, a former FBI agent must save his family from a blazing fire in the world's tallest building."
454,Romeo + Juliet,en,1996-11-01,120,14500000.0,147298761.0,12.9585,6.781,5396,Released,"In this contemporary take on William Shakespeare's classic tragedy, the Montagues and Capulets have moved their ongoing feud to the sweltering suburb of Verona Beach, where Romeo and Juliet fall in love and secretly wed. Though the film is visually modern, the bard's dialogue remains."
1491,The Illusionist,en,2006-08-18,110,16500000.0,87892388.0,7.3078,7.302,5395,Released,"With his eye on a lovely aristocrat, a gifted illusionist named Eisenheim uses his powers to win her away from her betrothed, a crown prince. But Eisenheim's scheme creates tumult within the monarchy and ignites the suspicion of a dogged inspector."
2770,American Pie 2,en,2001-08-10,111,30000000.0,287553595.0,9.9011,6.265,5392,Released,"After a year apart - attending different schools, meeting different people - the guys rent a beach house and vow to make this the best summer ever. As it turns out, whether that will happen or not has a lot to do with the girls. Between the wild parties, outrageous revelations and yes, a trip to band camp, they discover that times change and people change, but in the end, it's all about sticking together."
332567,The Shallows,en,2016-06-24,86,17000000.0,119100758.0,10.577,6.356,5385,Released,"While surfing on a secluded beach, Nancy finds herself in the feeding grounds of a great white shark. Though stranded only 200 yards from shore, survival proves to be the ultimate test of wills, requiring all of her ingenuity, resourcefulness, and fortitude."
1265,Bridge to Terabithia,en,2007-02-15,95,60000000.0,137587063.0,13.1863,7.347,5383,Released,"Jesse Aarons trained all summer to become the fastest runner in school. So he's very upset when newcomer Leslie Burke outruns him and everyone else. Despite this and other differences including that she's rich, he's poor, she's a city girl, and he's a country boy the two become fast friends. Together they create Terabithia, a land of monsters, trolls, ogres, and giants where they rule as king and queen."
7551,Déjà Vu,en,2006-11-22,126,75000000.0,180557550.0,10.9528,6.89,5374,Released,"Called in to recover evidence in the aftermath of a horrific explosion on a New Orleans ferry, Federal agent Doug Carlin gets pulled away from the scene and taken to a top-secret government lab that uses a time-shifting surveillance device to help prevent crime."
667538,Transformers: Rise of the Beasts,en,2023-06-06,127,195000000.0,441381193.0,25.1797,7.168,5354,Released,"When a new threat capable of destroying the entire planet emerges, Optimus Prime and the Autobots must team up with a powerful faction known as the Maximals. With the fate of humanity hanging in the balance, humans Noah and Elena will do whatever it takes to help the Transformers as they engage in the ultimate battle to save Earth."
5559,Bee Movie,en,2007-10-28,91,150000000.0,287594577.0,18.0094,6.049,5354,Released,"Barry B. Benson, a recent college graduate who wants more out of his life than making honey, decides to sue the human race after learning about the exploitation of bees at the hands of mankind. What will happen next?"
11774,Lemony Snicket's A Series of Unfortunate Events,en,2004-12-16,108,140000000.0,209073645.0,8.9081,6.823,5344,Released,"Three wealthy children's parents are killed in a fire. When they are sent to a distant relative, they find out that he is plotting to kill them and seize their fortune."
11360,Dumbo,en,1941-10-31,64,812000.0,1600000.0,8.2092,6.992,5339,Released,"Dumbo is a baby elephant born with over-sized ears and a supreme lack of confidence. But thanks to his even more diminutive buddy Timothy the Mouse,  the pint-sized pachyderm learns to surmount all obstacles."
27022,The Sorcerer's Apprentice,en,2010-07-13,109,150000000.0,215300000.0,8.8196,6.145,5329,Released,"Balthazar Blake is a master sorcerer in modern-day Manhattan trying to defend the city from his arch-nemesis, Maxim Horvath. Balthazar can't do it alone, so he recruits Dave Stutler, a seemingly average guy who demonstrates hidden potential, as his reluctant protégé. The sorcerer gives his unwilling accomplice a crash course in the art and science of magic, and together, these unlikely partners work to stop the forces of darkness."
1700,Misery,en,1990-11-30,107,20000000.0,61300000.0,10.1028,7.754,5322,Released,"After an accident, acclaimed novelist Paul Sheldon is rescued by a nurse who claims to be his biggest fan.  Her obsession takes a dark turn when she holds him captive in her remote Colorado home and forces him to write back to life the popular literary character he killed off."
4944,Burn After Reading,en,2008-09-05,96,37000000.0,163700000.0,7.0415,6.677,5320,Released,"When a disc containing memoirs of a former CIA analyst falls into the hands of gym employees, Linda and Chad, they see a chance to make enough money for Linda to have life-changing cosmetic surgery. Predictably, events whirl out of control for the duo, and those in their orbit."
4248,Scary Movie 2,en,2001-07-04,82,45000000.0,141220678.0,16.7189,5.845,5316,Released,"A group of students visit a mansion called ""Hell House,"" and murderous high jinks ensue."
9880,The Princess Diaries,en,2001-08-03,115,37000000.0,165335153.0,14.204,7.0,5312,Released,"A socially awkward but very bright 15-year-old girl being raised by a single mom discovers that she is the princess of a small European country because of the recent death of her long-absent father, who, unknown to her, was the crown prince of Genovia. She must make a choice between continuing the life of a San Francisco teen or stepping up to the throne."
431,Cube,en,1998-07-11,90,257899.0,8969065.0,7.0932,6.827,5311,Released,"A group of strangers find themselves trapped in a maze-like prison. It soon becomes clear that each of them possesses the peculiar skills necessary to escape, if they don't wind up dead first."
36586,Blade II,en,2002-03-22,117,54000000.0,155010032.0,19.9739,6.569,5308,Released,"Blade forms an uneasy alliance with the vampire council in order to combat the Reapers, who are feeding on vampires."
338762,Bloodshot,en,2020-03-05,110,42000000.0,39861118.0,7.7079,6.677,5305,Released,"After he and his wife are murdered, marine Ray Garrison is resurrected by a team of scientists. Enhanced with nanotechnology, he becomes a superhuman, biotech killing machine—'Bloodshot'. As Ray first trains with fellow super-soldiers, he cannot recall anything from his former life. But when his memories flood back and he remembers the man that killed both him and his wife, he breaks out of the facility to get revenge, only to discover that there's more to the conspiracy than he thought."
81005,Jack the Giant Slayer,en,2013-02-27,114,195000000.0,197700000.0,11.3129,5.902,5305,Released,"The story of an ancient war that is reignited when a young farmhand unwittingly opens a gateway between our world and a fearsome race of giants. Unleashed on the Earth for the first time in centuries, the giants strive to reclaim the land they once lost, forcing the young man, Jack into the battle of his life to stop them. Fighting for a kingdom, its people, and the love of a brave princess, he comes face to face with the unstoppable warriors he thought only existed in legend–and gets the chance to become a legend himself."
201085,Crimson Peak,en,2015-10-13,119,55000000.0,74700000.0,9.4888,6.662,5299,Released,"In the aftermath of a family tragedy, an aspiring author is torn between love for her childhood friend and the temptation of a mysterious outsider. Trying to escape the ghosts of her past, she is swept away to a house that breathes, bleeds… and remembers."
253412,Everest,en,2015-09-10,121,55000000.0,203427584.0,8.5661,6.826,5291,Released,"Inspired by the incredible events surrounding a treacherous attempt to reach the summit of the world's highest mountain, ""Everest"" documents the awe-inspiring journey of two different expeditions challenged beyond their limits by one of the fiercest snowstorms ever encountered by mankind. Their mettle tested by the harshest of elements found on the planet, the climbers will face nearly impossible obstacles as a lifelong obsession becomes a breathtaking struggle for survival."
9802,The Rock,en,1996-06-07,137,75000000.0,335062621.0,16.0915,7.153,5273,Released,"When vengeful General Francis X. Hummel seizes control of Alcatraz Island and threatens to launch missiles loaded with deadly chemical weapons into San Francisco, only a young FBI chemical weapons expert and notorious Federal prisoner have the skills to penetrate the impregnable island fortress and take him down."
615,The Passion of the Christ,en,2004-02-25,127,30000000.0,610063468.0,25.4022,7.545,5271,Released,A graphic portrayal of the last twelve hours of Jesus of Nazareth's life.
274855,Geostorm,en,2017-10-12,109,120000000.0,221600160.0,11.101,6.125,5265,Released,"After an unprecedented series of natural disasters threatened the planet, the world's leaders came together to create an intricate network of satellites to control the global climate and keep everyone safe. But now, something has gone wrong: the system built to protect Earth is attacking it, and it becomes a race against the clock to uncover the real threat before a worldwide geostorm wipes out everything and everyone along with it."
9740,Hannibal,en,2001-02-08,131,87000000.0,351692268.0,2.5314,6.776,5264,Released,"After having successfully eluded the authorities for years, Hannibal peacefully lives in Italy in disguise as an art scholar. Trouble strikes again when he's discovered leaving a deserving few dead in the process. He returns to America to make contact with now disgraced Agent Clarice Starling, who is suffering the wrath of a malicious FBI rival as well as the media."
97367,The Place Beyond the Pines,en,2013-03-20,140,15000000.0,47135966.0,7.9765,6.977,5261,Released,"A motorcycle stunt rider considers committing a crime in order to provide for his wife and child, an act that puts him on a collision course with a cop-turned-politician."
428078,Mortal Engines,en,2018-11-27,128,100000000.0,83869818.0,9.8009,6.25,5257,Released,"Many thousands of years in the future, Earth’s cities roam the globe on huge wheels, devouring each other in a struggle for ever diminishing resources. On one of these massive traction cities, the old London, Tom Natsworthy has an unexpected encounter with a mysterious young woman from the wastelands who will change the course of his life forever."
575264,Mission: Impossible - Dead Reckoning Part One,en,2023-07-08,164,220000000.0,571125435.0,16.4776,7.504,5242,Released,"Ethan Hunt and his IMF team embark on their most dangerous mission yet: To track down a terrifying new weapon that threatens all of humanity before it falls into the wrong hands. With control of the future and the world's fate at stake and dark forces from Ethan's past closing in, a deadly race around the globe begins. Confronted by a mysterious, all-powerful enemy, Ethan must consider that nothing can matter more than his mission—not even the lives of those he cares about most."
298312,The Visit,en,2015-09-10,94,5000000.0,98450062.0,8.0037,6.317,5242,Released,"A brother and sister are sent to their grandparents' remote Pennsylvania farm for a week, where they discover that the elderly couple is involved in something deeply disturbing."
509967,6 Underground,en,2019-12-10,128,150000000.0,0.0,8.5632,6.331,5241,Released,"After faking his death, a tech billionaire recruits a team of international operatives for a bold and bloody mission to take down a brutal dictator."
425909,Ghostbusters: Afterlife,en,2021-11-18,124,75000000.0,204445747.0,12.0184,7.314,5239,Released,"When single mom Callie and her two kids Trevor and Phoebe arrive in a small Oklahoma town, they begin to discover their connection to the original Ghostbusters and the secret legacy their grandfather left behind."
693,Meet the Fockers,en,2004-12-22,115,80000000.0,516642939.0,9.1396,6.254,5235,Released,"Hard-to-crack ex-CIA man Jack Byrnes and his wife Dina head for the warmer climes of Florida to meet the parents of their son-in-law-to-be, Greg Focker. Unlike their happily matched offspring, the future in-laws find themselves in a situation of opposites that definitely do not attract."
88751,Journey to the Center of the Earth,en,2008-07-10,93,45000000.0,101702060.0,9.1593,6.096,5226,Released,"On a quest to find out what happened to his missing brother, a scientist, his nephew and their mountain guide discover a fantastic and dangerous lost world in the center of the earth."
346910,The Predator,en,2018-09-05,107,88000000.0,160542134.0,12.6502,5.621,5213,Released,"When a young boy accidentally triggers the universe's most lethal hunters' return to Earth, only a ragtag crew of ex-soldiers and a disgruntled scientist can prevent the end of the human race."
10865,Atlantis: The Lost Empire,en,2001-06-02,95,120000000.0,186053725.0,8.6194,7.046,5205,Released,A young linguist named Milo Thatch joins an intrepid group of explorers to find the mysterious lost continent of Atlantis.
286565,Paper Towns,en,2015-06-18,109,12000000.0,85500000.0,5.2463,6.155,5203,Released,"Quentin Jacobsen has spent a lifetime loving the magnificently adventurous Margo Roth Spiegelman from afar. So when she cracks open a window and climbs back into his life dressed like a ninja and summoning him for an ingenious campaign of revenge, he follows. After their all-nighter ends and a new day breaks, Quentin arrives at school to discover that Margo, always an enigma, has now become a mystery. But Quentin soon learns that there are clues, and they're for him. Urged down a disconnected path, the closer Quentin gets, the less he sees of the girl he thought he knew."
2493,The Princess Bride,en,1987-09-25,99,16000000.0,30900000.0,14.1644,7.706,5198,Released,"In this enchantingly cracked fairy tale, the beautiful Princess Buttercup and the dashing Westley must overcome staggering odds to find happiness amid six-fingered swordsmen, murderous princes, Sicilians and rodents of unusual size. But even death can't stop these true lovebirds from triumphing."
792,Platoon,en,1986-12-19,120,6000000.0,138530565.0,12.2011,7.749,5194,Released,"As a young and naive recruit in Vietnam, Chris Taylor faces a moral crisis when confronted with the horrors of war and the duality of man."
1061474,Superman,en,2025-07-09,130,225000000.0,618723803.0,45.695,7.323,5187,Released,"Superman, a journalist in Metropolis, embarks on a journey to reconcile his Kryptonian heritage with his human upbringing as Clark Kent."
109428,Evil Dead,en,2013-04-05,91,17000000.0,99010045.0,20.0413,6.621,5178,Released,"Mia, a drug addict, is determined to kick the habit. To that end, she asks her brother, David, his girlfriend, Natalie and their friends Olivia and Eric to accompany her to their family's remote forest cabin to help her through withdrawal. Eric finds a mysterious Book of the Dead at the cabin and reads aloud from it, awakening an ancient demon. All hell breaks loose when the malevolent entity possesses Mia."
338953,Fantastic Beasts: The Secrets of Dumbledore,en,2022-04-06,142,200000000.0,407200000.0,18.4562,6.626,5168,Released,"Professor Albus Dumbledore knows the powerful, dark wizard Gellert Grindelwald is moving to seize control of the wizarding world. Unable to stop him alone, he entrusts magizoologist Newt Scamander to lead an intrepid team of wizards and witches. They soon encounter an array of old and new beasts as they clash with Grindelwald's growing legion of followers."
117251,White House Down,en,2013-06-27,131,150000000.0,205366737.0,7.521,6.467,5165,Released,"Capitol Policeman John Cale has just been denied his dream job with the Secret Service protecting President James Sawyer. Not wanting to let down his little girl with the news, he takes her on a tour of the White House, when the complex is overtaken by a heavily armed paramilitary group. Now, with the nation's government falling into chaos and time running out, it's up to Cale to save the president, his daughter, and the country."
639933,The Northman,en,2022-04-07,137,70000000.0,69633110.0,13.0748,7.025,5164,Released,"Prince Amleth is on the verge of becoming a man when his father is brutally murdered by his uncle, who kidnaps the boy's mother. Two decades later, Amleth is now a Viking who's on a mission to save his mother, kill his uncle and avenge his father."
267860,London Has Fallen,en,2016-03-02,99,60000000.0,205754447.0,8.8877,6.225,5158,Released,"In London for the Prime Minister's funeral, Mike Banning discovers a plot to assassinate all the attending world leaders."
583083,The Kissing Booth 2,en,2020-07-24,132,0.0,0.0,5.6894,7.6,5157,Released,"With college decisions looming, Elle juggles her long-distance romance with Noah, changing relationship with bestie Lee and feelings for a new classmate."
23629,Sucker Punch,en,2011-03-24,110,82000000.0,89792502.0,9.0043,6.203,5153,Released,"A young woman, institutionalized by her abusive stepfather, retreats into a vivid fantasy world where she envisions a plan to escape. Gathering a group of fellow inmates, she embarks on a quest to collect five mystical items, blurring the lines between reality and imagination."
813,Airplane!,en,1980-06-27,88,3500000.0,83453539.0,12.4855,7.303,5146,Released,An ex-fighter pilot forced to take over the controls of an airliner when the flight crew succumbs to food poisoning.
298618,The Flash,en,2023-06-13,144,220000000.0,271333313.0,24.8913,6.619,5131,Released,"When his attempt to save his family inadvertently alters the future, Barry Allen becomes trapped in a reality in which General Zod has returned and there are no Super Heroes to turn to. In order to save the world that he is in and return to the future that he knows, Barry's only hope is to race for his life. But will making the ultimate sacrifice be enough to reset the universe?"
476669,The King's Man,en,2021-12-22,131,100000000.0,125897478.0,12.2779,6.71,5129,Released,"As a collection of history's worst tyrants and criminal masterminds gather to plot a war to wipe out millions, one man must race against time to stop them."
500664,Upgrade,en,2018-05-31,100,3000000.0,16976561.0,10.0116,7.508,5122,Released,"A brutal mugging leaves Grey Trace paralyzed in the hospital and his beloved wife dead. A billionaire inventor soon offers Trace a cure — an artificial intelligence implant called STEM that will enhance his body. Now able to walk, Grey finds that he also has superhuman strength and agility — skills he uses to seek revenge against the thugs who destroyed his life."
941,Lethal Weapon,en,1987-03-06,110,15000000.0,120207127.0,14.7225,7.301,5122,Released,A veteran cop and an unstable detective become partners who must put their differences aside in order to bring down a heroin-smuggling ring run by ex-Special Forces.
522681,Escape Room,en,2019-01-03,99,9000000.0,155712077.0,9.8242,6.541,5113,Released,"Six strangers find themselves in circumstances beyond their control, and must use their wits to survive."
507089,Five Nights at Freddy's,en,2023-10-25,110,20000000.0,297242145.0,15.6438,7.299,5112,Released,"Recently fired and desperate for work, a troubled young man named Mike agrees to take a position as a night security guard at an abandoned theme restaurant: Freddy Fazbear's Pizzeria. But he soon discovers that nothing at Freddy's is what it seems."
424139,Halloween,en,2018-10-18,106,10000000.0,259939869.0,8.2459,6.6,5112,Released,"Laurie Strode comes to her final confrontation with Michael Myers, the masked figure who has haunted her since she narrowly escaped his killing spree on Halloween night four decades ago."
7299,Equilibrium,en,2002-12-06,107,20000000.0,5400000.0,9.16,7.057,5112,Released,"In a dystopian future, a totalitarian regime maintains peace by subduing the populace with a drug, and displays of emotion are punishable by death. A man in charge of enforcing the law rises to overthrow the system."
2907,The Addams Family,en,1991-11-22,100,30000000.0,191502426.0,10.6511,7.072,5112,Released,"When a man claiming to be long-lost Uncle Fester reappears after 25 years lost, the family plans a celebration to wake the dead. But the kids barely have time to warm up the electric chair before Morticia begins to suspect Fester is fraud when he can't recall any of the details of Fester's life."
1495,Kingdom of Heaven,en,2005-05-03,144,130000000.0,218366336.0,21.9694,7.076,5110,Released,"After his wife dies, a blacksmith named Balian is thrust into royalty, political intrigue and bloody holy wars during the Crusades."
9428,The Royal Tenenbaums,en,2001-10-05,110,21000000.0,71441250.0,6.9324,7.455,5109,Released,"Royal Tenenbaum and his wife Etheline had three children and then they separated. All three children are extraordinary --- all geniuses. Virtually all memory of the brilliance of the young Tenenbaums was subsequently erased by two decades of betrayal, failure, and disaster. Most of this was generally considered to be their father's fault. ""The Royal Tenenbaums"" is the story of the family's sudden, unexpected reunion one recent winter."
8065,21,en,2008-03-27,123,35000000.0,159808370.0,9.2422,6.693,5094,Released,"Ben Campbell is a young, highly intelligent student at M.I.T. who strives to succeed. Wanting a scholarship to transfer to Harvard School of Medicine to become a doctor, Ben learns that he cannot afford the $300,000 tuition as he comes from a poor, working-class background. But one evening, Ben is introduced by his unorthodox math professor to a small but secretive club of five students, Jill, Choi, Kianna, and Fisher, who are being trained by Professor Rosa to count cards at blackjack."
1878,Fear and Loathing in Las Vegas,en,1998-05-22,118,18500000.0,10700000.0,8.2386,7.201,5092,Released,"Raoul Duke and his attorney Dr. Gonzo drive a red convertible across the Mojave desert to Las Vegas with a suitcase full of drugs to cover a motorcycle race. As their consumption of drugs increases at an alarming rate, the stoned duo trash their hotel room and fear legal repercussions. Duke begins to drive back to L.A., but after an odd run-in with a cop, he returns to Sin City and continues his wild drug binge."
1427,Perfume: The Story of a Murderer,en,2006-09-13,147,63700000.0,135039924.0,11.7458,7.371,5087,Released,"Jean-Baptiste Grenouille, born in the stench of 18th century Paris, develops a superior olfactory sense, which he uses to create the world's finest perfumes. However, his work takes a dark turn as he tries to preserve scents in the search for the ultimate perfume."
686,Contact,en,1997-07-11,150,90000000.0,171120329.0,12.7902,7.448,5085,Released,"A radio astronomer receives the first extraterrestrial radio signal ever picked up on Earth. As the world powers scramble to decipher the message and decide upon a course of action, she must make some difficult decisions between her beliefs, the truth, and reality."
290595,The Huntsman: Winter's War,en,2016-04-06,114,115000000.0,164989338.0,9.6989,6.295,5083,Released,"As two evil sisters prepare to conquer the land, two renegades—Eric the Huntsman, who aided Snow White in defeating Ravenna in Snowwhite and the Huntsman, and his forbidden lover, Sara—set out to stop them."
59440,Warrior,en,2011-09-09,140,25000000.0,23300000.0,9.692,7.84,5081,Released,"The youngest son of an alcoholic former boxer returns home, where he's trained by his father for competition in a mixed martial arts tournament – a path that puts the fighter on a collision course with his estranged, older brother."
20662,Robin Hood,en,2010-05-12,140,200000000.0,321669741.0,9.6471,6.401,5079,Released,"When soldier Robin happens upon the dying Robert of Loxley, he promises to return the man's sword to his family in Nottingham. There, he assumes Robert's identity; romances his widow, Marion; and draws the ire of the town's sheriff and King John's henchman, Godfrey."
411088,The Invisible Guest,es,2017-01-06,107,4000000.0,30000000.0,13.1767,8.076,5071,Released,"Barcelona, Spain. Adrián Doria, a young and successful businessman accused of murder, meets one night with Virginia Goodman, an expert interrogation lawyer, in order to devise a defense strategy."
46529,I Am Number Four,en,2011-02-18,109,50000000.0,149900000.0,7.4091,6.2,5065,Released,"A teenage fugitive with an incredible secret races to stay one step ahead of the mysterious forces seeking destroy him. With three dead and one on the run, the race to find the elusive Number Four begins. Outwardly normal teen John Smith never gets too comfortable in the same identity, and along with his guardian, Henri, he is constantly moving from town to town. With each passing day, John gains a stronger grasp on his extraordinary new powers, and his bond to the beings that share his fantastic fate grows stronger."
34544,The A-Team,en,2010-06-09,117,110000000.0,177238796.0,11.1446,6.419,5058,Released,"A man who loves when a plan comes together, Col. Hannibal Smith leads a close-knit team of elite operatives and Iraq War veterans. Framed for a crime they didn't commit, Smith and his men, Capt. H.M. ‘Howling Mad’ Murdock , Sgt. Bosco ‘B.A.’ Baracus, and Lt. Templeton ‘Faceman’ Peck, break out and go rogue, using their special talents to clear their names and find the perpetrator. Hot on their trail is Capt. Charissa Sosa, who was once involved with a member of Smith's team and has sworn to capture them, no matter what it takes."
337170,American Made,en,2017-08-18,115,50000000.0,133511855.0,9.0894,6.9,5056,Released,"The true story of pilot Barry Seal, who transported contraband for the CIA and the Medellin cartel in the 1980s."
433,Mary Poppins,en,1964-12-17,139,4650000.0,103100000.0,14.2458,7.547,5055,Released,"In turn of the century London, a magical nanny employs music and adventure to help two neglected children become closer to their father."
15512,Monsters vs Aliens,en,2009-03-19,94,175000000.0,381509870.0,13.5038,6.263,5054,Released,"When Susan Murphy is unwittingly clobbered by a meteor full of outer space gunk on her wedding day, she mysteriously grows to 49-feet-11-inches. The military jumps into action and captures Susan, secreting her away to a covert government compound. She is renamed Ginormica and placed in confinement with a ragtag group of Monsters..."
696806,The Adam Project,en,2022-03-11,106,116000000.0,0.0,12.5377,6.989,5044,Released,"After accidentally crash-landing in 2022, time-traveling fighter pilot Adam Reed teams up with his 12-year-old self on a mission to save the future."
395,AVP: Alien vs. Predator,en,2004-08-12,101,70000000.0,177427090.0,11.2402,5.951,5044,Released,"When scientists discover something near Antarctica that appears to be a buried Pyramid, they send a research team out to investigate. Little do they know that they are about to step into a hunting ground where Aliens are grown as sport for the Predator race."
9426,The Fly,en,1986-08-15,96,15000000.0,60629159.0,13.7312,7.438,5044,Released,"When brilliant, eccentric scientist Seth Brundle makes a huge technological breakthrough in teleportation, he decides to test it on himself. Unbeknownst to him, a common housefly manages to get inside the device and the two become one."
786892,Furiosa: A Mad Max Saga,en,2024-05-22,149,168000000.0,174287546.0,21.8854,7.443,5040,Released,"As the world falls, young Furiosa is snatched from the Green Place of Many Mothers into the hands of a great biker horde led by the warlord Dementus. Sweeping through the wasteland, they encounter the citadel presided over by Immortan Joe. The two tyrants wage war for dominance, and Furiosa must survive many trials as she puts together the means to find her way home."
504608,Rocketman,en,2019-05-17,121,40000000.0,167300000.0,6.7829,7.31,5038,Released,"The story of Elton John's life, from his years as a prodigy at the Royal Academy of Music through his influential and enduring musical partnership with Bernie Taupin."
762504,Nope,en,2022-07-20,130,68000000.0,171932082.0,14.2702,6.823,5037,Released,"Residents in a lonely gulch of inland California bear witness to an uncanny, chilling discovery."
9659,Mad Max,en,1979-04-12,91,350000.0,100000000.0,10.6194,6.683,5034,Released,"In the ravaged near-future, a savage motorcycle gang rules the road. Terrorizing innocent civilians while tearing up the streets, the ruthless gang laughs in the face of a police force hell-bent on stopping them."
41630,No Strings Attached,en,2011-01-21,107,25000000.0,149200000.0,11.0326,6.294,5033,Released,"Emma is a busy doctor who sets up a seemingly perfect arrangement when she offers her best friend Adam a relationship with one rule: No strings attached. But when a fling becomes a thing, can sex friends stay best friends?"
33,Unforgiven,en,1992-08-07,130,14400000.0,159157447.0,11.5467,7.913,5029,Released,"William Munny is a retired, once-ruthless killer turned gentle widower and hog farmer. To help support his two motherless children, he accepts one last bounty-hunter mission to find the men who brutalized a prostitute. Joined by his former partner and a cocky greenhorn, he takes on a corrupt sheriff."
214,Saw III,en,2006-10-26,108,10000000.0,164874275.0,14.6689,6.419,5018,Released,"Jigsaw has disappeared. Along with his new apprentice Amanda, the puppet-master behind the cruel, intricate games that have terrified a community and baffled police has once again eluded capture and vanished. While city detectives scramble to locate him, Doctor Lynn Denlon and Jeff Reinhart are unaware that they are about to become the latest pawns on his vicious chessboard."
7980,The Lovely Bones,en,2009-12-26,136,65000000.0,93600000.0,9.7191,7.056,5015,Released,"After being brutally murdered, 14-year-old Susie Salmon watches from heaven over her grief-stricken family -- and her killer. As she observes their daily lives, she must balance her thirst for revenge with her desire for her family to heal."
9398,Zoolander,en,2001-09-28,89,28000000.0,60780981.0,7.4929,6.226,5008,Released,"Clear the runway for Derek Zoolander, VH1's three-time male model of the year. His face falls when hippie-chic Hansel scooters in to steal this year's award. The evil fashion guru Mugatu seizes the opportunity to turn Derek into a killing machine. It's a well-designed conspiracy and only with the help of Hansel and a few well-chosen accessories like Matilda can Derek make the world safe for male models everywhere."
588,Silent Hill,en,2006-04-21,125,50000000.0,100605135.0,14.7919,6.644,5004,Released,"Rose, a desperate mother, takes her adopted daughter, Sharon, to the town of Silent Hill in an attempt to cure her of her ailment. After a violent car crash, Sharon disappears, and Rose embarks on a horrific journey to get her back and begins to uncover the truth behind the apocalyptic disaster that burned the town 30 years earlier."
583,Life of Brian,en,1979-08-17,94,4000000.0,20833252.0,9.0219,7.761,4997,Released,"Brian Cohen is an average young Jewish man, but through a series of ridiculous events, he gains a reputation as the Messiah. When he's not dodging his followers or being scolded by his shrill mother, the hapless Brian has to contend with the pompous Pontius Pilate and acronym-obsessed members of a separatist movement. Rife with Monty Python's signature absurdity, the tale finds Brian's life paralleling Biblical lore, albeit with many more laughs."
38050,The Adjustment Bureau,en,2011-03-03,106,50200000.0,127900000.0,8.5492,6.785,4996,Released,"A man glimpses the future Fate has planned for him – and chooses to fight for his own destiny. Battling the powerful Adjustment Bureau across, under and through the streets of New York, he risks his destined greatness to be with the only woman he's ever loved."
52449,Bad Teacher,en,2011-05-16,92,20000000.0,216197492.0,9.8434,5.609,4993,Released,"A lazy, incompetent middle school teacher who hates her job and her students is forced to return to her job to make enough money for a boob job after her rich fiancé dumps her."
9928,Robots,en,2005-03-10,90,75000000.0,262511490.0,12.2886,6.5,4992,Released,"Rodney Copperbottom is a young robot inventor who dreams of making the world a better place, until the evil Ratchet takes over Bigweld Industries. Now, Rodney's dreams – and those of his friends – are in danger of becoming obsolete."
8839,Casper,en,1995-05-26,100,50000000.0,287928194.0,8.5615,6.342,4981,Released,"Casper is a kind young ghost who peacefully haunts a mansion in Maine. When specialist James Harvey arrives to communicate with Casper and his fellow spirits, he brings along his teenage daughter, Kat. Casper quickly falls in love with Kat, but their budding relationship is complicated not only by his transparent state, but also by his troublemaking apparition uncles and their mischievous antics."
7451,xXx,en,2002-08-09,124,70000000.0,277448382.0,16.9661,5.99,4979,Released,"Xander Cage is your standard adrenaline junkie with no fear and a lousy attitude. When the US Government ""recruits"" him to go on a mission, he's not exactly thrilled. His mission: to gather information on an organization that may just be planning the destruction of the world, led by the nihilistic Yorgi."
3021,1408,en,2007-06-22,104,25000000.0,133000000.0,10.013,6.692,4978,Released,"A man who specializes in debunking paranormal occurrences checks into the fabled room 1408 in the Dolphin Hotel. Soon after settling in, he confronts genuine terror."
1585,It's a Wonderful Life,en,1946-12-20,131,3180000.0,9644124.0,19.0338,8.275,4977,Released,"George Bailey has spent his entire life giving to the people of Bedford Falls.  All that prevents rich skinflint Mr. Potter from taking over the entire town is George's modest building and loan company.  But on Christmas Eve the business's $8,000 is lost and George's troubles begin."
501170,Doctor Sleep,en,2019-10-30,152,45000000.0,72385286.0,10.2516,7.146,4975,Released,"Still scarred by the trauma he endured as a child at the Overlook Hotel, Dan Torrance faces the ghosts of the past when he meets Abra, a courageous teen who desperately needs his help -- and who possesses a powerful extrasensory ability called the ""shine""."
335,Once Upon a Time in the West,it,1968-12-21,166,5000000.0,5380118.0,15.8486,8.271,4974,Released,"As the railroad builders advance unstoppably through the Arizona desert on their way to the sea, Jill arrives in the small town of Flagstone with the intention of starting a new life."
37834,Knight and Day,en,2010-06-15,109,117000000.0,261989769.0,9.5794,6.239,4972,Released,"A fugitive couple goes on a glamorous and sometimes deadly adventure where nothing and no one – even themselves – are what they seem. Amid shifting alliances and unexpected betrayals, they race across the globe, with their survival ultimately hinging on the battle of truth vs. trust."
14869,G.I. Joe: The Rise of Cobra,en,2009-08-03,118,175000000.0,302500000.0,10.6053,5.788,4972,Released,"From the Egyptian desert to deep below the polar ice caps, the elite G.I. JOE team uses the latest in next-generation spy and military equipment to fight the corrupt arms dealer Destro and the growing threat of the mysterious Cobra organization to prevent them from plunging the world into chaos."
296524,Deepwater Horizon,en,2016-09-28,107,110000000.0,121790376.0,9.5001,6.901,4971,Released,"A story set on the offshore drilling rig Deepwater Horizon, which exploded during April 2010 and created the worst oil spill in U.S. history."
9023,Spirit: Stallion of the Cimarron,en,2002-05-24,83,80000000.0,122563539.0,12.4442,7.705,4971,Released,A captured mustang remains determined to return to his herd no matter what.
446354,The Post,en,2017-12-22,116,50000000.0,179769467.0,14.2608,7.005,4964,Released,A cover-up that spanned four U.S. Presidents pushed the country's first female newspaper publisher and a hard-driving editor to join an unprecedented battle between journalist and government. Inspired by true events.
631843,Old,en,2021-07-21,108,18000000.0,90146510.0,10.9424,6.323,4963,Released,A group of families on a tropical holiday discover that the secluded beach where they are staying is somehow causing them to age rapidly – reducing their entire lives into a single day.
9679,Gone in Sixty Seconds,en,2000-06-09,118,90000000.0,237200000.0,10.2914,6.474,4957,Released,"Ex-car thief Randall Raines is forced out of retirement to save his brother Kip after a boost gone wrong. With the help of allies old and new, they race to meet the demands of notorious crime boss Raymond Calitri as the police are in hot pursuit."
17979,A Christmas Carol,en,2009-11-04,96,200000000.0,325286646.0,8.4087,6.911,4956,Released,"Miser Ebenezer Scrooge is awakened on Christmas Eve by spirits who reveal to him his own miserable existence, what opportunities he wasted in his youth, his current cruelties, and the dire fate that awaits him if he does not change his ways. Scrooge is faced with his own story of growing bitterness and meanness, and must decide what his own future will hold: death or redemption."
8329,[REC],es,2007-11-23,78,1500000.0,32511655.0,8.3199,7.239,4946,Released,A television reporter and cameraman follow emergency workers into a dark apartment building and are quickly locked inside with something terrifying.
97630,Zero Dark Thirty,en,2012-12-19,157,40000000.0,132800000.0,7.6594,6.993,4943,Released,"A chronicle of the decade-long hunt for al-Qaeda terrorist leader Osama bin Laden after the September 2001 attacks, and his death at the hands of the Navy S.E.A.L. Team 6 in May, 2011."
278154,Ice Age: Collision Course,en,2016-06-23,95,105000000.0,408579038.0,16.4382,6.12,4935,Released,"Set after the events of Continental Drift, Scrat's epic pursuit of his elusive acorn catapults him outside of Earth, where he accidentally sets off a series of cosmic events that transform and threaten the planet. To save themselves from peril, Manny, Sid, Diego, and the rest of the herd leave their home and embark on a quest full of thrills and spills, highs and lows, laughter and adventure while traveling to exotic new lands and locations."
9358,Final Destination 2,en,2003-01-31,90,26000000.0,90941129.0,11.3803,6.3,4934,Released,"When Kimberly has a violent premonition of a highway pileup she blocks the freeway, keeping a few others meant to die, safe...Or are they? The survivors mysteriously start dying and it's up to Kimberly to stop it before she's next."
338766,Hell or High Water,en,2016-08-11,102,12000000.0,37600000.0,8.9353,7.305,4933,Released,A divorced dad and his ex-con brother resort to a desperate scheme in order to save their family's farm in West Texas.
9366,Donnie Brasco,en,1997-02-27,127,35000000.0,124909762.0,8.5812,7.538,4926,Released,An FBI undercover agent infiltrates the mob and identifies more with the mafia life at the expense of his regular one.
7518,Over the Hedge,en,2006-05-17,83,80000000.0,343397247.0,14.4691,6.6,4920,Released,"A scheming raccoon fools a mismatched family of forest creatures into helping him repay a debt of food, by invading the new suburban sprawl that popped up while they were hibernating – and learns a lesson about family himself."
2978,Ghostbusters II,en,1989-06-16,108,37000000.0,215394738.0,10.4637,6.601,4917,Released,The discovery of a massive river of ectoplasm and a resurgence of spectral activity allows the staff of Ghostbusters to revive the business.
536554,M3GAN,en,2022-12-28,102,12000000.0,180089109.0,10.3441,7.018,4915,Released,"A brilliant toy company roboticist uses artificial intelligence to develop M3GAN, a life-like doll programmed to emotionally bond with her newly orphaned niece. But when the doll's programming works too well, she becomes overprotective of her new friend with terrifying results."
1233413,Sinners,en,2025-04-16,138,100000000.0,371368759.0,36.4,7.504,4911,Released,"Trying to leave their troubled lives behind, twin brothers return to their hometown to start again, only to discover that an even greater evil is waiting to welcome them back."
11322,Public Enemies,en,2009-07-01,140,100000000.0,214104620.0,7.5738,6.685,4904,Released,"Depression-era bank robber John Dillinger's charm and audacity endear him to much of America's downtrodden public, but he's also a thorn in the side of J. Edgar Hoover and the fledgling FBI. Desperate to capture the elusive outlaw, Hoover makes Dillinger his first Public Enemy Number One and assigns his top agent, Melvin Purvis, the task of bringing him in dead or alive."
11216,Cinema Paradiso,it,1988-11-17,124,5000000.0,35962062.0,16.0268,8.43,4902,Released,"A filmmaker recalls his childhood, when he fell in love with the movies at his village's theater and formed a deep friendship with the theater's projectionist."
376570,Hush,en,2016-03-12,82,1000000.0,0.0,5.3168,6.727,4896,Released,A deaf woman is stalked by a psychotic killer in her secluded home.
147441,Exodus: Gods and Kings,en,2014-12-03,150,140000000.0,268031828.0,11.9629,5.885,4896,Released,"The defiant leader Moses rises up against the Egyptian Pharaoh Ramses, setting 400,000 slaves on a monumental journey of escape from Egypt and its terrifying cycle of deadly plagues."
824,Moulin Rouge!,en,2001-05-18,128,52500000.0,179213434.0,9.2256,7.5,4895,Released,"A celebration of love and creative inspiration takes place in the infamous, gaudy and glamorous Parisian nightclub, at the cusp of the 20th century. A young poet, who is plunged into the heady world of Moulin Rouge, begins a passionate affair with the club's most notorious and beautiful star."
152584,Blue Is the Warmest Color,fr,2013-10-09,180,4300000.0,19796489.0,6.7364,7.072,4894,Released,"Adèle's life is changed when she meets Emma, a young woman with blue hair, who will allow her to discover desire, to assert herself as a woman and as an adult. In front of others, Adele grows, seeks herself, loses herself, finds herself."
1374,Rocky IV,en,1985-11-21,91,31000000.0,300473716.0,11.3566,7.098,4893,Released,"Rocky Balboa holds the world heavyweight championship, but a new challenger has stepped forward: Drago, a six-foot-four, 261-pound fighter who has the backing of the Soviet Union. This time, Rocky's training regimen takes him to Siberia, where he prepares for a globally televised match in the heart of Moscow. But nothing can truly prepare him for what he's about to face – a fight to the finish, in which he must defend not only himself, but also the honor of his country!"
12429,Ponyo,ja,2008-07-19,100,34000000.0,202404009.0,10.1166,7.763,4890,Released,"When Sosuke, a young boy who lives on a clifftop overlooking the sea, rescues a stranded goldfish named Ponyo, he discovers more than he bargained for. Ponyo is a curious, energetic young creature who yearns to be human, but even as she causes chaos around the house, her father, a powerful sorcerer, schemes to return Ponyo to the sea."
547016,The Old Guard,en,2020-07-09,125,70000000.0,0.0,8.5145,7.095,4887,Released,Four undying warriors who've secretly protected humanity for centuries become targeted for their mysterious powers just as they discover a new immortal.
526896,Morbius,en,2022-03-30,105,75000000.0,167635712.0,14.8694,5.894,4886,Released,"Dangerously ill with a rare blood disorder, and determined to save others suffering his same fate, Dr. Michael Morbius attempts a desperate gamble. What at first appears to be a radical success soon reveals itself to be a remedy potentially worse than the disease."
2268,The Golden Compass,en,2007-12-04,113,180000000.0,372234864.0,9.1389,6.084,4886,Released,"In a parallel universe, after overhearing a shocking secret, precocious orphan Lyra Belacqua trades her carefree existence roaming the halls of Jordan College for an otherworldly adventure in the far North, unaware that it's part of her destiny."
1367,Rocky II,en,1979-06-15,119,7000000.0,200182160.0,9.9085,7.301,4882,Released,"After Rocky goes the distance with champ Apollo Creed, both try to put the fight behind them and move on. Rocky settles down with Adrian but can't put his life together outside the ring, while Creed seeks a rematch to restore his reputation. Soon enough, the ""Master of Disaster"" and the ""Italian Stallion"" are set on a collision course for a climactic battle that is brutal and unforgettable."
2787,Pitch Black,en,2000-02-18,108,23000000.0,53187659.0,6.3168,6.87,4880,Released,"When their ship crash-lands on a remote planet, the marooned passengers soon learn that escaped convict Riddick isn't the only thing they have to fear. Deadly creatures lurk in the shadows, waiting to attack in the dark, and the planet is rapidly plunging into the utter blackness of a total eclipse. With the body count rising, the doomed survivors are forced to turn to Riddick with his eerie eyes to guide them through the darkness to safety. With time running out, there's only one rule: Stay in the light."
103663,The Hunt,da,2012-10-25,116,3800000.0,18300000.0,10.7616,8.093,4873,Released,"A teacher lives a lonely life, all the while struggling over his son’s custody. His life slowly gets better as he finds love and receives good news from his son, but his new luck is about to be brutally shattered by an innocent little lie."
10830,Matilda,en,1996-08-02,98,36000000.0,33500000.0,16.1087,7.179,4871,Released,"Matilda Wormwood is an brilliant and intelligent little girl. Unfortunately, her parents, Harry and Zinnia, fail to see that fact. As time passes, she finally starts school and has a kind teacher, loyal friends, and a terrifying, sadistic headmistress. As she becomes fed up with the constant cruelty, she discovers she has a special gift that she just might be able to use to outwit the unruly adults around her."
1735,The Mummy: Tomb of the Dragon Emperor,en,2008-07-01,112,145000000.0,403449830.0,17.1145,5.521,4869,Released,"Archaeologist Rick O'Connell travels to China, pitting him against an emperor from the 2,000-year-old Han dynasty who's returned from the dead to pursue a quest for world domination. This time, O'Connell enlists the help of his wife and son to quash the so-called 'Dragon Emperor' and his abuse of supernatural power."
149,Akira,ja,1988-06-10,124,5700000.0,49000000.0,12.3601,7.936,4869,Released,A secret military project endangers Neo-Tokyo when it turns a biker gang member into a rampaging psychic psychopath that only two teenagers and a group of psychics can stop.
5503,The Fugitive,en,1993-08-06,131,44000000.0,353808222.0,14.2651,7.486,4868,Released,"Wrongfully convicted of murdering his wife and sentenced to death, Richard Kimble escapes from the law in an attempt to find the real killer and clear his name."
492,Being John Malkovich,en,1999-10-29,113,13000000.0,22863596.0,6.6425,7.42,4867,Released,"One day at work, unsuccessful puppeteer Craig finds a portal into the head of actor John Malkovich. The portal soon becomes a passion for anybody who enters its mad and controlling world of overtaking another human body."
134374,Pain & Gain,en,2013-04-18,130,25000000.0,87305549.0,9.2873,6.291,4862,Released,"Daniel Lugo, manager of the Sun Gym in 1990s Miami, decides that there is only one way to achieve his version of the American dream: extortion. To achieve his goal, he recruits musclemen Paul and Adrian as accomplices. After several failed attempts, they abduct rich businessman Victor Kershaw and convince him to sign over all his assets to them. But when Kershaw makes it out alive, authorities are reluctant to believe his story."
9603,Clueless,en,1995-07-19,97,12000000.0,56631572.0,10.5629,7.249,4857,Released,"Shallow, rich and socially successful Cher is at the top of her Beverly Hills high school's pecking scale. Seeing herself as a matchmaker, Cher first coaxes two teachers into dating each other. Emboldened by her success, she decides to give hopelessly klutzy new student Tai a makeover. When Tai becomes more popular than she is, Cher realizes that her disapproving ex-stepbrother was right about how misguided she was -- and falls for him."
514999,Murder Mystery,en,2019-05-25,98,24000000.0,0.0,6.3969,6.255,4852,Released,"On a long-awaited trip to Europe, a New York City cop and his hairdresser wife scramble to solve a baffling murder aboard a billionaire's yacht."
369885,Allied,en,2016-11-23,124,106000000.0,119520023.0,7.445,6.807,4845,Released,"In 1942, an intelligence officer in North Africa encounters a female French Resistance fighter on a deadly mission behind enemy lines. When they reunite in London, their relationship is tested by the pressures of war."
1577,Resident Evil: Apocalypse,en,2004-09-10,94,45000000.0,129342769.0,5.9447,6.367,4846,Released,"As the city is locked down under quarantine, Alice finds out that the people that died from the previous incident at the Umbrella Corporation have turned into zombies. She then joins a small band of elite soldiers, who are enlisted to rescue the missing daughter of the creator of the mutating T-virus.  Once lack of luck and resources happen, they begin to wage an exhilarating battle to survive and escape before the Umbrella Corporation erases its experiment from the face of the earth."
438695,Sing 2,en,2021-12-01,110,85000000.0,408402685.0,17.7099,7.832,4843,Released,"Buster and his new cast now have their sights set on debuting a new show at the Crystal Tower Theater in glamorous Redshore City. But with no connections, he and his singers must sneak into the Crystal Entertainment offices, run by the ruthless wolf mogul Jimmy Crystal, where the gang pitches the ridiculous idea of casting the lion rock legend Clay Calloway in their show. Buster must embark on a quest to find the now-isolated Clay and persuade him to return to the stage."
14306,Marley & Me,en,2008-12-25,115,60000000.0,255700000.0,9.7687,7.178,4835,Released,"A newly married couple, in the process of starting a family, learn many of life's important lessons from their trouble-loving retriever, Marley. Packed with plenty of laughs to lighten the load, the film explores the highs and lows of marriage, maturity and confronting one's own mortality, as seen through the lens of family life with a dog."
9637,Scooby-Doo,en,2002-06-14,87,84000000.0,275650703.0,12.2859,6.113,4834,Released,"When the Mystery Inc. gang is invited to Spooky Island, a popular amusement park, they soon discover that the attractions aren't the only things that are spooky. Strange things are happening, and it's up to Scooby, Shaggy, Fred, Daphne, and Velma to uncover the truth behind the mysterious happenings."
279,Amadeus,en,1984-09-19,160,18000000.0,90007557.0,10.0593,8.025,4832,Released,Disciplined Italian composer Antonio Salieri becomes consumed by jealousy and resentment towards the hedonistic and remarkably talented young Salzburger composer Wolfgang Amadeus Mozart.
4233,Scream 2,en,1997-12-12,120,24000000.0,172363301.0,14.9871,6.518,4825,Released,"Two years after the Woodsboro murders, Sidney Prescott acclimates to college life while someone donning the Ghostface costume begins a new string of killings."
1578,Raging Bull,en,1980-11-14,129,18000000.0,23380203.0,8.9127,7.899,4824,Released,"The life of boxer Jake LaMotta, whose violence and temper that led him to the top in the ring destroyed his life outside of it."
10947,High School Musical,en,2006-01-20,98,4200000.0,3746.0,6.6217,6.542,4821,Released,A popular high school athlete and an academically gifted girl get roles in the school musical and develop a friendship that threatens East High's social order.
193756,Lone Survivor,en,2013-12-24,121,40000000.0,149295601.0,13.517,7.433,4817,Released,"Four Navy SEALs on a covert mission to neutralize a high-level Taliban operative must make an impossible moral decision in the mountains of Afghanistan that leads them into an enemy ambush. As they confront unthinkable odds, the SEALs must find reserves of strength and resilience to fight to the finish."
397243,The Autopsy of Jane Doe,en,2016-12-21,86,4000000.0,6170043.0,9.8093,6.841,4811,Released,"Father and son coroners receive a mysterious unidentified corpse with no apparent cause of death. As they attempt to examine the ""Jane Doe,"" they discover increasingly bizarre clues that hold the key to her terrifying secrets."
49046,All Quiet on the Western Front,de,2022-10-07,147,20000000.0,0.0,15.3161,7.739,4808,Released,"Paul Baumer and his friends Albert and Muller, egged on by romantic dreams of heroism, voluntarily enlist in the German army. Full of excitement and patriotic fervour, the boys enthusiastically march into a war they believe in. But once on the Western Front, they discover the soul-destroying horror of World War I."
9602,Coming to America,en,1988-06-29,117,30000000.0,288752301.0,9.5253,6.883,4805,Released,"An African prince decides it’s time for him to find a princess... and his mission leads him and his most loyal friend to Queens, New York. In disguise as an impoverished immigrant, the pampered prince quickly finds himself a new job, new friends, new digs, new enemies and lots of trouble."
8916,Antz,en,1998-10-02,83,60000000.0,171757863.0,10.0419,6.192,4801,Released,"A neurotic worker ant in love with a rebellious princess rises to unlikely stardom when he switches places with a soldier. Signing up to march in a parade, he ends up under the command of a bloodthirsty general. But he's actually been enlisted to fight against a termite army."
493529,Dungeons & Dragons: Honor Among Thieves,en,2023-03-23,134,151000000.0,208200000.0,19.3021,7.358,4797,Released,"A charming thief and a band of unlikely adventurers undertake an epic heist to retrieve a lost relic, but things go dangerously awry when they run afoul of the wrong people."
1885,The Karate Kid,en,1984-06-22,127,8000000.0,91138075.0,12.9392,7.229,4792,Released,"New Jersey teen Daniel LaRusso moves to Los Angeles with his mother, and soon strikes up a relationship with Ali. He quickly finds himself the target of bullying by a group of thugs, led by Ali's ex-boyfriend Johnny, who study karate at the Cobra Kai dojo under ruthless sensei John Kreese. Fortunately, Daniel befriends Mr. Miyagi, an unassuming repairman who just happens to be a martial arts master himself. Miyagi takes Daniel under his wing, training him in a more compassionate form of karate for self-defense and, later, preparing him to compete against the brutal Cobra Kai."
6477,Alvin and the Chipmunks,en,2007-12-13,92,60000000.0,361366633.0,12.035,5.845,4788,Released,"A struggling songwriter named Dave Seville finds success when he comes across a trio of singing chipmunks: mischievous leader Alvin, brainy Simon, and chubby, impressionable Theodore."
785084,The Whale,en,2022-12-09,117,3000000.0,57615635.0,23.6834,7.76,4785,Released,A reclusive English teacher suffering from severe obesity attempts to reconnect with his estranged teenage daughter for one last chance at redemption.
1701,Con Air,en,1997-06-05,116,75000000.0,224012234.0,14.559,6.784,4785,Released,"Newly-paroled former US Army ranger Cameron Poe is headed back to his wife, but must fly home aboard a prison transport flight dubbed ""Jailbird"" taking the “worst of the worst” prisoners, a group described as “pure predators”, to a new super-prison. Poe faces impossible odds when the transport plane is skyjacked mid-flight by the most vicious criminals in the country led by the mastermind — genius serial killer Cyrus ""The Virus"" Grissom, and backed by black militant Diamond Dog and psychopath Billy Bedlam."
9533,Red Dragon,en,2002-10-02,124,78000000.0,209196298.0,3.2384,7.046,4783,Released,"Former FBI Agent Will Graham, who was once almost killed by the savage Hannibal 'The Cannibal' Lecter, now has no choice but to face him again, as it seems Lecter is the only one who can help Graham track down a new serial killer."
823464,Godzilla x Kong: The New Empire,en,2024-03-27,115,150000000.0,571750016.0,20.3914,7.047,4782,Released,"Following their explosive showdown, Godzilla and Kong must reunite against a colossal undiscovered threat hidden within our world, challenging their very existence – and our own."
391,A Fistful of Dollars,it,1964-09-12,99,200000.0,14500000.0,9.77,7.821,4781,Released,"The Man With No Name enters the Mexican village of San Miguel in the midst of a power struggle among the three Rojo brothers and sheriff John Baxter. When a regiment of Mexican soldiers bearing gold intended to pay for new weapons is waylaid by the Rojo brothers, the stranger inserts himself into the middle of the long-simmering battle, selling false information to both sides for his own benefit."
45317,The Fighter,en,2010-12-10,116,25000000.0,129190869.0,8.5157,7.379,4777,Released,"Boxer ""Irish"" Micky Ward's unlikely road to the world light welterweight title. His Rocky-like rise was shepherded by half-brother Dicky, a boxer-turned-trainer who rebounded in life after nearly being KO'd by drugs and crime."
9522,Wedding Crashers,en,2005-07-13,119,40000000.0,288500000.0,9.9853,6.502,4775,Released,"John and his buddy Jeremy are emotional criminals who know how to use a woman's hopes and dreams for their own carnal gain. Their modus operandi: crashing weddings. Normally, they meet guests who want to toast the romantic day with a random hook-up. But when John meets Claire, he discovers what true love – and heartache – feels like."
76,Before Sunrise,en,1995-01-27,101,2500000.0,5987386.0,17.8666,7.968,4773,Released,"An unexpected meeting on a train leads two travelers to spend an evening wandering through Vienna. As the night unfolds, they share stories and conversations about life and love, exploring new ideas while a quiet intimacy grows between them, knowing it may be their only night together."
840,Close Encounters of the Third Kind,en,1977-12-14,137,20000000.0,306889114.0,11.1092,7.4,4771,Released,"After an encounter with UFOs, an electricity linesman feels undeniably drawn to an isolated area in the wilderness where something spectacular is about to happen."
109418,Grown Ups 2,en,2013-07-11,101,80000000.0,247022278.0,16.092,6.187,4766,Released,"Lenny has relocated his family back to the small town where he and his friends grew up. This time around, the grown ups are the ones learning lessons from their kids on a day notoriously full of surprises—the last day of school."
4347,Atonement,en,2007-02-27,123,30000000.0,131016624.0,11.4982,7.633,4766,Released,A young girl irrevocably changes the course of several lives when she accuses her older sister's lover of a crime he did not commit.
133805,Carrie,en,2013-10-16,101,30000000.0,84790678.0,7.7393,6.05,4765,Released,"An awkward, telekinetic teenage girl is the object of relentless bullying at school and an oppressively religious mother at home."
1907,The Beach,en,2000-02-03,119,40000000.0,144056873.0,7.5012,6.483,4758,Released,"Twenty-something Richard travels to Thailand and finds himself in possession of a strange map. Rumours state that it leads to a solitary beach paradise, a tropical bliss - excited and intrigued, he sets out to find it."
581,Dances with Wolves,en,1990-11-09,181,22000000.0,424208848.0,11.8738,7.844,4757,Released,"Wounded Civil War soldier John Dunbar tries to commit suicide—and becomes a hero instead. As a reward, he's assigned to his dream post, a remote junction on the Western frontier, and soon makes unlikely friends with the local Sioux tribe."
136797,Need for Speed,en,2014-03-12,132,66000000.0,203277636.0,8.5065,6.44,4756,Released,"The film revolves around a local street-racer who partners with a rich and arrogant business associate, only to find himself framed by his colleague and sent to prison. After he gets out, he joins a New York-to-Los Angeles race to get revenge. But when the ex-partner learns of the scheme, he puts a massive bounty on the racer's head, forcing him to run a cross-country gauntlet of illegal racers in all manner of supercharged vehicles."
71552,American Reunion,en,2012-04-04,114,50000000.0,234989584.0,8.4678,6.314,4756,Released,"The characters we met a little more than a decade ago return to East Great Falls for their high school reunion. In one long-overdue weekend, they will discover what has changed, who hasn’t, and that time and distance can’t break the bonds of friendship."
400155,Hotel Transylvania 3: Summer Vacation,en,2018-06-28,97,80000000.0,528600000.0,13.0671,6.847,4754,Released,"Dracula, Mavis, Johnny and the rest of the Drac Pack take a vacation on a luxury Monster Cruise Ship, where Dracula falls in love with the ship’s captain, Ericka, who’s secretly a descendant of Abraham Van Helsing, the notorious monster slayer."
508965,Klaus,en,2019-11-08,97,0.0,0.0,8.1791,8.22,4747,Released,"A selfish postman and a reclusive toymaker form an unlikely friendship, delivering joy to a cold, dark town that desperately needs it."
1903,Vanilla Sky,en,2001-12-14,136,68000000.0,203388341.0,10.2997,6.827,4742,Released,"David Aames has it all: wealth, good looks and gorgeous women on his arm. But just as he begins falling for the warmhearted Sofia, his face is horribly disfigured in a car accident. That's just the beginning of his troubles as the lines between illusion and reality, between life and death, are blurred."
985939,Fall,en,2022-08-11,107,3000000.0,17363261.0,25.6347,7.145,4740,Released,"For best friends Becky and Hunter, life is all about conquering fears and pushing limits. But after they climb 2,000 feet to the top of a remote, abandoned radio tower, they find themselves stranded with no way down. Now Becky and Hunter's expert climbing skills will be put to the ultimate test as they desperately fight to survive the elements, a lack of supplies, and vertigo-inducing heights."
10515,Castle in the Sky,ja,1986-08-02,125,3000000.0,5228752.0,9.5153,8.0,4735,Released,A young boy and a girl with a magic crystal must race against pirates and foreign agents in a search for a legendary floating castle.
945961,Alien: Romulus,en,2024-08-13,119,80000000.0,350865342.0,27.1944,7.165,4730,Released,"While scavenging the deep ends of a derelict space station, a group of young space colonizers come face to face with the most terrifying life form in the universe."
55721,Bridesmaids,en,2011-05-13,125,32500000.0,288383523.0,8.808,6.511,4725,Released,"Annie's life is a mess. But when she finds out her lifetime best friend is engaged, she simply must serve as Lillian's maid of honor. Though lovelorn and broke, Annie bluffs her way through the expensive and bizarre rituals. With one chance to get it perfect, she’ll show Lillian and her bridesmaids just how far you’ll go for someone you love."
302401,Snowden,en,2016-09-15,135,40000000.0,37357216.0,6.3155,7.113,4715,Released,CIA employee Edward Snowden leaks thousands of classified documents to the press.
9732,The Lion King II: Simba's Pride,en,1998-10-24,81,0.0,0.0,12.7374,6.944,4714,Released,"The circle of life continues for Simba, now fully grown and in his rightful place as the king of Pride Rock. Simba and Nala have given birth to a daughter, Kiara who's as rebellious as her father was. But Kiara drives her parents to distraction when she catches the eye of Kovu, the son of the evil lioness, Zira. Will Kovu steal Kiara's heart?"
34851,Predators,en,2010-07-07,107,40000000.0,127233108.0,12.0074,6.305,4711,Released,A group of cold-blooded killers find themselves trapped on an alien planet to be hunted by extraterrestrial Predators.
10137,Stuart Little,en,1999-12-17,84,133000000.0,300135367.0,9.199,6.08,4708,Released,"When the Littles adopt Stuart, the mouse, George is initially unwelcoming to his new brother, and the family cat, Snowbell, is even less enthusiastic. Stuart resolves to face these difficulties with as much pluck and courage as he can muster."
11423,Memories of Murder,ko,2003-04-25,131,2800000.0,26000000.0,15.1591,8.059,4705,Released,"A sadistic serial rapist and murderer of young women terrorizes a small province in 1980s South Korea. To prevent further crimes, three increasingly desperate detectives with conflicting methods race against time to unravel the violent mind of the killer in a futile effort to solve the case."
399035,The Commuter,en,2018-01-11,104,30000000.0,119942387.0,8.0756,6.368,4703,Released,"A businessman, on his daily commute home, gets unwittingly caught up in a criminal conspiracy that threatens not only his life but the lives of those around him."
9800,Philadelphia,en,1993-12-22,126,26000000.0,206678440.0,7.2858,7.709,4699,Released,"Two competing lawyers join forces to sue a prestigious law firm for AIDS discrimination. As their unlikely friendship develops, their courage overcomes the prejudice and corruption of their powerful adversaries."
11886,Robin Hood,en,1973-11-08,83,5000000.0,33000000.0,9.7614,7.311,4694,Released,"With King Richard off to the Crusades, Prince John and his slithering minion, Sir Hiss, set about taxing Nottingham's citizens with support from the corrupt sheriff - and staunch opposition by the wily Robin Hood and his band of merry men."
5175,Rush Hour 2,en,2001-08-03,90,90000000.0,347325802.0,13.6691,6.775,4686,Released,"It's vacation time for Carter as he finds himself alongside Lee in Hong Kong wishing for more excitement. While Carter wants to party and meet the ladies, Lee is out to track down a Triad gang lord who may be responsible for killing two men at the American Embassy. Things get complicated as the pair stumble onto a counterfeiting plot. The boys are soon up to their necks in fist fights and life-threatening situations. A trip back to the U.S. may provide the answers about the bombing, the counterfeiting, and the true allegiance of sexy customs agent Isabella."
63311,The Skin I Live In,es,2011-08-17,120,13000000.0,33750478.0,8.3936,7.484,4685,Released,A brilliant plastic surgeon creates a synthetic skin that withstands any kind of damage. His guinea pig: a mysterious and volatile woman who holds the key to his obsession.
9016,Treasure Planet,en,2002-11-26,96,140000000.0,109578115.0,13.7025,7.576,4683,Released,"When space galleon cabin boy Jim Hawkins discovers a map to an intergalactic ""loot of a thousand worlds,"" a cyborg cook named John Silver teaches him to battle supernovas and space storms on their journey to find treasure."
305470,Power Rangers,en,2017-03-23,124,105000000.0,142300000.0,8.4059,6.244,4682,Released,"Five ordinary teens must become something extraordinary when they learn that their small town of Angel Grove — and the world — is on the verge of being obliterated by an alien threat. Chosen by destiny, our heroes quickly discover they are the only ones who can save the planet. But to do so, they will have to overcome their real-life issues and before it’s too late, band together as the Power Rangers."
134,"O Brother, Where Art Thou?",en,2000-08-30,107,26000000.0,71877090.0,9.5962,7.325,4678,Released,"In the deep south during the 1930s, three escaped convicts search for hidden treasure while a relentless lawman pursues them."
417859,Puss in Boots,en,2011-10-27,90,130000000.0,554987477.0,14.3135,6.612,4674,Released,"Long before he even met Shrek, the notorious fighter, lover and outlaw Puss in Boots becomes a hero when he sets off on an adventure with the tough and street smart Kitty Softpaws and the mastermind Humpty Dumpty to save his town. This is the true story of The Cat, The Myth, The Legend... The Boots."
227156,The Giver,en,2014-08-13,97,25000000.0,66980456.0,8.1754,6.557,4674,Released,"In a seemingly perfect community, without war, pain, suffering, differences or choice, a young boy is chosen to learn from an elderly man about the true pain and pleasure of the ""real"" world."
123553,The Mortal Instruments: City of Bones,en,2013-08-21,130,60000000.0,95396573.0,6.5289,6.425,4674,Released,"In New York City, Clary Fray, a seemingly ordinary teenager, learns that she is descended from a line of Shadowhunters — half-angel warriors who protect humanity from evil forces. After her mother disappears, Clary joins forces with a group of Shadowhunters and enters Downworld, an alternate realm filled with demons, vampires, and a host of other creatures. Clary and her companions must find and protect an ancient cup that holds the key to her mother's future."
8699,Anchorman: The Legend of Ron Burgundy,en,2004-06-28,95,26000000.0,90574188.0,7.5526,6.702,4671,Released,"It's the 1970s and San Diego anchorman Ron Burgundy is the top dog in local TV, but that's all about to change when ambitious reporter Veronica Corningstone arrives as a new employee at his station."
325133,Neighbors 2: Sorority Rising,en,2016-05-04,92,35000000.0,108007109.0,6.6173,5.817,4665,Released,A sorority moves in next door to the home of Mac and Kelly Radner who have a young child. The Radner's enlist their former nemeses from the fraternity to help battle the raucous sisters.
639,When Harry Met Sally...,en,1989-07-12,96,16000000.0,92823546.0,8.4461,7.407,4661,Released,"Sex always gets in the way of friendships between men and women. At least, that's what Harry Burns believes. So when Harry meets Sally Albright and a deep friendship blossoms between them, Harry's determined not to let his attraction to Sally destroy it. But when a night of weakness ends in a morning of panic, can the pair avoid succumbing to Harry's fears by remaining friends and admitting they just might be the perfect match for each other?"
90,Beverly Hills Cop,en,1984-12-05,105,14000000.0,316360478.0,10.774,7.211,4660,Released,"Fast-talking, quick-thinking Detroit street cop Axel Foley has bent more than a few rules and regs in his time, but when his best friend is murdered, he heads to sunny Beverly Hills to work the case like only he can."
6947,The Village,en,2004-07-30,108,60000000.0,256700000.0,12.2134,6.496,4658,Released,"When a willful young man tries to venture beyond his sequestered Pennsylvania hamlet, his actions set off a chain of chilling incidents that will alter the community forever."
36955,True Lies,en,1994-07-15,141,115000000.0,378900000.0,14.4668,7.099,4657,Released,"A fearless, globe-trotting, terrorist-battling secret agent has his life turned upside down when he discovers his wife might be having an affair with a used car salesman while terrorists smuggle nuclear war heads into the United States."
7737,Resident Evil: Extinction,en,2007-09-20,94,45000000.0,147717833.0,2.8871,6.307,4657,Released,"Years after the Racoon City catastrophe, survivors travel across the Nevada desert, hoping to make it to Alaska. Alice joins the caravan and their fight against hordes of zombies and the evil Umbrella Corp."
381341,Perfect Strangers,it,2016-02-11,97,0.0,32207491.0,4.595,7.853,4655,Released,"During a dinner, a group of friends decide to share whatever message or phone call they will receive during the evening, with unforeseen consequences."
4133,Blow,en,2001-04-04,124,53000000.0,83300000.0,6.8297,7.354,4652,Released,"The story of how George Jung, together with the Medellín Cartel led by Pablo Escobar, established the billion-dollar cocaine empire in the United States in the 1970s."
16859,Kiki's Delivery Service,ja,1989-07-29,103,6900000.0,4493017.0,12.9535,7.839,4650,Released,"A young witch, on her mandatory year of independent life, finds fitting into a new community difficult while she supports herself by running an air courier service."
9286,Final Destination 3,en,2006-02-09,92,25000000.0,118890272.0,11.5963,6.2,4649,Released,"High school senior Wendy's premonition of a deadly rollercoaster ride saves her life and a lucky few, but not from death itself — which seeks out those who escaped their fate."
12153,White Chicks,en,2004-06-23,109,37000000.0,113100000.0,26.6195,6.959,4647,Released,"Two FBI agent brothers, Marcus and Kevin Copeland, accidentally foil a drug bust. To avoid being fired they accept a mission escorting a pair of socialites to the Hamptons--but when the girls are disfigured in a car accident, they refuse to go. Left without options, Marcus and Kevin decide to pose as the sisters, transforming themselves from black men into rich European-American women."
91586,Insidious: Chapter 2,en,2013-09-12,106,5000000.0,161921515.0,9.2564,6.683,4644,Released,The haunted Lambert family seeks to uncover the mysterious childhood secret that has left them dangerously connected to the spirit world.
484247,A Simple Favor,en,2018-09-13,117,20000000.0,97644617.0,6.3095,6.641,4640,Released,"Stephanie, a dedicated mother and popular vlogger, befriends Emily, a mysterious upper-class woman whose son Nicky attends the same school as Miles, Stephanie's son. When Emily asks her to pick Nicky up from school and then disappears, Stephanie undertakes an investigation that will dive deep into Emily's cloudy past."
1452,Superman Returns,en,2006-06-28,154,223000000.0,391081192.0,10.6484,5.821,4640,Released,"Superman returns to discover his 5-year absence has allowed Lex Luthor to walk free, and that those he was closest to felt abandoned and have moved on. Luthor plots his ultimate revenge that could see millions killed and change the face of the planet forever, as well as ridding himself of the Man of Steel."
9273,Ace Ventura: When Nature Calls,en,1995-11-10,90,30000000.0,212385533.0,8.9693,6.3,4636,Released,"Summoned from an ashram in Tibet, Ace finds himself on a perilous journey into the jungles of Africa to find Shikaka, the missing sacred animal of the friendly Wachati tribe. He must accomplish this before the wedding of the Wachati's Princess to the prince of the warrior Wachootoos. If Ace fails, the result will be a vicious tribal war."
27581,The Other Guys,en,2010-08-06,107,100000000.0,170432927.0,10.4016,6.333,4635,Released,"Unlike their heroic counterparts on the force, desk-bound NYPD detectives Gamble and Hoitz garner no headlines as they work day to day. When a seemingly minor case turns out to be a big deal, the two cops get the opportunity to finally prove to their comrades that they have the right stuff."
8835,Legally Blonde,en,2001-07-13,96,18000000.0,141778365.0,15.2486,6.821,4633,Released,"Fashionable sorority queen Elle Woods has it all, but, she wants nothing more than to be Mrs. Warner Huntington III. But he dumps her before heading to Harvard Law School. Elle rallies all of her resources and gets into Harvard, determined to win him back. While there, she figures out that there is more to herself than just good looks."
291870,Dirty Grandpa,en,2016-01-20,102,11500000.0,94100000.0,7.6197,5.938,4632,Released,"Jason Kelly is one week away from marrying his boss's uber-controlling daughter, putting him on the fast track for a partnership at the law firm. However, when the straight-laced Jason is tricked into driving his foul-mouthed grandfather, Dick, to Daytona for spring break, his pending nuptials are suddenly in jeopardy. Between riotous frat parties, bar fights, and an epic night of karaoke, Dick is on a quest to live his life to the fullest and bring Jason along for the ride."
138697,Don Jon,en,2013-09-12,90,3000000.0,0.0,11.1886,6.016,4631,Released,"A New Jersey guy dedicated to his family, friends, and church, develops unrealistic expectations from watching porn and works to find happiness and intimacy with his potential true love."
10719,Elf,en,2003-11-07,97,32000000.0,228500000.0,14.8797,6.666,4623,Released,"When young Buddy falls into Santa's gift sack on Christmas Eve, he's transported back to the North Pole and raised as a toy-making elf by Santa's helpers. But as he grows into adulthood, he can't shake the nagging feeling that he doesn't belong. Buddy vows to visit Manhattan and find his real dad, a workaholic."
406,La Haine,fr,1995-05-31,98,2600000.0,15300000.0,10.6501,8.081,4619,Released,"After a chaotic night of rioting in a marginal suburb of Paris, three young friends, Vinz, Hubert and Saïd, wander around unoccupied waiting for news about the state of health of a mutual friend who has been seriously injured when confronting the police."
2698,Evan Almighty,en,2007-06-09,96,175000000.0,174440724.0,10.5157,5.588,4615,Released,God contacts Junior Congressman Evan Baxter and tells him to build an ark in preparation for a great flood.
635302,Demon Slayer -Kimetsu no Yaiba- The Movie: Mugen Train,ja,2020-10-16,117,15700000.0,523542183.0,18.9195,8.225,4612,Released,"Tanjiro Kamado, joined with Inosuke Hashibira, a boy raised by boars who wears a boar's head, and Zenitsu Agatsuma, a scared boy who reveals his true power when he sleeps, boards the Infinity Train on a new mission with the Fire Hashira, Kyojuro Rengoku, to defeat a demon who has been tormenting the people and killing the demon slayers who oppose it!"
558449,Gladiator II,en,2024-11-13,148,310000000.0,462180717.0,28.1836,6.603,4612,Released,"Years after witnessing the death of the revered hero Maximus at the hands of his uncle, Lucius is forced to enter the Colosseum after his home is conquered by the tyrannical Emperors who now lead Rome with an iron fist. With rage in his heart and the future of the Empire at stake, Lucius must look to his past to find strength and honor to return the glory of Rome to its people."
339988,The Circle,en,2017-04-27,110,18000000.0,40651864.0,6.9639,5.52,4612,Released,"A young tech worker takes a job at a powerful Internet corporation, quickly rises up the company's ranks, and soon finds herself in a perilous situation concerning privacy, surveillance and freedom. She comes to learn that her decisions and actions will determine the future of humanity."
525,The Blues Brothers,en,1980-06-16,133,27000000.0,115229890.0,7.5847,7.714,4611,Released,"Jake Blues, just released from prison, puts his old band back together to save the Catholic home where he and his brother Elwood were raised."
19404,Dilwale Dulhania Le Jayenge,hi,1995-10-20,190,13200000.0,100000000.0,14.8639,8.507,4607,Released,"Raj is a rich, carefree, happy-go-lucky second generation NRI. Simran is the daughter of Chaudhary Baldev Singh, who in spite of being an NRI is very strict about adherence to Indian values. Simran has left for India to be married to her childhood fiancé. Raj leaves for India with a mission at his hands, to claim his lady love under the noses of her whole family. Thus begins a saga."
924,Dawn of the Dead,en,2004-03-19,101,26000000.0,102278712.0,10.3934,7.081,4606,Released,"A group of survivors take refuge in a shopping mall after the world is taken over by aggressive, flesh-eating zombies."
9495,The Crow,en,1994-05-11,102,23000000.0,93722164.0,11.9238,7.529,4600,Released,"Exactly one year after young rock guitarist Eric Draven and his fiancée are brutally killed by a ruthless gang of criminals, Draven, watched over by a hypnotic crow, returns from the grave to exact revenge."
378064,A Silent Voice: The Movie,ja,2016-09-17,129,0.0,30819442.0,16.004,8.392,4595,Released,"Shouya Ishida starts bullying the new girl in class, Shouko Nishimiya, because she is deaf. But as the teasing continues, the rest of the class starts to turn on Shouya for his lack of compassion. When they leave elementary school, Shouko and Shouya do not speak to each other again... until an older, wiser Shouya, tormented by his past behaviour, decides he must see Shouko once more. He wants to atone for his sins, but is it already too late...?"
764,The Evil Dead,en,1982-05-25,85,350000.0,29400000.0,18.3827,7.272,4591,Released,"In 1979, a group of college students find a Sumerian Book of the Dead in an old wilderness cabin they've rented for a weekend getaway."
4256,Scary Movie 3,en,2003-10-24,84,45000000.0,220673217.0,11.7298,5.981,4589,Released,"News anchorwoman Cindy Campbell has to investigate mysterious crop circles and killing video tapes, and help the President stop an alien invasion in the process."
9820,The Parent Trap,en,1998-07-28,128,15000000.0,92108518.0,16.4175,7.215,4586,Released,"Hallie Parker and Annie James are identical twins who were separated at a young age due to their parents' divorce. Unbeknownst to their parents, the girls are sent to the same summer camp, where they meet, discover the truth about their relationship, and come up with a plan to switch places in an effort to reunite their mother and father."
637920,Miracle in Cell No. 7,tr,2019-10-10,132,0.0,28000000.0,7.8826,8.253,4585,Released,"Separated from his daughter, a father with an intellectual disability must prove his innocence when he is jailed for the death of a commander's child."
37136,The Naked Gun: From the Files of Police Squad!,en,1988-12-02,86,12000000.0,152356177.0,9.7238,7.285,4585,Released,"When the bumbling Lieutenant Frank Drebin investigates events following the shooting of his partner, he stumbles upon an attempt to assassinate Queen Elizabeth II."
387426,Okja,en,2017-06-28,120,50000000.0,0.0,5.5872,7.327,4583,Released,"A young girl named Mija risks everything to prevent a powerful, multi-national company from kidnapping her best friend - a massive animal named Okja."
4327,Charlie's Angels,en,2000-11-02,98,92000000.0,264105545.0,14.1157,5.853,4569,Released,"The captivating crime-fighting trio who are masters of disguise, espionage and martial arts are back! When a devious mastermind embroils them in a plot to destroy individual privacy, the Angels, aided by their loyal sidekick Bosley, set out to bring down the bad guys. But when a terrible secret is revealed, it makes the Angels targets for assassination."
1996,Lara Croft: Tomb Raider - The Cradle of Life,en,2003-07-21,117,95000000.0,160099222.0,7.7119,5.763,4568,Released,"Off the coast of the volcanic island of Santorini, the intrepid archaeologist Lara Croft makes the unexpected discovery of a pulsating golden orb able to guide its holder to the mythical Pandora's Box. As the legendary artifact contains ancient mysteries of unfathomable power - said to contain one of the deadliest plagues on Earth, Lara is tasked by MI6 to make sure it doesn't fall into the wrong hands. With the aid of former Marine turned mercenary Terry Sheridan, she travels the world in pursuit of the precious item in a race against time; she must beat the unscrupulous Nobel Prize-winning scientist turned bioterrorist, Jonathan Reiss, to it."
2789,The Chronicles of Riddick,en,2004-06-11,119,105000000.0,115772733.0,5.6139,6.559,4568,Released,"After years of outrunning ruthless bounty hunters, escaped convict Riddick suddenly finds himself caught between opposing forces in a fight for the future of the human race. Now, waging incredible battles on fantastic and deadly worlds, this lone, reluctant hero will emerge as humanity's champion - and the last hope for a universe on the edge of annihilation."
213,North by Northwest,en,1959-08-06,137,4000000.0,13275000.0,7.4973,7.963,4568,Released,"Advertising man Roger Thornhill is mistaken for a spy, triggering a deadly cross-country chase."
72545,Journey 2: The Mysterious Island,en,2012-01-19,94,79000000.0,355692760.0,11.193,6.144,4566,Released,"Sean Anderson partners with his mom's boyfriend on a mission to find his grandfather, who is thought to be missing on a mythical island."
51828,One Day,en,2011-03-02,107,15000000.0,59400000.0,11.285,7.419,4565,Released,"After spending the night together on the eve of their college graduation, Dexter and Emma are shown each year on the same date to see where they are in their lives. They are sometimes together, and sometimes not."
136400,2 Guns,en,2013-08-02,109,61000000.0,131940411.0,10.9451,6.536,4563,Released,A DEA agent and an undercover Naval Intelligence officer who have been tasked with investigating one another find they have been set up by the mob -- the very organization the two men believe they have been stealing money from.
1371,Rocky III,en,1982-05-28,100,17000000.0,125052898.0,10.7303,6.906,4563,Released,Following Rocky Balboa's intense battle with his most powerful adversary yet – the ferocious Clubber Lang – Rocky joins forces with former rival Apollo Creed in an effort to get back his fighting spirit.
203833,The Book Thief,en,2013-11-08,131,19000000.0,76586316.0,5.8231,7.492,4557,Released,"While subjected to the horrors of WWII Germany, young Liesel finds solace by stealing books and sharing them with others. Under the stairs in her home, a Jewish refugee is being sheltered by her adoptive parents."
57165,Wrath of the Titans,en,2012-03-28,99,150000000.0,301970083.0,10.8522,5.8,4555,Released,"Perseus tries to live a quieter life as a village fisherman while – dangerously weakened by humanity's lack of devotion – the gods are losing control of the long-imprisoned Titans and their ferocious leader, Kronos."
329996,Dumbo,en,2019-03-27,112,170000000.0,353284621.0,7.3451,6.586,4553,Released,"A young elephant, whose oversized ears enable him to fly, helps save a struggling circus, but when the circus plans a new venture, Dumbo and his friends discover dark secrets beneath its shiny veneer."
186,Lucky Number Slevin,en,2006-02-24,110,27000000.0,56300000.0,7.435,7.474,4545,Released,"Slevin is mistakenly put in the middle of a personal war between the city’s biggest criminal bosses. Under constant watch, Slevin must try not to get killed by an infamous assassin and come up with an idea of how to get out of his current dilemma."
3580,Changeling,en,2008-10-24,142,55000000.0,113400000.0,5.7667,7.574,4544,Released,"Los Angeles, 1928. When single mother Christine Collins leaves for work, her son vanishes without a trace. Five months later, the police reunite mother and son. But when Christine suspects that the boy returned to her isn't her child, her quest for truth exposes a world of corruption."
938,For a Few Dollars More,it,1965-12-18,132,600000.0,15000000.0,9.9149,8.024,4535,Released,"Two bounty hunters both pursue the brutal and sadistic bandit, El Indio, who has a large bounty on his head."
270946,Penguins of Madagascar,en,2014-11-22,92,132000000.0,373515621.0,19.2723,6.5,4534,Released,"Skipper, Kowalski, Rico and Private join forces with undercover organization The North Wind to stop the villainous Dr. Octavius Brine from destroying the world as we know it."
9919,How to Lose a Guy in 10 Days,en,2003-02-07,116,50000000.0,177500000.0,12.8125,6.9,4529,Released,"It's the battle of wills, as Andie needs to prove she can dump a guy in 10 days, whereas Ben needs to prove he can win a girl in 10 days. Now, the clock is ticking—and the wildly entertaining comedy smash is off and running in this irresistible tale of sex, lies and outrageous romantic fireworks!"
116741,The Internship,en,2013-06-07,119,58000000.0,93500000.0,0.6335,6.241,4527,Released,Two recently laid-off men in their 40s try to make it as interns at a successful Internet company where their managers are in their 20s.
590223,Love and Monsters,en,2020-10-16,109,30000000.0,1122066.0,8.2192,7.265,4521,Released,"Seven years since the Monsterpocalypse began, Joel Dawson has been living underground in order to survive. But after reconnecting over radio with his high school girlfriend Aimee, Joel decides to venture out to reunite with her, despite all the dangerous monsters that stand in his way."
571,The Birds,en,1963-03-28,119,2500000.0,11500000.0,8.9217,7.51,4520,Released,Thousands of birds flock into a seaside town and terrorize the residents in a series of deadly attacks.
164,Breakfast at Tiffany's,en,1961-10-06,115,2500000.0,9500000.0,7.6712,7.619,4520,Released,"Holly Golightly is an eccentric New York City playgirl determined to marry a Brazilian millionaire. But when young writer Paul Varjak moves into her apartment building, her past threatens to get in their way."
2270,Stardust,en,2007-08-10,127,70000000.0,137500000.0,9.3893,7.297,4518,Released,"In a countryside town bordering on a magical land, a young man makes a promise to his beloved that he'll retrieve a fallen star by venturing into the magical realm. His journey takes him into a world beyond his wildest dreams and reveals his true identity."
399057,The Killing of a Sacred Deer,en,2017-10-20,121,3000000.0,10700000.0,8.307,7.001,4506,Released,"Dr. Steven Murphy is a renowned cardiovascular surgeon who presides over a spotless household with his wife and two children. Lurking at the margins of his idyllic suburban existence is Martin, a fatherless teen who insinuates himself into the doctor's life in gradually unsettling ways."
9392,The Descent,en,2005-07-08,100,3500000.0,57130027.0,12.2085,6.986,4497,Released,"After a personal tragedy, Sarah joins her friends on a caving expedition in the Appalachian Mountains. But when a rockfall traps them deep underground, their adventure turns into a nightmare. As they search for a way out, the group discovers they are not alone—lurking in the darkness are savage, cave-dwelling creatures. With rising tension and dwindling trust, the women must fight to survive against both the predators and each other."
537996,The Ballad of Buster Scruggs,en,2018-11-09,132,0.0,0.0,8.6573,7.132,4488,Released,"Vignettes weaving together the stories of six individuals in the old West at the end of the Civil War. Following the tales of a sharp-shooting songster, a wannabe bank robber, two weary traveling performers, a lone gold prospector, a woman traveling the West to an uncertain future, and a motley crew of strangers undertaking a carriage ride."
272693,The DUFF,en,2015-02-20,100,8500000.0,43528634.0,7.345,6.759,4488,Released,"Bianca's universe turns upside down when she learns that her high school refers to her as a ‘DUFF' (Designated Ugly Fat Friend). Hoping to erase that label, she enlists the help of a charming jock and her favorite teacher. Together they'll face the school's mean girl and remind everyone that we are all someone's DUFF… and that's totally fine."
869,Planet of the Apes,en,2001-07-26,120,100000000.0,362211740.0,8.9833,5.776,4482,Released,"After a spectacular crash-landing on an uncharted planet, brash astronaut Leo Davidson finds himself trapped in a savage world where talking apes dominate the human race. Desperate to find a way home, Leo must evade the invincible gorilla army led by Ruthless General Thade."
360920,The Grinch,en,2018-11-08,85,75000000.0,552976825.0,21.2738,6.864,4480,Released,The Grinch hatches a scheme to ruin Christmas when the residents of Whoville plan their annual holiday celebration. But a certain little who might change things.
503736,Army of the Dead,en,2021-05-14,148,90000000.0,190700000.0,9.1612,6.193,4478,Released,"Following a zombie outbreak in Las Vegas, a group of mercenaries take the ultimate gamble: venturing into the quarantine zone to pull off the greatest heist ever attempted."
205587,The Judge,en,2014-10-08,141,40000000.0,84419388.0,12.8246,7.329,4477,Released,"A successful lawyer returns to his hometown for his mother's funeral only to discover that his estranged father, the town's judge, is suspected of murder."
132232,Mama,en,2013-01-17,100,15000000.0,146428180.0,9.3302,6.294,4474,Released,"Guillermo del Toro presents Mama, a supernatural thriller that tells the haunting tale of two little girls who disappeared into the woods the day that their parents were killed. When they are rescued years later and begin a new life, they find that someone or something still wants to come tuck them in at night."
787699,Wonka,en,2023-12-06,117,125000000.0,634502312.0,13.9062,7.037,4471,Released,"Willy Wonka – chock-full of ideas and determined to change the world one delectable bite at a time – is proof that the best things in life begin with a dream, and if you’re lucky enough to meet Willy Wonka, anything is possible."
87421,Riddick,en,2013-09-02,119,38000000.0,98337295.0,8.1928,6.346,4470,Released,"Betrayed by his own kind and left for dead on a desolate planet, Riddick fights for survival against alien predators and becomes more powerful and dangerous than ever before. Soon bounty hunters from throughout the galaxy descend on Riddick only to find themselves pawns in his greater scheme for revenge. With his enemies right where he wants them, Riddick unleashes a vicious attack of vengeance before returning to his home planet of Furya to save it from destruction."
188161,A Million Ways to Die in the West,en,2014-05-22,116,40000000.0,86400000.0,7.6009,6.051,4467,Released,"As a cowardly farmer begins to fall for the mysterious new woman in town, he must put his new-found courage to the test when her husband, a notorious gun-slinger, announces his arrival."
8273,American Wedding,en,2003-08-01,103,55000000.0,231449203.0,7.5605,6.222,4461,Released,"With high school a distant memory, Jim and Michelle are getting married — and in a hurry, since Jim's grandmother is sick and wants to see him walk down the aisle — prompting Stifler to throw the ultimate bachelor party. And Jim's dad is reliable as ever, doling out advice no one wants to hear."
8698,The League of Extraordinary Gentlemen,en,2003-07-11,110,78000000.0,179265204.0,8.55,6.018,4457,Released,"To prevent a world war from breaking out, famous characters from Victorian literature band together to do battle against a cunning villain."
3981,What Women Want,en,2000-12-15,127,70000000.0,374100000.0,10.3174,6.456,4454,Released,"Advertising executive Nick Marshall is as cocky as they come, but what happens to a chauvinistic guy when he can suddenly hear what women are thinking? Nick gets passed over for a promotion, but after an accident enables him to hear women's thoughts, he puts his newfound talent to work against Darcy, his new boss, who seems to be infatuated with him."
2832,Identity,en,2003-04-25,90,28000000.0,90259536.0,9.777,7.182,4450,Released,"Complete strangers stranded at a remote desert motel during a raging storm soon find themselves the target of a deranged murderer. As their numbers thin out, the travelers begin to turn on each other, as each tries to figure out who the killer is."
402,Basic Instinct,en,1992-03-20,128,49000000.0,352927224.0,17.7479,6.947,4449,Released,"Catherine, a novelist with an insatiable sexual appetite, becomes a prime suspect when her boyfriend is brutally murdered -- a crime she had described in her latest story."
356305,Why Him?,en,2016-12-22,111,38000000.0,118102725.0,10.3038,6.385,4448,Released,A dad forms a bitter rivalry with his daughter's young rich boyfriend.
224141,Into the Woods,en,2014-12-24,125,50000000.0,212902372.0,5.864,5.76,4446,Released,"In a woods filled with magic and fairy tale characters, a baker and his wife set out to end the curse put on them by their neighbor, a spiteful witch."
227159,Horrible Bosses 2,en,2014-11-12,108,42000000.0,107645357.0,8.7864,6.18,4440,Released,"Dale, Kurt and Nick decide to start their own business but things don't go as planned because of a slick investor, prompting the trio to pull off a harebrained and misguided kidnapping scheme."
34584,The NeverEnding Story,de,1984-04-06,101,27000000.0,20158808.0,9.3223,7.225,4439,Released,"While hiding from bullies in his school's attic, a young boy discovers the extraordinary land of Fantasia, through a magical book called The Neverending Story. The book tells the tale of Atreyu, a young warrior who, with the help of a luck dragon named Falkor, must save Fantasia from the destruction of The Nothing."
929590,Civil War,en,2024-04-10,109,50000000.0,126542249.0,20.7007,6.853,4438,Released,"In the near future, a group of war journalists attempt to survive while reporting the truth as the United States stands on the brink of civil war."
834,Underworld: Evolution,en,2006-01-12,106,50000000.0,111476513.0,7.732,6.608,4437,Released,"As the war between the vampires and the Lycans rages on, Selene, a former member of the Death Dealers (an elite vampire special forces unit that hunts werewolves), and Michael, the werewolf hybrid, work together in an effort to unlock the secrets of their respective bloodlines."
805,Rosemary's Baby,en,1968-06-12,138,3200000.0,33395426.0,9.2373,7.817,4432,Released,"A young couple, Rosemary and Guy, moves into an infamous New York apartment building, known by frightening legends and mysterious events, with the purpose of starting a family."
205775,In the Heart of the Sea,en,2015-12-03,122,100000000.0,93900000.0,7.9004,6.775,4426,Released,"In the winter of 1820, the New England whaling ship Essex is assaulted by something no one could believe—a whale of mammoth size and will, and an almost human sense of vengeance."
770,Gone with the Wind,en,1939-12-15,238,4000000.0,402352579.0,13.6297,7.906,4425,Released,The spoiled daughter of a Georgia plantation owner conducts a tumultuous romance with a cynical profiteer during the American Civil War and Reconstruction Era.
116,Match Point,en,2005-10-26,124,15000000.0,85638656.0,7.7315,7.362,4419,Released,"Chris, a former tennis pro, takes a job as an instructor and befriends his wealthy young student, Tom. After being introduced to his family, Chris is soon engaged to Tom's sister, Chloe. Despite the professional and financial advantages that this relationship affords him, Chris becomes obsessed with Tom's fiancee, American actress Nola."
290098,The Handmaiden,ko,2016-06-01,145,8575000.0,38600000.0,19.6832,8.18,4412,Released,"1930s Korea, in the period of Japanese occupation, a new girl, Sook-hee, is hired as a handmaiden to a Japanese heiress, Hideko, who lives a secluded life on a large countryside estate with her domineering Uncle Kouzuki. But the maid has a secret. She is a pickpocket recruited by a swindler posing as a Japanese Count to help him seduce the Lady to steal her fortune."
2024,The Patriot,en,2000-06-28,165,110000000.0,215294342.0,15.0711,7.213,4410,Released,"After proving himself on the field of battle in the French and Indian War, Benjamin Martin wants nothing more to do with such things, preferring the simple life of a farmer. But when his son Gabriel enlists in the army to defend their new nation, America, against the British, Benjamin reluctantly returns to his old life to protect his son."
321697,Steve Jobs,en,2015-10-09,122,30000000.0,34400000.0,5.4307,6.774,4409,Released,"Set backstage at three iconic product launches and ending in 1998 with the unveiling of the iMac, Steve Jobs takes us behind the scenes of the digital revolution to paint an intimate portrait of the brilliant man at its epicenter."
52520,Underworld: Awakening,en,2012-01-19,88,70000000.0,160112671.0,5.8956,6.335,4409,Released,"Having escaped years of imprisonment, vampire warrioress Selene finds herself in a changed world where humans have discovered the existence of both Vampire and Lycan clans and are conducting an all-out war to eradicate both immortal species. Now Selene must battle the humans and a frightening new breed of super Lycans to ensure the death dealers' survival."
227306,Unbroken,en,2014-12-25,137,65000000.0,163400000.0,6.0834,7.423,4407,Released,"A chronicle of the life of Louis Zamperini, an Olympic runner who was taken prisoner by Japanese forces during World War II."
710,GoldenEye,en,1995-11-16,130,60000000.0,352194034.0,10.1501,6.907,4407,Released,"When a powerful secret defense system is stolen, James Bond is assigned to stop a Russian crime syndicate from using it."
205584,Gods of Egypt,en,2016-02-25,127,140000000.0,150680864.0,11.2679,5.697,4405,Released,A common thief joins a mythical god on a quest through Egypt.
6145,Fracture,en,2007-04-19,113,10000000.0,91354215.0,7.8187,7.262,4400,Released,"A husband is on trial for the attempted murder of his wife, in what is seemingly an open/shut case for the ambitious district attorney trying to put him away. However, there are surprises for both around every corner, and, as a suspenseful game of cat-and-mouse is played out, each must manipulate and outwit the other."
184315,Hercules,en,2014-07-23,98,100000000.0,244819862.0,13.8402,5.804,4399,Released,"When a new enemy threatens the innocent, Hercules must lead his fearless team of warriors in a battle against overwhelming odds."
866398,The Beekeeper,en,2024-01-08,106,35000000.0,162619535.0,22.2936,7.28,4394,Released,One man's campaign for vengeance takes on national stakes after he is revealed to be a former operative of a powerful and clandestine organization known as Beekeepers.
36648,Blade: Trinity,en,2004-12-08,113,65000000.0,128905366.0,16.899,5.862,4390,Released,"For years, Blade has fought against the vampires in the cover of the night. But now, after falling into the crosshairs of the FBI, he is forced out into the daylight, where he is driven to join forces with a clan of human vampire hunters he never knew existed—The Nightstalkers. Together with Abigail and Hannibal, two deftly trained Nightstalkers, Blade follows a trail of blood to the ancient creature that is also hunting him—the original vampire, Dracula."
9342,The Mask of Zorro,en,1998-07-16,138,95000000.0,250288523.0,9.5695,6.586,4389,Released,"It has been twenty years since Don Diego de la Vega fought Spanish oppression in Alta California as the legendary romantic hero, Zorro. Having escaped from prison he transforms troubled bandit Alejandro into his successor, in order to foil the plans of the tyrannical Don Rafael Montero who robbed him of his freedom, his wife and his precious daughter."
1369,Rambo: First Blood Part II,en,1985-05-21,96,44000000.0,300400432.0,12.2045,6.662,4389,Released,John Rambo is released from prison by the government for a top-secret covert mission to the last place on Earth he'd want to return - the jungles of Vietnam.
9297,Monster House,en,2006-06-30,91,75000000.0,140175006.0,12.8617,6.7,4388,Released,"Monsters under the bed are scary enough, but what happens when an entire house is out to get you? Three teens aim to find out when they go up against a decrepit neighboring home and unlock its frightening secrets."
613,Downfall,de,2004-09-16,155,16000000.0,92181574.0,9.7539,7.862,4387,Released,"In April of 1945, Germany stands at the brink of defeat with the Russian Army closing in from the east and the Allied Expeditionary Force attacking from the west. In Berlin, capital of the Third Reich, Adolf Hitler proclaims that Germany will still achieve victory and orders his generals and advisers to fight to the last man. When the end finally does come, and Hitler lies dead by his own hand, what is left of his military must find a way to end the killing that is the Battle of Berlin, and lay down their arms in surrender."
22954,Invictus,en,2009-12-11,134,60000000.0,122400000.0,3.9385,7.182,4384,Released,"Newly elected President Nelson Mandela knows his nation remains racially and economically divided in the wake of apartheid. Believing he can bring his people together through the universal language of sport, Mandela rallies South Africa's rugby union team as they make their historic run to the 1995 Rugby World Cup Championship match."
71679,Resident Evil: Retribution,en,2012-09-12,95,65000000.0,240159255.0,0.982,5.83,4383,Released,"The Umbrella Corporation’s deadly T-virus continues to ravage the Earth, transforming the global population into legions of the flesh eating Undead. The human race’s last and only hope, Alice, awakens in the heart of Umbrella’s most clandestine operations facility and unveils more of her mysterious past as she delves further into the complex. Without a safe haven, Alice continues to hunt those responsible for the outbreak; a chase that takes her from Tokyo to New York, Washington, D.C. and Moscow, culminating in a mind-blowing revelation that will force her to rethink everything that she once thought to be true. Aided by new found allies and familiar friends, Alice must fight to survive long enough to escape a hostile world on the brink of oblivion. The countdown has begun."
146216,RED 2,en,2013-07-18,116,84000000.0,148075565.0,10.6162,6.532,4374,Released,Retired C.I.A. agent Frank Moses reunites his unlikely team of elite operatives for a global quest to track down a missing portable nuclear device.
911430,F1,en,2025-06-25,156,300000000.0,634142436.0,37.8664,7.814,4373,Released,Racing legend Sonny Hayes is coaxed out of retirement to lead a struggling Formula 1 team—and mentor a young hotshot driver—while chasing one more chance at glory.
912649,Venom: The Last Dance,en,2024-10-22,109,120000000.0,478937618.0,24.1672,6.664,4372,Released,"Eddie and Venom are on the run. Hunted by both of their worlds and with the net closing in, the duo are forced into a devastating decision that will bring the curtains down on Venom and Eddie's last dance."
7340,Carrie,en,1976-11-03,98,1800000.0,33800000.0,8.8174,7.335,4368,Released,"Withdrawn and sensitive teenager Carrie White faces bullying from her classmates and abuse from her fanatically pious mother. When she begins to suspect that she has supernatural powers, things take a dark and violent turn."
9837,The Prince of Egypt,en,1998-12-16,99,70000000.0,218613188.0,11.51,7.317,4365,Released,"The strong bond between two Royal Egyptian brothers is challenged when their chosen responsibilities set them at odds, with extraordinary consequences."
653346,Kingdom of the Planet of the Apes,en,2024-05-08,145,160000000.0,397378150.0,18.2091,7.1,4361,Released,"Several generations following Caesar's reign, apes – now the dominant species – live harmoniously while humans have been reduced to living in the shadows. As a new tyrannical ape leader builds his empire, one young ape undertakes a harrowing journey that will cause him to question all he's known about the past and to make choices that will define a future for apes and humans alike."
4964,Knocked Up,en,2007-06-01,129,30000000.0,219900000.0,11.6826,6.3,4358,Released,"A slacker and a career-driven woman accidentally conceive a child after a one-night stand. As they try to make the relationship work, they must navigate the challenges of parenthood and their differences in lifestyle and maturity."
1924,Superman,en,1978-12-14,144,55000000.0,300478449.0,15.3637,7.163,4349,Released,"Mild-mannered Clark Kent works as a reporter at the Daily Planet alongside his crush, Lois Lane. Clark must summon his superhero alter-ego when the nefarious Lex Luthor launches a plan to take over the world."
725201,The Gray Man,en,2022-07-13,128,200000000.0,454023.0,12.1143,6.917,4348,Released,"When a shadowy CIA agent uncovers damning agency secrets, he's hunted across the globe by a sociopathic rogue operative who's put a bounty on his head."
20766,The Road,en,2009-11-25,111,32000000.0,27635305.0,10.6668,7.023,4348,Released,"A father and his son walk alone through burned America. Nothing moves in the ravaged landscape save the ash on the wind and water. It is cold enough to crack stones and, when the snow falls, it is gray. Their destination is the warmer south, although they don't know what, if anything, awaits them there."
1272,Sunshine,en,2007-04-05,108,50000000.0,34800000.0,8.2307,6.974,4348,Released,"Fifty years into the future, the sun is dying, and Earth is threatened by arctic temperatures. A team of astronauts is sent to revive the Sun — but the mission fails. Seven years later, a new team is sent to finish the mission as mankind’s last hope."
9798,Enemy of the State,en,1998-11-20,132,90000000.0,250649836.0,9.3044,7.077,4344,Released,"When the videotape of the murder of a congressman unknowingly ends up in the hands of labor lawyer and dedicated family man Robert Clayton Dean, he is framed for the murder. With the help of the mysterious Brill, Dean attempts to throw the NSA off his trail and prove his innocence."
276907,Legend,en,2015-09-09,132,25000000.0,42972994.0,9.2889,7.05,4341,Released,"Suave, charming and volatile, Reggie Kray and his unstable twin brother Ronnie start to leave their mark on the London underworld in the 1960s. Using violence to get what they want, the siblings orchestrate robberies and murders while running nightclubs and protection rackets. With police Detective Leonard ""Nipper"" Read hot on their heels, the brothers continue their rapid rise to power and achieve tabloid notoriety."
1587,What's Eating Gilbert Grape,en,1993-12-17,118,11000000.0,10000000.0,9.4939,7.659,4340,Released,"Gilbert Grape is a small-town young man with a lot of responsibility. Chief among his concerns are his mother, who is so overweight that she can't leave the house, and his mentally impaired younger brother, Arnie, who has a knack for finding trouble. Settled into a job at a grocery store and an ongoing affair with local woman Betty Carver, Gilbert finally has his life shaken up by the free-spirited Becky."
49524,R.I.P.D.,en,2013-07-18,96,130000000.0,61600000.0,9.5236,5.861,4338,Released,A recently slain cop joins a team of undead police officers working for the Rest in Peace Department and tries to find the man who murdered him.
86838,Seven Psychopaths,en,2012-10-12,110,15000000.0,33035736.0,6.5648,6.817,4337,Released,A struggling screenwriter inadvertently becomes entangled in the Los Angeles criminal underworld after his oddball friends kidnap a gangster's beloved Shih Tzu.
7555,Rambo,en,2008-01-24,92,50000000.0,113200000.0,9.9275,6.699,4336,Released,"In Thailand, ex-Green Beret John James Rambo joins a group of mercenaries to venture into war-torn neighboring Myanmar to rescue a group of Christian aid workers who have been kidnapped by a ruthless local infantry unit."
588228,The Tomorrow War,en,2021-09-03,138,200000000.0,14400000.0,15.3333,7.522,4334,Released,"The world is stunned when a group of time travelers arrive from the year 2051 to deliver an urgent message: Thirty years in the future, mankind is losing a global war against a deadly alien species. The only hope for survival is for soldiers and civilians from the present to be transported to the future and join the fight. Among those recruited is high school teacher and family man Dan Forester. Determined to save the world for his young daughter, Dan teams up with a brilliant scientist and his estranged father in a desperate quest to rewrite the fate of the planet."
249164,If I Stay,en,2014-08-21,106,11000000.0,78300000.0,6.1065,7.345,4334,Released,"Mia Hall, a talented young cellist, thought the most difficult decision she would ever have to make would be whether to pursue her musical dreams at prestigious Juilliard or follow her heart to be with the love of her life, Adam, a rock singer/guitarist. However, a car wreck changes everything in an instant, and now Mia's life hangs in the balance. Suspended between life and death, Mia faces a choice that will decide her future."
829,Chinatown,en,1974-06-20,130,6000000.0,30000000.0,8.9069,7.903,4323,Released,"Private eye Jake Gittes lives off of the murky moral climate of sunbaked, pre-World War II Southern California. Hired by a beautiful socialite to investigate her husband's extra-marital affair, Gittes is swept into a maelstrom of double dealings and deadly deceits, uncovering a web of personal and political scandals that come crashing together."
10330,Freaky Friday,en,2003-08-05,97,26000000.0,160846332.0,11.0019,6.588,4321,Released,"Mother and daughter bicker over everything -- what Anna wears, whom she likes and what she wants to do when she's older. In turn, Anna detests Tess's fiancé. When a magical fortune cookie switches their personalities, they each get a peek at how the other person feels, thinks and lives."
2123,"Me, Myself & Irene",en,2000-06-22,117,51000000.0,149270999.0,8.6589,6.623,4321,Released,"Rhode Island State Trooper Charlie Baileygates has a multiple personality disorder. One personality is crazy and aggressive, while the other is more friendly and laid back. Both of these personalities fall in love with the same woman named Irene after Charlie loses his medication."
22971,Dear John,en,2010-02-04,108,25000000.0,114977104.0,9.1698,6.836,4318,Released,"While Sergeant John Tyree is home on two weeks leave from Germany, he meets Savannah after he dives into the ocean to retrieve Savannah's purse that had fallen off a pier. John eventually falls in love with Savannah, who promises to write to him until he returns from overseas."
19994,Jennifer's Body,en,2009-09-18,107,16000000.0,31556061.0,11.7909,5.998,4316,Released,"Jennifer, a gorgeous, seductive cheerleader takes evil to a whole new level after she's possessed by a sinister demon. Now it's up to her best friend to stop Jennifer's reign of terror before it's too late."
11778,The Deer Hunter,en,1978-12-08,183,15000000.0,49000000.0,10.6733,8.0,4316,Released,"Three steelworkers enlist in the army and are sent to Vietnam, one leaving behind a rushed marriage, the others a shared love. What they encounter during the war changes their lives forever."
274479,Joy,en,2015-12-24,124,60000000.0,101134059.0,4.7881,6.553,4315,Released,A story based on the life of a struggling Long Island single mom who became one of the country's most successful entrepreneurs.
10196,The Last Airbender,en,2010-06-30,103,150000000.0,319713881.0,11.3366,4.647,4313,Released,"A century has passed since the Fire Nation declared war on the other three nations of air, water, and earth in its attempt for global domination. Aang, the long-lost Avatar, is found by Water Tribe siblings Katara and Sokka and must learn to master water, earth, and fire bending to defeat the Fire Nation and restore balance to the world."
7453,The Hitchhiker's Guide to the Galaxy,en,2005-04-28,109,50000000.0,104500000.0,8.2708,6.69,4312,Released,"Mere seconds before the Earth is to be demolished by an alien construction crew, Arthur Dent is swept off the planet by his friend Ford Prefect, a researcher penning a new edition of ""The Hitchhiker's Guide to the Galaxy."""
515195,Yesterday,en,2019-06-26,116,26000000.0,154608856.0,6.6514,6.686,4308,Released,A struggling musician realizes he's the only person on Earth who can remember The Beatles after waking up in an alternate reality where the group was forgotten.
10229,A Walk to Remember,en,2002-01-25,102,11800000.0,47494916.0,6.5621,7.752,4302,Released,"When the popular, restless Landon Carter is forced to participate in the school drama production, he falls in love with Jamie Sullivan, the daughter of the town's minister. Jamie has a ""to-do"" list for her life, as well as a very big secret she must keep from Landon."
116149,Paddington,en,2014-11-24,95,55000000.0,333960862.0,9.5175,7.123,4298,Released,"A young Peruvian bear travels to London in search of a home. Finding himself lost and alone at Paddington Station, he meets the kindly Brown family, who offer him a temporary haven."
346,Seven Samurai,ja,1954-04-26,207,2000000.0,105000000.0,15.6444,8.45,4298,Released,"A samurai answers a village's request for protection after he falls on hard times. The town needs protection from bandits, so the samurai gathers six others to help him teach the people how to defend themselves, and the villagers provide the soldiers with food."
489999,Searching,en,2018-08-24,102,880000.0,75636047.0,8.878,7.569,4295,Released,"After David Kim's 16-year-old daughter goes missing, a local investigation is opened and a detective is assigned to the case. But 37 hours later and without a single lead, David decides to search the one place no one has looked yet, where all secrets are kept today: his daughter's laptop."
376660,The Edge of Seventeen,en,2016-11-18,105,9000000.0,18803648.0,6.0757,7.152,4293,Released,"Two high school girls are best friends until one dates the other's older brother, who is totally his sister's nemesis."
376659,Bad Moms,en,2016-07-28,100,20000000.0,183936074.0,10.4802,6.483,4293,Released,"When three overworked and under-appreciated moms are pushed beyond their limits, they ditch their conventional responsibilities for a jolt of long overdue freedom, fun, and comedic self-indulgence."
929,Godzilla,en,1998-05-20,139,130000000.0,379014294.0,9.3771,5.7,4293,Released,"French nuclear tests irradiate an iguana into a giant monster that viciously attacks freighter ships in the Pacific Ocean. A team of experts, including Niko Tatopoulos, conclude that the oversized reptile is the culprit. Before long, the giant lizard is loose in Manhattan as the US military races to destroy the monster before it reproduces and it's spawn takes over the world."
703,Annie Hall,en,1977-04-19,93,4000000.0,43989445.0,5.0971,7.723,4289,Released,New York comedian Alvy Singer falls in love with the ditsy Annie Hall.
82682,Gangster Squad,en,2013-01-09,113,60000000.0,105200000.0,5.9707,6.38,4288,Released,"Los Angeles, 1949. Ruthless, Brooklyn-born mob king Mickey Cohen runs the show in this town, reaping the ill-gotten gains from the drugs, the guns, the prostitutes and — if he has his way — every wire bet placed west of Chicago. And he does it all with the protection of not only his own paid goons, but also the police and the politicians who are under his control. It’s enough to intimidate even the bravest, street-hardened cop… except, perhaps, for the small, secret crew of LAPD outsiders led by Sgt. John O’Mara and Jerry Wooters who come together to try to tear Cohen’s world apart."
1948,Crank,en,2006-08-31,88,12000000.0,42900000.0,9.9154,6.667,4288,Released,"Chev Chelios, a hit man wanting to go straight, lets his latest target slip away. Then he awakes the next morning to a phone call that informs him he has been poisoned and has only an hour to live unless he keeps adrenaline coursing through his body while he searches for an antidote."
72570,The Vow,en,2012-02-05,104,30000000.0,196114570.0,9.7433,7.225,4287,Released,"Happy young married couple Paige and Leo are, well, happy. Then a car accident puts Paige into a life-threatening coma. Upon awakening she has lost the previous five years of memories, including those of her beloved Leo, her wedding, a confusing relationship with her parents, or the ending of her relationship with her ex-fiance. Despite these complications, Leo endeavors to win her heart again and rebuild their marriage."
8920,Garfield,en,2004-06-10,80,50000000.0,200800000.0,9.1123,5.729,4286,Released,"Garfield, the fat, lazy, lasagna lover, has everything a cat could want. But when Jon, in an effort to impress the Liz - the vet and an old high-school crush - adopts a dog named Odie and brings him home, Garfield gets the one thing he doesn't want. Competition."
505026,Death on the Nile,en,2022-02-09,127,90000000.0,137307235.0,13.289,6.411,4284,Released,Belgian sleuth Hercule Poirot's Egyptian vacation aboard a glamorous river steamer turns into a terrifying search for a murderer when a picture-perfect couple's idyllic honeymoon is tragically cut short.
1493,Miss Congeniality,en,2000-12-22,110,45000000.0,212000000.0,8.303,6.529,4281,Released,"When the local FBI office receives a letter from a terrorist known only as 'The Citizen', it's quickly determined that he's planning his next act at the Miss America beauty pageant. Because tough-as-nails Gracie Hart is the only female Agent at the office, she's chosen to go undercover as the contestant from New Jersey."
522938,Rambo: Last Blood,en,2019-09-18,89,50000000.0,91500000.0,11.181,6.535,4279,Released,"After fighting his demons for decades, John Rambo now lives in peace on his family ranch in Arizona, but his rest is interrupted when Gabriela, the granddaughter of his housekeeper María, disappears after crossing the border into Mexico to meet her biological father. Rambo, who has become a true father figure for Gabriela over the years, undertakes a desperate and dangerous journey to find her."
228161,Home,en,2015-03-18,94,135000000.0,368871007.0,11.2067,6.79,4276,Released,"When Earth is taken over by the overly-confident Boov, an alien race in search of a new place to call home, all humans are promptly relocated, while all Boov get busy reorganizing the planet. But when one resourceful girl, Tip, manages to avoid capture, she finds herself the accidental accomplice of a banished Boov named Oh. The two fugitives realize there’s a lot more at stake than intergalactic relations as they embark on the road trip of a lifetime."
10189,Pineapple Express,en,2008-08-06,112,27000000.0,101624843.0,6.8783,6.643,4275,Released,A stoner and his dealer are forced to go on the run from the police after the pothead witnesses a cop commit a murder.
35791,Resident Evil: Afterlife,en,2010-09-01,97,60000000.0,300228084.0,0.5243,6.06,4275,Released,"In a world ravaged by a virus infection, turning its victims into the Undead, Alice continues on her journey to find survivors and lead them to safety. Her deadly battle with the Umbrella Corporation reaches new heights, but Alice gets some unexpected help from an old friend. A new lead that promises a safe haven from the Undead takes them to Los Angeles, but when they arrive the city is overrun by thousands of Undead - and Alice and her comrades are about to step into a deadly trap."
442249,The First Purge,en,2018-07-04,97,13000000.0,137056262.0,6.7762,5.998,4266,Released,"To push the crime rate below one percent for the rest of the year, the New Founding Fathers of America test a sociological theory that vents aggression for one night in one isolated community. But when the violence of oppressors meets the rage of the others, the contagion will explode from the trial-city borders and spread across the nation."
379686,Space Jam: A New Legacy,en,2021-07-08,115,150000000.0,163692228.0,10.8967,6.636,4255,Released,"When LeBron and his young son Dom are trapped in a digital space by a rogue A.I., LeBron must get them home safe by leading Bugs, Lola Bunny and the whole gang of notoriously undisciplined Looney Tunes to victory over the A.I.'s digitized champions on the court. It's Tunes versus Goons in the highest-stakes challenge of his life."
335977,Indiana Jones and the Dial of Destiny,en,2023-06-25,155,294700000.0,383963057.0,15.6317,6.508,4252,Released,"Finding himself in a new era, and approaching retirement, Indy wrestles with fitting into a world that seems to have outgrown him. But as the tentacles of an all-too-familiar evil return in the form of an old rival, Indy must don his hat and pick up his whip once more to make sure an ancient and powerful artifact doesn't fall into the wrong hands."
41446,Scream 4,en,2011-04-13,111,40000000.0,97231420.0,14.9435,6.5,4251,Released,"Fifteen years after the original Woodsboro murders, Sidney Prescott returns home to promote her new book about surviving trauma, only for a new Ghostface killer to emerge, targeting a new group of teens."
4771,Gone Baby Gone,en,2007-09-18,113,19000000.0,34600000.0,7.1758,7.304,4251,Released,"When 4 year old Amanda McCready disappears from her home and the police make little headway in solving the case, the girl's aunt, Beatrice McCready hires two private detectives, Patrick Kenzie and Angie Gennaro. The detectives freely admit that they have little experience with this type of case, but the family wants them for two reasons—they're not cops and they know the tough neighborhood in which they all live."
340837,A Cure for Wellness,en,2017-02-15,146,40000000.0,26620002.0,8.0263,6.349,4246,Released,"An ambitious young executive is sent to retrieve his company's CEO from an idyllic but mysterious ""wellness center"" at a remote location in the Swiss Alps but soon suspects that the spa's miraculous treatments are not what they seem."
225886,Sex Tape,en,2014-07-17,94,40000000.0,126069509.0,14.7504,5.403,4246,Released,"When Jay and Annie first got together, their romantic connection was intense – but ten years and two kids later, the flame of their love needs a spark.  To kick things up a notch, they decide – why not? – to make a video of themselves trying out every position in The Joy of Sex in one marathon three-hour session.  It seems like a great idea – until they discover that their most private video is no longer private.  With their reputations on the line, they know they’re just one click away from being laid bare to the world... but as their race to reclaim their video leads to a night they'll never forget, they'll find that their video will expose even more than they bargained for."
460019,Truth or Dare,en,2018-04-12,101,3500000.0,95330493.0,6.6606,5.936,4243,Released,"A harmless game of ""Truth or Dare"" among friends turns deadly when someone—or something—begins to punish those who tell a lie—or refuse the dare."
1817,Phone Booth,en,2003-01-06,81,13000000.0,97837138.0,9.6002,6.873,4243,Released,"A slick New York publicist who picks up a ringing receiver in a phone booth is told that if he hangs up, he'll be killed... and the little red light from a laser rifle sight is proof that the caller isn't kidding."
277216,Straight Outta Compton,en,2015-08-11,147,28000000.0,201634991.0,8.3395,7.773,4242,Released,"In 1987, five young men, using brutally honest rhymes and hardcore beats, put their frustration and anger about life in the most dangerous place in America into the most powerful weapon they had: their music.  Taking us back to where it all began, Straight Outta Compton tells the true story of how these cultural rebels—armed only with their lyrics, swagger, bravado and raw talent—stood up to the authorities that meant to keep them down and formed the world’s most dangerous group, N.W.A.  And as they spoke the truth that no one had before and exposed life in the hood, their voice ignited a social revolution that is still reverberating today."
8810,Mad Max 2,en,1981-12-24,96,2000000.0,24600832.0,12.6719,7.391,4241,Released,"Max Rockatansky returns as the heroic loner who drives the dusty roads of a postapocalyptic Australian Outback in an unending search for gasoline. Arrayed against him and the other scraggly defendants of a fuel-depot encampment are the bizarre warriors commanded by the charismatic Lord Humungus, a violent leader whose scruples are as barren as the surrounding landscape."
466420,Killers of the Flower Moon,en,2023-10-18,206,200000000.0,158722599.0,17.6803,7.392,4240,Released,"When oil is discovered in 1920s Oklahoma under Osage Nation land, the Osage people are murdered one by one—until the FBI steps in to unravel the mystery."
881,A Few Good Men,en,1992-12-11,138,40000000.0,243240178.0,11.5661,7.554,4239,Released,"When cocky military lawyer Lt. Daniel Kaffee and his co-counsel, Lt. Cmdr. JoAnne Galloway, are assigned to a murder case, they uncover a hazing ritual that could implicate high-ranking officials such as shady Col. Nathan Jessep."
48138,Unknown,en,2011-02-16,113,30000000.0,130786397.0,8.1159,6.689,4229,Released,"A man awakens from a coma, only to discover that someone has taken on his identity and that no one, (not even his wife), believes him. With the help of a young woman, he sets out to prove who he is."
189,Sin City: A Dame to Kill For,en,2014-08-20,102,65000000.0,39407616.0,11.0372,6.405,4221,Released,Some of Sin City's most hard-boiled citizens cross paths with a few of its more reviled inhabitants.
3558,"Girl, Interrupted",en,1999-12-21,127,40000000.0,48350205.0,8.4734,7.562,4216,Released,"Set in the changing world of the late 1960s, Susanna Kaysen's prescribed ""short rest"" from a psychiatrist she had met only once becomes a strange, unknown journey into Alice's Wonderland, where she struggles with the thin line between normal and crazy. Susanna soon realizes how hard it is to get out once she has been committed, and she ultimately has to choose between the world of people who belong inside or the difficult world of reality outside."
569547,Black Mirror: Bandersnatch,en,2018-12-28,90,0.0,0.0,4.119,6.758,4215,Released,"In 1984, a young programmer begins to question reality as he adapts a dark fantasy novel into a video game. A mind-bending tale with multiple endings."
9982,Chicken Little,en,2005-11-04,81,150000000.0,314400000.0,13.392,5.919,4213,Released,"When the sky really is falling and sanity has flown the coop, who will rise to save the day? Together with his hysterical band of misfit friends, Chicken Little must hatch a plan to save the planet from alien invasion and prove that the world's biggest hero is a little chicken."
10483,Death Race,en,2008-08-22,105,45000000.0,76000000.0,13.9277,6.315,4209,Released,"Terminal Island, New York: 2020. Overcrowding in the US penal system has reached a breaking point. Prisons have been turned over to a monolithic Weyland Corporation, which sees jails full of thugs as an opportunity for televised sport. Adrenalized inmates, a global audience hungry for violence and a spectacular, enclosed arena come together to form the 'Death Race', the biggest, most brutal event."
1213,The Talented Mr. Ripley,en,1999-12-25,140,40000000.0,128798265.0,8.7524,7.195,4207,Released,"Tom Ripley is a calculating young man who believes it's better to be a fake somebody than a real nobody. Opportunity knocks in the form of a wealthy U.S. shipbuilder who hires Tom to travel to Italy to bring back his playboy son, Dickie. Ripley worms his way into the idyllic lives of Dickie and his girlfriend, plunging into a daring scheme of duplicity, lies and murder."
136795,The Heat,en,2013-06-27,117,43000000.0,229930771.0,9.2691,6.591,4206,Released,"Uptight and straight-laced, FBI Special Agent Sarah Ashburn is a methodical investigator with a reputation for excellence--and hyper-arrogance. Shannon Mullins, one of Boston P.D.'s ""finest,"" is foul-mouthed and has a very short fuse, and uses her gut instinct and street smarts to catch the most elusive criminals. Neither has ever had a partner, or a friend for that matter. When these two wildly incompatible law officers join forces to bring down a ruthless drug lord, they become the last thing anyone expected: buddies."
64686,47 Ronin,en,2013-12-06,119,175000000.0,151783839.0,12.0638,6.21,4203,Released,"Kai—an outcast—joins Oishi, the leader of 47 outcast samurai.  Together they seek vengeance upon the treacherous overlord who killed their master and banished their kind.  To restore honour to their homeland, the warriors embark upon a quest that challenges them with a series of trials that would destroy ordinary warriors."
1339713,Obsession,en,2026-05-13,109,750000.0,474895195.0,364.8722,8.248,4203,Released,"After breaking the mysterious ""One Wish Willow"" to win his crush's heart, a hopeless romantic finds himself getting exactly what he asked for but soon discovers that some desires come at a dark, sinister price."
529203,The Croods: A New Age,en,2020-11-25,95,65000000.0,215905815.0,12.3917,7.438,4193,Released,"Searching for a safer habitat, the prehistoric Crood family discovers an idyllic, walled-in paradise that meets all of its needs. Unfortunately, they must also learn to live with the Bettermans -- a family that's a couple of steps above the Croods on the evolutionary ladder. As tensions between the new neighbors start to rise, a new threat soon propels both clans on an epic adventure that forces them to embrace their differences, draw strength from one another, and survive together."
2898,As Good as It Gets,en,1997-12-19,139,50000000.0,314178011.0,6.9372,7.405,4192,Released,"A misanthropic author, a single mother and waitress, and a gay artist form an unlikely friendship after the artist is assaulted in a robbery."
75174,The Grey,en,2012-01-26,117,25000000.0,79781695.0,10.2794,6.576,4189,Released,"After their plane crashes in Alaska, six oil workers are led by a skilled huntsman to survival, but a pack of merciless wolves haunts their every step."
582,The Lives of Others,de,2006-03-23,137,2000000.0,77672685.0,7.5737,8.038,4184,Released,"In 1984 East Berlin, dedicated Stasi officer Gerd Wiesler begins spying on a famous playwright and his actress-lover Christa-Maria. Wiesler becomes unexpectedly sympathetic to the couple, and faces conflicting loyalties when his superior takes a liking to Christa-Maria."
345911,Lights Out,en,2016-07-21,81,4900000.0,149368835.0,9.4753,6.373,4182,Released,"Rebecca must unlock the terror behind her little brother's experiences that once tested her sanity, bringing her face to face with a supernatural spirit attached to their mother."
9739,Demolition Man,en,1993-10-08,115,57000000.0,159055768.0,11.3308,6.759,4181,Released,"In 1996, brash L.A. detective John Spartan and maniac killer Simon Phoenix are both sentenced to decades in a cryogenic prison as punishment for a rescue mission gone wrong. When Phoenix escapes 36 years later to wreak havoc on the future, Spartan is awakened to capture his nemesis the old-fashioned way."
9313,The Man in the Iron Mask,en,1998-03-12,132,35000000.0,183000000.0,7.2314,6.655,4181,Released,"Years have passed since the Three Musketeers, Aramis, Athos and Porthos, have fought together with their friend, D'Artagnan. But with the tyrannical King Louis using his power to wreak havoc in the kingdom while his twin brother, Philippe, remains imprisoned, the Musketeers reunite to abduct Louis and replace him with Philippe."
14756,Ip Man,cn,2008-12-12,106,11700000.0,22100000.0,4.4775,7.763,4180,Released,"A semi-biographical account of Yip Man, the first martial arts master to teach the Chinese martial art of Wing Chun. The film focuses on events surrounding Ip that took place in the city of Foshan between the 1930s to 1940s during the Second Sino-Japanese War. Directed by Wilson Yip, the film stars Donnie Yen in the lead role, and features fight choreography by Sammo Hung."
663,Saw IV,en,2007-10-25,93,10000000.0,139352653.0,10.1396,6.167,4172,Released,"Despite Jigsaw's death, and in order to save the lives of two of his colleagues, Lieutenant Rigg is forced to take part in a new game, which promises to test him to the limit."
10501,The Road to El Dorado,en,2000-03-31,90,95000000.0,76400000.0,10.1868,7.299,4171,Released,"Stowing away after a failed con, a pair of swindlers end up on El Dorado, the fabled ""city of gold"", where they quickly get in over their heads when they are mistaken as gods by the inhabitants."
40807,50/50,en,2011-09-30,100,8000000.0,39187783.0,9.8791,7.184,4168,Released,"Inspired by a true story, a comedy centered on a 27-year-old guy who learns of his cancer diagnosis and his subsequent struggle to beat the disease."
37094,Falling Down,en,1993-02-26,113,25000000.0,40903593.0,11.4406,7.398,4165,Released,An ordinary man frustrated with the various flaws he sees in society begins to psychotically and violently lash out against them.
16871,Drag Me to Hell,en,2009-05-27,99,30000000.0,91388487.0,9.8697,6.486,4165,Released,"After denying a woman the extension she needs to keep her home, loan officer Christine Brown sees her once-promising life take a startling turn for the worse. Christine is convinced she's been cursed by a Gypsy, but her boyfriend is skeptical. Her only hope seems to lie in a psychic who claims he can help her lift the curse and keep her soul from being dragged straight to hell."
882598,Smile,en,2022-09-23,115,17000000.0,217408513.0,11.6774,6.674,4163,Released,"After witnessing a bizarre, traumatic incident involving a patient, Dr. Rose Cotter starts experiencing frightening occurrences that she can't explain."
4148,Revolutionary Road,en,2008-12-19,119,35000000.0,76000000.0,6.266,7.0,4158,Released,A young couple living in a Connecticut suburb during the mid-1950s struggle to come to terms with their personal problems while trying to raise their two children. Based on a novel by Richard Yates.
55779,Final Destination 5,en,2011-08-12,91,40000000.0,157887643.0,10.3255,6.2,4157,Released,"Death is just as omnipresent as ever, and is unleashed after one man’s premonition saves a group of coworkers from a terrifying suspension bridge collapse. But this group of unsuspecting souls was never supposed to survive, and, in a terrifying race against time, the ill-fated group frantically tries to discover a way to escape Death’s sinister agenda."
9804,Waterworld,en,1995-07-28,135,175000000.0,264218220.0,10.6301,6.242,4154,Released,"In a futuristic world where the polar ice caps have melted and made Earth a liquid planet, a beautiful barmaid rescues a mutant seafarer from a floating island prison. They escape, along with her young charge, Enola, and sail off aboard his ship. But the trio soon becomes the target of a menacing pirate who covets the map to 'Dryland'—which is tattooed on Enola's back."
8271,Disturbia,en,2007-03-27,105,20000000.0,117760134.0,7.0958,6.69,4154,Released,"Kale has a life most teenagers would envy. He spends his days endlessly playing video games, surfing the net, eating junk food and watching cable. He has complete free reign of the house, and a beautiful young hottie named Ashley has just moved in next door. There’s only one problem—he’s not allowed to leave the house. Kale’s under court-ordered house arrest for three months, and if he takes one step beyond a 100-foot perimeter of the house, his next confinement will be in a real prison."
7350,The Bucket List,en,2007-12-25,97,45000000.0,175400000.0,7.2405,7.191,4154,Released,"Corporate billionaire Edward Cole and working class mechanic Carter Chambers are worlds apart. At a crossroads in their lives, they share a hospital room and discover they have two things in common: a desire to spend the time they have left doing everything they ever wanted to do and an unrealized need to come to terms with who they are. Together they embark on the road trip of a lifetime, becoming friends along the way and learning to live life to the fullest, with insight and humor."
1010581,My Fault,es,2023-06-08,116,0.0,0.0,36.8291,7.731,4151,Released,"Noah must leave her city, boyfriend, and friends to move into William Leister's mansion, the flashy and wealthy husband of her mother Rafaela. As a proud and independent 17 year old, Noah resists living in a mansion surrounded by luxury. However, it is there where she meets Nick, her new stepbrother, and the clash of their strong personalities becomes evident from the very beginning."
351460,Death Note,en,2017-08-25,101,40000000.0,0.0,5.8338,4.272,4149,Released,"Light Turner finds a supernatural notebook and uses it to mete out death, attracting the attention of a detective, a demon and a girl in his class."
11619,Flushed Away,en,2006-10-22,85,149000000.0,178120010.0,14.9215,6.334,4149,Released,"London high-society mouse, Roddy is flushed down the toilet by Sid, a common sewer rat. Hang on for a madcap adventure deep in the sewer bowels of Ratropolis, where Roddy meets the resourceful Rita, the rodent-hating Toad and his faithful thugs, Spike and Whitey."
426426,Roma,es,2018-11-21,135,15000000.0,1140769.0,4.4563,7.618,4148,Released,"In 1970s Mexico City, two domestic workers help a mother of four while her husband is away for an extended period of time."
2253,Valkyrie,en,2008-12-25,121,75000000.0,200276000.0,7.2228,6.963,4148,Released,"Wounded in Africa during World War II, Nazi Col. Claus von Stauffenberg returns to his native Germany and joins the Resistance in a daring plan to create a shadow government and assassinate Adolf Hitler. When events unfold so that he becomes a central player, he finds himself tasked with both leading the coup and personally killing the Führer."
301337,Downsizing,en,2017-12-22,135,68000000.0,55003890.0,6.7241,5.411,4147,Released,A kindly occupational therapist undergoes a new procedure to be shrunken to four inches tall so that he and his wife can help save the planet and afford a nice lifestyle at the same time.
9078,The Sword in the Stone,en,1963-12-25,79,3000000.0,22200000.0,11.4707,7.227,4142,Released,"Wart is a young boy who aspires to be a knight's squire. On a hunting trip he falls in on Merlin, a powerful but amnesiac wizard who has plans for him beyond mere squiredom. He starts by trying to give him an education, believing that once one has an education, one can go anywhere. Needless to say, it doesn't quite work out that way."
71676,Ghost Rider: Spirit of Vengeance,en,2011-12-10,96,57000000.0,132563930.0,18.7884,5.025,4136,Released,"When the devil resurfaces with aims to take over the world in human form, Johnny Blaze reluctantly comes out of hiding to transform into the flame-spewing supernatural hero Ghost Rider -- and rescue a 10-year-old boy from an unsavory end."
81,Warriors of the Wind,ja,1984-03-11,95,1000000.0,9016411.0,10.7435,7.9,4135,Released,"After a global war, the seaside kingdom known as the Valley of the Wind remains one of the last strongholds on Earth untouched by a poisonous jungle and the powerful insects that guard it. Led by the courageous Princess Nausicaä, the people of the Valley engage in an epic struggle to restore the bond between humanity and Earth."
71,Billy Elliot,en,2000-09-28,111,5000000.0,109280263.0,6.824,7.596,4133,Released,"County Durham, England, 1984. The miners' strike has started and the police have started coming up from Bethnal Green, starting a class war with the lower classes suffering. Caught in the middle of the conflict is 11-year old Billy Elliot, who, after leaving his boxing club for the day, stumbles upon a ballet class and finds out that he's naturally talented. He practices with his teacher Mrs. Wilkinson for an upcoming audition in Newcastle-upon Tyne for the royal Ballet school in London."
3082,Modern Times,en,1936-02-05,87,1500000.0,1800000.0,10.2002,8.281,4131,Released,"A bumbling tramp desires to build a home with a young woman, yet is thwarted time and time again by his lack of experience and habit of being in the wrong place at the wrong time..."
4234,Scream 3,en,2000-02-04,116,40000000.0,161838076.0,18.3564,6.007,4129,Released,"As bodies begin dropping around the Hollywood set of STAB 3, the third film based on the gruesome Woodsboro killings, Sidney and other survivors are once again terrorized by another Ghostface killer."
400535,Sicario: Day of the Soldado,en,2018-06-27,122,35000000.0,75836683.0,16.2603,6.948,4121,Released,Agent Matt Graver teams up with operative Alejandro Gillick to prevent Mexican drug cartels from smuggling terrorists across the United States border.
10661,You Don't Mess with the Zohan,en,2008-06-05,113,90000000.0,204313400.0,9.2966,5.7,4120,Released,An Israeli counterterrorism soldier with a secretly fabulous ambition to become a Manhattan hairstylist. Zohan's desire runs so deep that he'll do anything -- including faking his own death and going head-to-head with an Arab cab driver -- to make his dreams come true.
1164,Babel,en,2006-10-26,143,25000000.0,135330835.0,6.7217,7.17,4119,Released,"Tragedy strikes a married couple vacationing in the Moroccan desert, which jumpstarts an interlocking story involving four different families."
853,Enemy at the Gates,en,2001-02-28,131,68000000.0,96976270.0,10.8104,7.425,4115,Released,A Russian and a German sniper play a game of cat-and-mouse during the Battle of Stalingrad in WWII.
646,Dr. No,en,1962-10-07,110,1000000.0,59000000.0,12.5271,6.984,4115,Released,"Agent 007 battles mysterious Dr. No, a scientific genius bent on destroying the U.S. space program. As the countdown to disaster begins, Bond must go to Jamaica, where he encounters beautiful Honey Ryder, to confront a megalomaniacal villain in his massive island headquarters."
5176,3:10 to Yuma,en,2007-09-06,122,55000000.0,70000000.0,10.8102,7.228,4109,Released,"In Arizona in the late 1800s, infamous outlaw Ben Wade and his vicious gang of thieves and murderers have plagued the Southern Railroad. When Wade is captured, Civil War veteran Dan Evans, struggling to survive on his drought-plagued ranch, volunteers to deliver him alive to the ""3:10 to Yuma"", a train that will take the killer to trial."
72710,The Host,en,2013-03-22,126,44000000.0,63300000.0,7.9353,6.289,4108,Released,"A parasitic alien soul is injected into the body of Melanie Stryder. Instead of carrying out her race's mission of taking over the Earth, ""Wanda"" (as she comes to be called) forms a bond with her host and sets out to aid other free humans."
10591,The Girl Next Door,en,2004-04-09,110,21000000.0,31635150.0,15.9048,6.753,4106,Released,"Exceptionally ambitious high schooler Matthew has aspirations for a career in politics when he falls in love with his gorgeous 19-year-old neighbor, Danielle. But Matthew's bright future is jeopardized when he finds Danielle was once a porn star. As Danielle's past catches up with her, Matthew's love for her forces him to re-evaluate his goals."
2280,Big,en,1988-06-03,104,18000000.0,151927281.0,9.6432,7.193,4102,Released,When a young boy makes a wish at a carnival machine to be big—he wakes up the following morning to find that it has been granted and his body has grown older overnight. But he is still the same 13-year-old boy inside. Now he must learn how to cope with the unfamiliar world of grown-ups including getting a job and having his first romantic encounter with a woman.
522402,Finch,en,2021-11-04,116,2500000.0,0.0,8.4556,7.814,4101,Released,"On a post-apocalyptic Earth, a robot, built to protect the life of his dying creator's beloved dog, learns about life, love, friendship, and what it means to be human."
72976,Lincoln,en,2012-11-09,150,65000000.0,275300000.0,7.1848,6.845,4096,Released,"The revealing story of the 16th US President's tumultuous final months in office. In a nation divided by war and the strong winds of change, Lincoln pursues a course of action designed to end the war, unite the country and abolish slavery. With the moral courage and fierce determination to succeed, his choices during this critical moment will change the fate of generations to come."
10184,He's Just Not That Into You,en,2009-02-06,129,40000000.0,178866158.0,10.3895,6.625,4084,Released,"Have you ever wondered why they said they would call but didn't, or why they don't want to sleep with you anymore, or why your relationship isn't going to the next level? Maybe they're just not that into you. Gigi wants a man who says he'll call her - and actually does - while Alex advises her to stop waiting by the phone. Beth wants a proposal after years of a committed relationship with her boyfriend, Neil, who is just fine with the way things are. Janine's not sure if she can trust her husband, Ben, who can't quite trust himself around Anna. Anna can't decide between the sexy married guy or her straightforward, no-sparks standby, Conor, who can't get over the fact that he can't have her. And Mary, who's found an entire network of loving, supportive men, just needs to find one who's straight."
12163,The Wrestler,en,2008-09-07,109,6000000.0,44734660.0,7.424,7.544,4079,Released,"Aging wrestler Randy ""The Ram"" Robinson is long past his prime but still ready and rarin' to go on the pro-wrestling circuit. After a particularly brutal beating, however, Randy hangs up his tights, pursues a serious relationship with a long-in-the-tooth stripper, and tries to reconnect with his estranged daughter. But he can't resist the lure of the ring and readies himself for a comeback."
334,Magnolia,en,1999-12-17,189,37000000.0,48451803.0,8.7959,7.721,4078,Released,"On one random day in the San Fernando Valley, a dying father, a young wife, a male caretaker, a famous lost son, a police officer in love, a boy genius, an ex-boy genius, a game show host and an estranged daughter will each become part of a dazzling multiplicity of plots, but one story."
153518,The Angry Birds Movie,en,2016-05-11,97,73000000.0,349779543.0,13.2028,6.285,4077,Released,"An island populated entirely by happy, flightless birds or almost entirely. In this paradise, Red, a bird with a temper problem, speedy Chuck, and the volatile Bomb have always been outsiders. But when the island is visited by mysterious green piggies, it’s up to these unlikely outcasts to figure out what the pigs are up to."
438148,Minions: The Rise of Gru,en,2022-06-29,87,85000000.0,940203765.0,20.7925,7.257,4074,Released,"A fanboy of a supervillain supergroup known as the Vicious 6, Gru hatches a plan to become evil enough to join them, with the backup of his followers, the Minions."
22947,Up in the Air,en,2009-12-04,110,25000000.0,166842739.0,7.8087,6.899,4068,Released,"Corporate downsizing expert Ryan Bingham spends his life in planes, airports, and hotels, but just as he’s about to reach a milestone of ten million frequent flyer miles, he meets a woman who causes him to rethink his transient life."
5038,Vicky Cristina Barcelona,en,2008-08-15,96,15000000.0,96409830.0,6.2734,6.799,4068,Released,"Two girlfriends on a summer holiday in Spain become enamored with the same painter, unaware that his ex-wife, with whom he has a tempestuous relationship, is about to re-enter the picture."
396371,Molly's Game,en,2017-12-07,141,30000000.0,59284015.0,7.4495,7.155,4066,Released,"Molly Bloom, a young skier and former Olympic hopeful becomes a successful entrepreneur (and a target of an FBI investigation) when she establishes a high-stakes, international poker game."
752623,The Lost City,en,2022-03-23,112,74000000.0,192907684.0,15.7436,6.45,4061,Released,"Reclusive author Loretta Sage writes about exotic places in her popular adventure novels that feature a handsome cover model named Alan. While on tour promoting her new book with Alan, Loretta gets kidnapped by an eccentric billionaire who hopes she can lead him to the ancient city's lost treasure that featured in her latest story. Alan, determined to prove he can be a hero in real life and not just on the pages of her books, sets off to rescue her."
122081,Spring Breakers,en,2013-03-06,94,5000000.0,32016127.0,4.4169,5.258,4061,Released,"After four college girls rob a restaurant to fund their spring break in Florida, they get entangled with a weird dude with his own criminal agenda."
4147,Road to Perdition,en,2002-07-12,117,80000000.0,181001478.0,8.0698,7.361,4059,Released,"Mike Sullivan works as a hit man for crime boss John Rooney. Sullivan views Rooney as a father figure, however after his son is witness to a killing, Mike Sullivan finds himself on the run in attempt to save the life of his son and at the same time looking for revenge on those who wronged him."
670292,The Creator,en,2023-09-27,134,80000000.0,104272136.0,20.4936,7.031,4058,Released,"Amid a future war between the human race and the forces of artificial intelligence, a hardened ex-special forces agent grieving the disappearance of his wife, is recruited to hunt down and kill the Creator, the elusive architect of advanced AI who has developed a mysterious weapon with the power to end the war—and mankind itself."
1089,Point Break,en,1991-07-12,122,24000000.0,83531958.0,14.0226,7.155,4058,Released,"In Los Angeles, a gang of bank robbers who call themselves The Ex-Presidents commit their crimes while wearing masks of Reagan, Carter, Nixon and Johnson. Believing that the members of the gang could be surfers, the F.B.I. sends young agent Johnny Utah to the beach undercover to mix with the surfers and gather information."
760104,X,en,2022-03-17,106,1000000.0,14745049.0,14.4602,6.712,4053,Released,"In 1979, a group of young filmmakers set out to make an adult film in rural Texas, but when their reclusive, elderly hosts catch them in the act, the cast find themselves fighting for their lives."
1592,Primal Fear,en,1996-04-03,130,30000000.0,102616183.0,14.9734,7.659,4052,Released,"Defense attorney Martin Vail takes on jobs for money and prestige rather than any sense of the greater good. His latest case involves an altar boy, accused of brutally murdering the archbishop of Chicago. Vail finds himself up against his ex-pupil and ex-lover, but as the case progresses and the Church's dark secrets are revealed, Vail finds that what appeared a simple case takes on a darker, more dangerous aspect."
41513,The Smurfs,en,2011-07-29,103,110000000.0,563749323.0,13.8595,5.757,4043,Released,"When the evil wizard Gargamel chases the tiny blue Smurfs out of their village, they tumble from their magical world and into ours -- in fact, smack dab in the middle of Central Park. Just three apples high and stuck in the Big Apple, the Smurfs must find a way to get back to their village before Gargamel tracks them down."
615656,Meg 2: The Trench,en,2023-08-02,116,129000000.0,398500317.0,22.8377,6.375,4041,Released,An exploratory dive into the deepest depths of the ocean of a daring research team spirals into chaos when a malevolent mining operation threatens their mission and forces them into a high-stakes battle for survival.
270487,"Hail, Caesar!",en,2016-02-05,106,22000000.0,63647656.0,6.536,5.943,4041,Released,"When a Hollywood star mysteriously disappears in the middle of filming, the studio sends their fixer to get him back."
198277,Begin Again,en,2014-06-27,104,8000000.0,63500000.0,7.1653,7.233,4037,Released,"Gretta, a budding songwriter, finds herself alone after her boyfriend Dave ditches her. Her life gains purpose when Dan, a record label executive, notices her talent."
296099,Vacation,en,2015-07-28,99,31000000.0,104400000.0,9.7376,6.305,4036,Released,"Hoping to bring his family closer together and to recreate his childhood vacation for his own kids, a grown up Rusty Griswold takes his wife and their two sons on a cross-country road trip to the coolest theme park in America, Walley World. Needless to say, things don't go quite as planned."
83533,Avatar: Fire and Ash,en,2025-12-17,198,350000000.0,1490477656.0,95.5319,7.636,4032,Released,"In the wake of the devastating war against the RDA and the loss of their eldest son, Jake Sully and Neytiri face a new threat on Pandora: the Ash People, a violent and power-hungry Na'vi tribe led by the ruthless Varang. Jake's family must fight for their survival and the future of Pandora in a conflict that pushes them to their emotional and physical limits."
658,Goldfinger,en,1964-09-20,110,3000000.0,124900000.0,10.5396,7.361,4032,Released,"Special agent 007 comes face to face with one of the most notorious villains of all time, and now he must outwit and outgun the powerful tycoon to prevent him from cashing in on a devious scheme to raid Fort Knox -- and obliterate the world's economy."
4538,The Darjeeling Limited,en,2007-09-07,91,16000000.0,24377151.0,5.8818,7.141,4030,Released,"Three American brothers who have not spoken to each other in a year set off on a train voyage across India with a plan to find themselves and bond with each other -- to become brothers again like they used to be. Their ""spiritual quest"", however, veers rapidly off-course (due to events involving over-the-counter pain killers, Indian cough syrup, and pepper spray)."
871,Planet of the Apes,en,1968-02-07,112,5800000.0,32589624.0,12.5461,7.7,4026,Released,"Astronaut Taylor crash lands on a distant planet ruled by apes who use a primitive race of humans for experimentation and sport. Soon Taylor finds himself among the hunted, his life in the hands of a benevolent chimpanzee scientist."
9335,Transporter 2,en,2005-08-03,88,32000000.0,89100000.0,11.9521,6.3,4023,Released,"Professional driver, and former Special Forces officer, Frank Martin is living in Miami, where he is temporarily filling in for a friend as the chauffeur for a government narcotics control policy director and his family. The young boy in the family is targeted for kidnapping, and Frank immediately becomes involved in protecting the child and exposing the kidnappers."
8645,The Happening,en,2008-06-11,90,60000000.0,163403799.0,9.6142,5.406,4022,Released,"When a deadly airborne virus threatens to wipe out the northeastern United States, teacher Elliot Moore and his wife Alma flee from contaminated cities into the countryside in a fight to discover the truth. Is it terrorism, the accidental release of some toxic military bio weapon -- or something even more sinister?"
257445,Goosebumps,en,2015-08-05,103,58000000.0,158952243.0,9.3691,6.313,4021,Released,"After moving to a small town, Zach Cooper finds a silver lining when he meets next door neighbor Hannah, the daughter of bestselling Goosebumps series author R.L. Stine. When Zach unintentionally unleashes real monsters from their manuscripts and they begin to terrorize the town, it’s suddenly up to Stine, Zach and Hannah to get all of them back in the books where they belong."
950396,The Gorge,en,2025-02-13,128,70000000.0,0.0,35.949,7.7,4014,Released,"Two highly trained operatives grow close from a distance after being sent to guard opposite sides of a mysterious gorge. When an evil below emerges, they must work together to survive what lies within."
9475,Scent of a Woman,en,1992-12-23,156,31000000.0,134100000.0,11.9283,7.8,4014,Released,"Charlie Simms is a student at a private preparatory school who comes from a poor family. To earn the money for his flight home to Gresham, Oregon for Christmas, Charlie takes a job over Thanksgiving looking after retired U.S. Army officer Lieutenant Colonel Frank Slade, a cantankerous middle-aged man who lives with his niece and her family."
298250,Jigsaw,en,2017-10-25,91,10000000.0,104223315.0,12.374,6.211,4012,Released,"Law enforcement finds itself chasing the ghost of a man dead for over a decade, embroiled in a diabolical new game that's only just begun."
300671,13 Hours: The Secret Soldiers of Benghazi,en,2016-01-14,144,50000000.0,69411370.0,11.3165,7.3,4009,Released,An American Ambassador is killed during an attack at a U.S. compound in Libya as a security team struggles to make sense out of the chaos.
1690,Hostel,en,2006-01-06,94,4800000.0,81979826.0,6.6728,5.967,4008,Released,"Three backpackers head to a Slovakian city that promises to meet their hedonistic expectations, with no idea of the hell that awaits them."
252,Willy Wonka & the Chocolate Factory,en,1971-06-29,100,3000000.0,2361799.0,10.3715,7.486,4004,Released,"When eccentric candy man Willy Wonka promises a lifetime supply of sweets and a tour of his chocolate factory to five lucky kids, penniless Charlie Bucket seeks the golden ticket that will make him a winner."
455207,Crazy Rich Asians,en,2018-08-15,121,30000000.0,238539198.0,7.9773,7.048,4000,Released,"An American-born Chinese economics professor accompanies her boyfriend to Singapore for his best friend's wedding, only to get thrust into the lives of Asia's rich and famous."
246741,What We Do in the Shadows,en,2014-06-19,86,1600000.0,6300000.0,6.2431,7.545,3999,Released,Vampire housemates try to cope with the complexities of modern life and show a newly turned hipster some of the perks of being undead.
12437,Underworld: Rise of the Lycans,en,2009-01-22,92,35000000.0,92158961.0,8.3796,6.54,3997,Released,"A prequel to the first two Underworld films, this fantasy explains the origins of the feud between the Vampires and the Lycans. Aided by his secret love, Sonja, courageous Lucian leads the Lycans in battle against brutal Vampire king Viktor. Determined to break the king's enslavement of his people, Lucian faces off against the Death Dealer army in a bid for Lycan independence."
1054867,One Battle After Another,en,2025-09-23,162,175000000.0,209377100.0,29.2262,7.348,3993,Released,"Washed-up revolutionary Bob exists in a state of stoned paranoia, surviving off-grid with his spirited, self-reliant daughter, Willa. When his evil nemesis resurfaces after 16 years and she goes missing, the former radical scrambles to find her, father and daughter both battling the consequences of his past."
321258,The Boy,en,2016-01-22,98,10000000.0,73929392.0,12.1941,5.972,3992,Released,"A young American woman takes a job as a nanny in a remote English village, soon discovering that the family's eight-year-old son is a life-sized doll that comes with a list of strict rules."
258480,Carol,en,2015-11-20,118,11800000.0,40272135.0,7.0801,7.5,3989,Released,"In 1950s New York, a department-store clerk who dreams of a better life falls for an older, married woman."
1955,The Elephant Man,en,1980-10-09,124,5000000.0,26000000.0,7.0151,8.049,3989,Released,"A Victorian surgeon rescues a heavily disfigured man being mistreated by his ""owner"" as a side-show freak. Behind his monstrous façade, there is revealed a person of great intelligence and sensitivity. Based on the true story of Joseph Merrick (called John Merrick in the film), a severely deformed man in 19th century London."
2277,Bicentennial Man,en,1999-12-17,131,100000000.0,87423861.0,8.1413,7.27,3983,Released,"Richard Martin buys a gift, a new NDR-114 robot. The product is named Andrew by the youngest of the family's children. ""Bicentennial Man"" follows the life and times of Andrew, a robot purchased as a household appliance programmed to perform menial tasks. As Andrew begins to experience emotions and creative thought, the Martin family soon discovers they don't have an ordinary robot."
1586,Secret Window,en,2004-03-12,96,40000000.0,92900000.0,7.2595,6.566,3983,Released,"Mort Rainey, a writer just emerging from a painful divorce with his ex-wife, is stalked at his remote lake house by a psychotic stranger and would-be scribe who claims Rainey swiped his best story idea. But as Rainey endeavors to prove his innocence, he begins to question his own sanity."
301365,The Neon Demon,en,2016-06-08,118,7000000.0,3400000.0,5.3781,6.5,3979,Released,"When aspiring model Jesse moves to Los Angeles, her youth and vitality are devoured by a group of beauty-obsessed women who will take any means necessary to get what she has."
7445,Brothers,en,2009-12-02,105,26000000.0,43500000.0,8.9788,7.312,3977,Released,"When his helicopter goes down during his fourth tour of duty in Afghanistan, Marine Sam Cahill is presumed dead. Back home, brother Tommy steps in to look over Sam’s wife, Grace, and two children. Sam’s surprise homecoming triggers domestic mayhem."
481848,The Call of the Wild,en,2020-02-19,100,109000000.0,111200000.0,7.6961,7.511,3976,Released,"Buck is a big-hearted dog whose blissful domestic life is turned upside down when he is suddenly uprooted from his California home and transplanted to the exotic wilds of the Yukon during the Gold Rush of the 1890s. As the newest rookie on a mail delivery dog sled team—and later its leader—Buck experiences the adventure of a lifetime, ultimately finding his true place in the world and becoming his own master."
346672,Underworld: Blood Wars,en,2016-11-24,91,35000000.0,81093313.0,8.3013,5.922,3974,Released,"Vampire death dealer Selene fends off brutal attacks from both the Lycan clan and the Vampire faction that betrayed her. With her only allies, David and his father Thomas, she must stop the eternal war between Lycans and Vampires, even if it means she has to make the ultimate sacrifice."
343674,Gerald's Game,en,2017-09-29,104,0.0,0.0,4.9344,6.393,3974,Released,"When her husband's sex game goes wrong, Jessie (who is handcuffed to a bed in a remote lake house) faces warped visions, dark secrets and a dire choice."
59961,Safe House,en,2012-02-08,115,85000000.0,208076205.0,11.8517,6.491,3974,Released,"A dangerous CIA renegade resurfaces after a decade on the run. When the safe house he's remanded to is attacked by mercenaries, a rookie operative escapes with him. Now, the unlikely allies must stay alive long enough to uncover who wants them dead."
19912,The Final Destination,en,2009-08-26,82,40000000.0,187384627.0,9.7937,5.6,3972,Released,A horrifying premonition saves a young man and his friends from death during a racetrack accident but terrible fates await them nonetheless.
9323,Ghost in the Shell,ja,1995-11-18,83,3000000.0,10000000.0,14.5849,7.925,3966,Released,"In the year 2029, the barriers of our world have been broken down by the net and by cybernetics, but this brings new vulnerability to humans in the form of brain-hacking. When a highly-wanted hacker known as 'The Puppetmaster' begins involving them in politics, Section 9, a group of cybernetically enhanced cops, are called in to investigate and stop the Puppetmaster."
819,Sleepers,en,1996-10-18,147,44000000.0,165600000.0,11.3282,7.599,3962,Released,Two gangsters seek revenge on the state jail worker who during their stay at a youth prison sexually abused them. A sensational court hearing takes place to charge him for the crimes.
44048,Unstoppable,en,2010-11-04,98,100000000.0,167805466.0,7.573,6.6,3960,Released,"When a massive, unmanned locomotive roars out of control, the threat is more ominous than just a derailment. The train is laden with toxic chemicals, and an accident would decimate human life and cause an environmental disaster. The only hope of bringing the train to a safe stop is in the hands of veteran engineer Frank Barnes, and young conductor Will Colson, who must risk their lives to save those in the runaway's path. Inspired by true events."
1598,Cape Fear,en,1991-11-13,128,35000000.0,182300000.0,14.0098,7.263,3955,Released,"Sam Bowden is a small-town corporate attorney. Max Cady is a tattooed, cigar-smoking, Bible-quoting, psychotic rapist. What do they have in common? 14 years ago, Sam was a public defender assigned to Max Cady's rape trial, and he made a serious error: he hid a document from his illiterate client that could have gotten him acquitted. Now, the cagey Cady has been released, and he intends to teach Sam Bowden and his family a thing or two about loss."
646385,Scream,en,2022-01-12,114,24000000.0,138874789.0,15.4019,6.681,3954,Released,"Twenty-five years after a streak of brutal murders shocked the quiet town of Woodsboro, a new killer has donned the Ghostface mask and begins targeting a group of teenagers to resurrect secrets from the town’s deadly past."
94329,The Raid,id,2012-03-22,101,1100000.0,9148519.0,9.257,7.406,3954,Released,"Deep in the heart of Jakarta's slums lies an impenetrable safe house for the world's most dangerous killers and gangsters. Until now, the run-down apartment block has been considered untouchable to even the bravest of police. Cloaked under the cover of pre-dawn darkness and silence, an elite swat team is tasked with raiding the safe house in order to take down the notorious drug lord that runs it.  But when a chance encounter with a spotter blows their cover and news of their assault reaches the drug lord, the building's lights are cut and all the exits blocked. Stranded on the sixth floor with no way out, the unit must fight their way through the city's worst to survive their mission. Starring Indonesian martial arts sensation Iko Uwais."
419479,The Babysitter,en,2017-10-13,85,0.0,0.0,7.4221,6.189,3953,Released,"When Cole stays up past his bedtime, he discovers that his hot babysitter is part of a Satanic cult that will stop at nothing to keep him quiet."
12244,9,en,2009-08-19,79,30000000.0,48428063.0,11.5972,6.957,3952,Released,"When 9 first comes to life, he finds himself in a post-apocalyptic world. All humans are gone, and it is only by chance that he discovers a small community of others like him taking refuge from fearsome machines that roam the earth intent on their extinction. Despite being the neophyte of the group, 9 convinces the others that hiding will do them no good."
614934,Elvis,en,2022-06-22,159,85000000.0,288670284.0,8.6226,7.452,3950,Released,"The life story of Elvis Presley as seen through the complicated relationship with his enigmatic manager, Colonel Tom Parker."
884605,No Hard Feelings,en,2023-06-15,103,45000000.0,83000000.0,11.504,6.676,3943,Released,"On the brink of losing her childhood home, Maddie discovers an intriguing job listing: wealthy helicopter parents looking for someone to “date” their introverted 19-year-old son, Percy, before he leaves for college. To her surprise, Maddie soon discovers the awkward Percy is no sure thing."
36669,Die Another Day,en,2002-11-17,133,142000000.0,431971116.0,9.756,6.0,3942,Released,"James Bond is sent to investigate the connection between a North Korean terrorist and a diamond mogul, who is funding the development of an international space weapon."
1640,Crash,en,2005-05-06,112,6500000.0,98400000.0,7.7777,7.22,3942,Released,"In post-Sept. 11 Los Angeles, tensions erupt when the lives of a Brentwood housewife, her district attorney husband, a Persian shopkeeper, two cops, a pair of carjackers and a Korean couple converge during a 36-hour period."
9762,Step Up,en,2006-08-11,104,12000000.0,114197742.0,7.2517,6.876,3941,Released,"Delinquent Tyler Gage receives the opportunity of a lifetime after vandalizing a performing arts school, gaining him the chance to earn a scholarship and dance with up-and-coming dancer Nora."
576845,Last Night in Soho,en,2021-10-21,117,43000000.0,22957625.0,8.7938,7.266,3940,Released,"A young girl, passionate about fashion design, is mysteriously able to enter the 1960s where she encounters her idol, a dazzling wannabe singer. But 1960s London is not what it seems, and time seems to be falling apart with shady consequences."
239,Some Like It Hot,en,1959-03-19,123,2900000.0,25000000.0,9.4838,8.1,3940,Released,"In Prohibition-era Chicago, musicians Joe and Jerry witness a mob hit, and flee the state in an all-female band disguised as Josephine and Daphne, but further complications set in."
11665,Get Smart,en,2008-06-19,110,80000000.0,230685453.0,11.2311,6.216,3937,Released,"When members of the nefarious crime syndicate KAOS attack the U.S. spy agency Control and the identities of secret agents are compromised, the Chief has to promote hapless but eager analyst Maxwell Smart to field agent. He is partnered with veteran and capable Agent 99, the only spy whose cover remains intact. Can they work together to thwart the evil world-domination plans of KAOS and its crafty operative?"
73723,The Lorax,en,2012-03-01,86,70000000.0,349305397.0,16.8873,6.536,3936,Released,"A 12-year-old boy searches for the one thing that will enable him to win the affection of the girl of his dreams. To find it he must discover the story of the Lorax, the grumpy yet charming creature who fights to protect his world."
9481,The Bone Collector,en,1999-11-04,118,73000000.0,151493655.0,8.3757,6.796,3936,Released,"Lincoln Rhyme was the department's top homicide detective and leading expert in criminal forensics until an injury left him paralyzed, depressed, and incapable of working. But when a gruesome murder in Manhattan leaves detectives baffled, they call on Rhyme to help solve the mystery. Amelia Donaghy, a rookie cop whose quick thinking preserved a gruesome murder scene, is enlisted by Rhyme to be his on-the-scene forensics expert. With Amelia reluctantly acting as Rhyme's able-bodied go-between, the pair piece together cryptic clues the killer leaves behind at the scene of the crime, hoping to catch the grisly serial killer."
1541,Thelma & Louise,en,1991-05-24,130,16000000.0,45361000.0,9.9604,7.602,3935,Released,"Taking a break from their dreary lives, close friends Thelma and Louise embark on a short weekend trip that ends in unforeseen incriminating circumstances. As fugitives, both women rediscover the strength of their bond and their newfound resilience."
16320,Serenity,en,2005-09-25,119,39000000.0,38869464.0,9.4053,7.361,3934,Released,"A group of rebels travel the outskirts of space evading the sinister Alliance regime. Their lives of smuggling and cargo-running are interrupted by a psychic passenger who harbours a dangerous secret. Soon, the crew find themselves being pursued by an Alliance agent who will stop at nothing to find them."
423204,Angel Has Fallen,en,2019-08-21,122,40000000.0,146661977.0,9.6875,6.606,3932,Released,"After a treacherous attack, Secret Service agent Mike Banning is charged with attempting to assassinate President Trumbull. Chased by his own colleagues and the FBI, Banning begins a race against the clock to clear his name."
82520,Return,en,2011-02-10,97,0.0,8801.0,0.9304,6.436,3926,Released,"Back from a tour of duty, Kelli struggles to find her place in her family and the rust-belt town she no longer recognizes."
448119,Dolittle,en,2020-01-02,101,175000000.0,251410631.0,10.0865,6.575,3925,Released,"After losing his wife seven years earlier, the eccentric Dr. John Dolittle, famed doctor and veterinarian of Queen Victoria’s England, hermits himself away behind the high walls of Dolittle Manor with only his menagerie of exotic animals for company. But when the young queen falls gravely ill, a reluctant Dolittle is forced to set sail on an epic adventure to a mythical island in search of a cure, regaining his wit and courage as he crosses old adversaries and discovers wondrous creatures."
617653,The Last Duel,en,2021-10-13,153,100000000.0,30552111.0,9.4854,7.4,3923,Released,"King Charles VI declares that Knight Jean de Carrouges settle his dispute with his squire, Jacques Le Gris, by challenging him to a duel."
446021,Bad Times at the El Royale,en,2018-10-04,141,32000000.0,31882724.0,5.6802,6.844,3921,Released,"Lake Tahoe, 1969. Seven strangers, each one with a secret to bury, meet at El Royale, a decadent motel with a dark past. In the course of a fateful night, everyone will have one last shot at redemption."
664,Twister,en,1996-05-10,113,92000000.0,494471524.0,11.7297,6.564,3919,Released,"An unprecedented series of violent tornadoes is sweeping across Oklahoma. Tornado chasers, headed by Dr. Jo Harding, attempt to release a groundbreaking device that will allow them to track them and create a more advanced warning system. They are joined by Jo's soon to be ex-husband Bill, a former tornado chaser himself, and his girlfriend Melissa."
256274,"As Above, So Below",en,2014-08-14,93,5000000.0,41898409.0,9.3406,6.749,3918,Released,"When a team of explorers venture into the catacombs that lie beneath the streets of Paris, they uncover the dark secret that lies within this city of the dead."
746036,The Fall Guy,en,2024-04-24,127,125000000.0,181073291.0,18.9759,6.953,3914,Released,"Fresh off an almost career-ending accident, stuntman Colt Seavers has to track down a missing movie star, solve a conspiracy and try to win back the love of his life while still doing his day job."
8965,Atlantis: Milo's Return,en,2003-02-25,80,0.0,0.0,5.5863,6.331,3909,Released,Milo and Kida reunite with their friends to investigate strange occurances around the world that seem to have links to the secrets of Atlantis.
1992,Planet Terror,en,2007-04-06,105,23000000.0,11446172.0,9.3746,6.692,3907,Released,"Two doctors find their graveyard shift inundated with townspeople ravaged by sores. Among the wounded is Cherry Darling, a dancer whose leg was ripped from her body. As the invalids quickly become enraged aggressors, Cherry and her ex-boyfriend El Wray lead a team of accidental warriors into the night."
204082,Homefront,en,2013-11-12,100,22000000.0,51695362.0,10.0525,6.949,3906,Released,"Phil Broker, a retired DEA agent, leads a quiet life with his daughter Maddy, until a school bullying incident draws them into a conflict with Morgan “Gator” Bodine, a local crime boss."
169,Predator 2,en,1990-11-21,108,35000000.0,57120318.0,17.8659,6.306,3904,Released,A police chief in the war-torn streets of Los Angeles discovers that an extraterrestrial creature is hunting down residents - and that he is the next target.
13649,High School Musical 2,en,2007-08-17,111,7000000.0,0.0,5.5025,6.502,3897,Released,"The East High Wildcats are gearing up for big fun as they land the coolest summer jobs imaginable. Troy, Gabriella, Chad, and Taylor have scored sweet gigs at the Lava Springs Country Club owned by Sharpay and Ryan's family. Sharpay's first rule of business: Get Troy. As Troy experiences a life of privilege he's never known, will he give up the Wildcats and Gabriella to rise to the top?"
9472,DodgeBall: A True Underdog Story,en,2004-06-18,93,20000000.0,168423227.0,8.3221,6.365,3896,Released,"When megalomaniacal White Goodman, the owner of a trendy, high-end fitness center, makes a move to take over the struggling local gym run by happy-go-lucky Pete La Fleur, there's only one way for La Fleur to fight back: dodgeball. Aided by a dodgeball guru and Goodman's attorney, La Fleur and his rag-tag team of underdogs launch a knock-down, drag-out battle in which the winner takes all."
2164,Stargate,en,1994-10-28,121,55000000.0,196567262.0,10.9926,7.035,3894,Released,"An interstellar teleportation device, found in Egypt, leads to a planet with humans resembling ancient Egyptians who worship the god Ra."
399170,Logan Lucky,en,2017-08-17,119,29000000.0,48453605.0,8.3641,6.736,3891,Released,"Trying to reverse a family curse, brothers Jimmy and Clyde Logan set out to execute an elaborate robbery during the legendary Coca-Cola 600 race at the Charlotte Motor Speedway."
3176,Battle Royale,ja,2000-12-16,113,4500000.0,30600000.0,9.4077,7.266,3890,Released,"In the future, the Japanese government captures a class of ninth-grade students and forces them to kill each other under the revolutionary ""Battle Royale"" act."
274854,The Last Witch Hunter,en,2015-10-21,106,90000000.0,146936910.0,9.3612,6.018,3888,Released,"The modern world holds many secrets, but by far the most astounding is that witches still live among us; vicious supernatural creatures intent on unleashing the Black Death upon the world and putting an end to the human race once and for all. Armies of witch hunters have battled this unnatural enemy for centuries, including Kaulder, a valiant warrior who many years ago slayed the all-powerful Witch Queen, decimating her followers in the process. In the moments right before her death, the Queen cursed Kaulder with immortality, forever separating him from his beloved wife and daughter. Today, Kaulder is the last living hunter who has spent his immortal life tracking down rogue witches, all the while yearning for his long-lost family."
30497,The Texas Chain Saw Massacre,en,1974-10-11,83,140000.0,30922680.0,12.1148,7.3,3886,Released,"Five friends head out to rural Texas to visit the grave of a grandfather. On the way, they stumble across what appears to be a deserted house, only to discover something sinister within. Something armed with a chainsaw."
521029,Annabelle Comes Home,en,2019-06-26,106,27000000.0,231252591.0,7.8841,6.4,3884,Released,"Determined to keep Annabelle from wreaking more havoc, demonologists Ed and Lorraine Warren bring the possessed doll to the locked artifacts room in their home, placing her “safely” behind sacred glass and enlisting a priest’s holy blessing. But an unholy night of horror awaits as Annabelle awakens the evil spirits in the room, who all set their sights on a new target—the Warrens' ten-year-old daughter, Judy, and her friends."
793,Blue Velvet,en,1986-09-19,120,6000000.0,8636706.0,11.5744,7.605,3880,Released,"The discovery of a severed human ear found in a field leads a young man on an investigation related to a beautiful, mysterious nightclub singer and a group of psychopathic criminals who have kidnapped her child."
718789,Lightyear,en,2022-06-15,105,200000000.0,226425420.0,10.7618,6.866,3877,Released,Legendary Space Ranger Buzz Lightyear embarks on an intergalactic adventure alongside a group of ambitious recruits and his robot companion Sox.
97370,Under the Skin,en,2014-03-14,108,13300000.0,7229933.0,7.0497,6.1,3870,Released,A seductive stranger prowls the streets of Glasgow in search of prey: unsuspecting men who fall under her spell.
313297,Kubo and the Two Strings,en,2016-08-18,102,60000000.0,76249438.0,8.0798,7.638,3864,Released,"Kubo mesmerizes the people in his village with his magical gift for spinning wild tales with origami. When he accidentally summons an evil spirit seeking vengeance, Kubo is forced to go on a quest to solve the mystery of his fallen samurai father and his mystical weaponry, as well as discover his own magical powers."
62215,Melancholia,en,2011-03-16,136,7400000.0,15946321.0,5.1944,7.2,3863,Released,Two sisters find their already strained relationship challenged as a mysterious new planet threatens to collide with Earth.
9486,Johnny English,en,2003-03-14,87,40000000.0,160466000.0,8.1585,6.3,3863,Released,"A lowly pencil pusher working for MI7, Johnny English is suddenly promoted to super spy after Agent One is assassinated and every other agent is blown up at his funeral. When a billionaire entrepreneur sponsors the exhibition of the Crown Jewels—and the valuable gems disappear on the opening night and on English's watch—the newly-designated agent must jump into action to find the thief and recover the missing gems."
1008042,Talk to Me,en,2023-07-26,95,4500000.0,91959188.0,14.0397,7.141,3862,Released,"When a group of friends discover how to conjure spirits using an embalmed hand, they become hooked on the new thrill, until one of them goes too far and unleashes terrifying supernatural forces."
136799,Trolls,en,2016-10-13,92,125000000.0,347337803.0,10.9327,6.626,3861,Released,"After the monstrous Bergens invade Troll Village, Princess Poppy, the happiest Troll ever born, and overly-cautious, curmudgeonly outcast Branch set off on a journey to rescue her friends. Their mission is full of adventure and mishaps, as this mismatched duo try to tolerate each other long enough to get the job done."
11917,Saw V,en,2008-10-23,95,10800000.0,118209778.0,12.6062,6.174,3860,Released,"Following Jigsaw's grisly demise, Detective Mark Hoffman is commended as a hero, but Agent Strahm is suspicious, and delves into Hoffman's past. Meanwhile, another group of people are put through a series of gruesome tests."
1246,Rocky Balboa,en,2006-12-20,102,24000000.0,155929020.0,9.3336,6.886,3860,Released,"When he loses a highly publicized virtual boxing match to ex-champ Rocky Balboa, reigning heavyweight titleholder Mason Dixon retaliates by challenging the Italian Stallion to a 10-round exhibition bout. To the surprise of his son and friends, Rocky agrees to come out of retirement and face an opponent who's faster, stronger and thirty years his junior. Rocky takes on Dixon in what will become the greatest fight in boxing history!"
347031,Swiss Army Man,en,2016-06-24,97,3000000.0,5800000.0,4.5584,6.916,3859,Released,"Alone on a tiny deserted island, Hank has given up all hope of ever making it home again. But one day everything changes when a dead body washes ashore, and he soon realizes it may be his last opportunity to escape certain death. Armed with his new “friend” and an unusual bag of tricks, the duo go on an epic adventure to bring Hank back to the woman of his dreams."
816,Austin Powers: International Man of Mystery,en,1997-05-02,89,16500000.0,67711748.0,8.5827,6.598,3856,Released,"As a swinging fashion photographer by day and a groovy British superagent by night, Austin Powers is the '60s' most shagadelic spy. But can he stop megalomaniac Dr. Evil after the bald villain freezes himself and unthaws in the '90s? With the help of sexy sidekick Vanessa Kensington, he just might."
241,Natural Born Killers,en,1994-08-26,119,34000000.0,50283563.0,7.7212,7.05,3855,Released,Two victims of traumatized childhoods become lovers and serial murderers irresponsibly glorified by the mass media.
152760,The Monuments Men,en,2014-01-24,118,70000000.0,154984035.0,6.5389,6.1,3854,Released,"Based on the true story of the greatest treasure hunt in history, The Monuments Men is an action drama focusing on seven over-the-hill, out-of-shape museum directors, artists, architects, curators, and art historians who went to the front lines of WWII to rescue the world’s artistic masterpieces from Nazi thieves and return them to their rightful owners.  With the art hidden behind enemy lines, how could these guys hope to succeed?"
80,Before Sunset,en,2004-06-16,80,2700000.0,15992615.0,9.9671,7.803,3854,Released,"Nine years later, Jesse travels across Europe giving readings from a book he wrote about the night he spent in Vienna with Celine. After his reading in Paris, Celine finds him, and they spend part of the day together before Jesse has to again leave for a flight. They are both in relationships now, and Jesse has a son, but as their strong feelings for each other start to return, both confess a longing for more."
232672,Blended,en,2014-05-21,117,40000000.0,128000000.0,9.0795,6.895,3852,Released,"Recently divorced mom Lauren and widowed dad Jim let their friends push them into a blind date, which goes disastrously wrong. Unsurprisingly, neither wants to see the other ever again. However, fate intervenes when both Jim and Lauren, unbeknownst to each other, purchase one-half of the same vacation package at a South African resort for families, during spring break. They and their children are forced to share the same romantic suite and participate in a slew of family activities together."
713704,Evil Dead Rise,en,2023-04-12,96,15000000.0,147256372.0,30.8196,7.0,3851,Released,"A reunion between two estranged sisters gets cut short by the rise of flesh-possessing demons, thrusting them into a primal battle for survival as they face the most nightmarish version of family imaginable."
77877,The Lucky One,en,2012-04-19,101,25000000.0,99400000.0,7.1237,7.172,3848,Released,A Marine travels to Louisiana after serving three tours in Iraq and searches for the unknown woman he believes was his good luck charm during the war.
936075,Michael,en,2026-04-22,128,250000000.0,1010218278.0,108.7248,8.696,3846,Released,"The story of Michael Jackson, one of the most influential artists the world has ever known, and his life beyond the music. His journey from the discovery of his extraordinary talent as the lead of the Jackson Five, to the visionary artist whose creative ambition fueled a relentless pursuit to become the biggest entertainer in the world, highlighting both his life off-stage and some of the most iconic performances from his early solo career."
308531,Teenage Mutant Ninja Turtles: Out of the Shadows,en,2016-05-30,112,135000000.0,245623848.0,9.2252,6.059,3846,Released,"After supervillain Shredder escapes custody, he joins forces with mad scientist Baxter Stockman and two dimwitted henchmen, Bebop and Rocksteady, to unleash a diabolical plan to take over the world. As the Turtles prepare to take on Shredder and his new crew, they find themselves facing an even greater evil with similar intentions: the notorious Krang."
615777,Babylon,en,2022-12-22,189,78000000.0,65267446.0,17.8171,7.341,3841,Released,"A tale of outsized ambition and outrageous excess, tracing the rise and fall of multiple characters in an era of unbridled decadence and depravity during Hollywood's transition from silent films to sound films in the late 1920s."
580175,Another Round,da,2020-09-24,117,5150000.0,21700000.0,6.9983,7.627,3835,Released,Four stagnant high school teachers decide to test out a theory that maintaining a constant level of intoxication will improve their overall lives.
426063,Nosferatu,en,2024-12-25,133,50000000.0,181805645.0,25.8484,6.711,3829,Released,"A gothic tale of obsession between a haunted young woman and the terrifying vampire infatuated with her, causing untold horror in its wake."
400617,Phantom Thread,en,2017-12-25,130,35000000.0,47756590.0,7.9968,7.315,3816,Released,"In 1950s London, a renowned dressmaker's meticulous lifestyle begins drastically changing as his relationship with his young muse intensifies."
10200,The Day the Earth Stood Still,en,2008-12-10,104,80000000.0,233093859.0,7.8501,5.663,3816,Released,"A representative of an alien race that went through drastic evolution to survive its own climate change, Klaatu comes to Earth to assess whether humanity can prevent the environmental damage they have inflicted on their own planet. When barred from speaking to the United Nations, he decides humankind shall be exterminated so the planet can survive."
926393,The Equalizer 3,en,2023-08-30,109,70000000.0,191067560.0,14.3384,7.298,3815,Released,"Robert McCall finds himself at home in Southern Italy but he discovers his friends are under the control of local crime bosses. As events turn deadly, McCall knows what he has to do: become his friends' protector by taking on the mafia."
172385,Rio 2,en,2014-03-19,101,103000000.0,498781117.0,13.7156,6.517,3814,Released,"It's a jungle out there for Blu, Jewel and their three kids after they're hurtled from Rio de Janeiro to the wilds of the Amazon. As Blu tries to fit in, he goes beak-to-beak with the vengeful Nigel, and meets the most fearsome adversary of all: his father-in-law."
20943,The Ugly Truth,en,2009-07-24,96,38000000.0,321700000.0,13.0305,6.509,3809,Released,"A romantically challenged morning show producer is reluctantly embroiled in a series of outrageous tests by her chauvinistic correspondent to prove his theories on relationships and help her find love. His clever ploys, however, lead to an unexpected result."
2899,Asterix & Obelix: Mission Cleopatra,fr,2002-01-30,108,58500000.0,131116046.0,9.1419,7.367,3807,Released,History's favorite Gauls assist Queen Cleopatra when she wagers that the Egyptian people can build a palace for Julius Caesar in just three months.
265195,Wild Tales,es,2014-08-21,122,4000000.0,31478893.0,7.5104,7.865,3805,Released,"Injustice and the demands of the world can cause stress for many people. Some of them, however, explode. This includes a waitress serving a grouchy loan shark, an altercation between two motorists, an ill-fated wedding reception, and a wealthy businessman who tries to buy his family out of trouble."
59,A History of Violence,en,2005-09-23,96,32000000.0,61477797.0,6.9091,7.169,3805,Released,An average family is thrust into the spotlight after the father commits a seemingly self-defense murder at his diner.
942,Lethal Weapon 2,en,1989-07-07,114,25000000.0,227853986.0,15.8299,7.044,3804,Released,Riggs and Murtaugh are on the trail of South African diplomats using their immunity to engage in criminal activities.
371638,The Disaster Artist,en,2017-03-12,104,10000000.0,29820616.0,4.9301,7.097,3797,Released,"An aspiring actor in Hollywood meets an enigmatic stranger by the name of Tommy Wiseau, the meeting leads the actor down a path nobody could have predicted; creating the worst movie ever made."
9390,Jerry Maguire,en,1996-12-13,139,50000000.0,273600000.0,9.8739,7.0,3797,Released,"Jerry Maguire used to be a typical sports agent: willing to do just about anything he could to get the biggest possible contracts for his clients, plus a nice commission for himself. Then, one day, he suddenly has second thoughts about what he's really doing. When he voices these doubts, he ends up losing his job and all of his clients, save Rod Tidwell, an egomaniacal football player."
44943,Battle: Los Angeles,en,2011-03-08,116,70000000.0,211800000.0,8.0342,5.821,3790,Released,"When once distant UFOs become a terrifying threat and an alien invasion force begins attacking Earths major costal and riverside cities, a U.S Marine staff sergeant and his team are sent into battle only to find they must take it upon themselves to defeat an unknown enemy and protect what remains of Los Angeles."
587792,Palm Springs,en,2020-07-10,90,5000000.0,1818417.0,8.894,7.338,3789,Released,"When carefree Nyles and reluctant maid of honor Sarah have a chance encounter at a Palm Springs wedding, things get complicated when they find themselves unable to escape the venue, themselves, or each other."
5174,Rush Hour 3,en,2007-08-08,90,140000000.0,258097122.0,14.3491,6.501,3787,Released,"After a botched assassination attempt, the mismatched duo finds themselves in Paris, struggling to retrieve a precious list of names, as the murderous crime syndicate's henchmen try their best to stop them. Once more, Lee and Carter must fight their way through dangerous gangsters; however, this time, the past has come back to haunt Lee. Will the boys get the job done once and for all?"
986056,Thunderbolts*,en,2025-04-30,127,180000000.0,382436917.0,48.324,7.295,3782,Released,"After finding themselves ensnared in a death trap, seven disillusioned castoffs must embark on a dangerous mission that will force them to confront the darkest corners of their pasts."
866,Finding Neverland,en,2004-10-29,106,25000000.0,116766556.0,5.4318,7.32,3778,Released,"During a writing slump, playwright J.M. Barrie meets a widow and her four children, all young boys—who soon become an important part of Barrie’s life and the inspiration that lead him to create his masterpiece. Peter Pan."
2288,Closer,en,2004-12-03,104,27000000.0,115505027.0,6.0361,6.831,3775,Released,The relationships of two couples become complicated and deceitful when the man from one couple meets the woman of the other.
2252,Eastern Promises,en,2007-09-14,100,51500000.0,56106607.0,6.2666,7.348,3775,Released,A Russian teenager living in London dies during childbirth but leaves clues in her diary that could tie her child to a rape involving a violent Russian mob family.
582014,Promising Young Woman,en,2020-12-13,114,10000000.0,20379604.0,7.2423,7.377,3770,Released,"A young woman, traumatized by a tragic event in her past, seeks out vengeance against those who crossed her path."
68,Brazil,en,1985-02-20,143,15000000.0,9953708.0,11.2187,7.655,3770,Released,"Low-level bureaucrat Sam Lowry escapes the monotony of his day-to-day life through a recurring daydream of himself as a virtuous hero saving a beautiful damsel. Investigating a case that led to the wrongful arrest and eventual death of an innocent man instead of wanted terrorist Harry Tuttle, he meets the woman from his daydream, and in trying to help her gets caught in a web of mistaken identities, mindless bureaucracy and lies."
193610,The Other Woman,en,2014-04-16,109,40000000.0,196800000.0,7.6376,6.425,3768,Released,"After discovering her boyfriend is married, Carly soon meets the wife he's been cheating on. And when yet another affair is discovered, all three women team up to plot mutual revenge on the three-timing SOB."
23169,Remember Me,en,2010-03-11,113,16000000.0,56000000.0,6.5811,7.103,3761,Released,"Still reeling from a heartbreaking family event and his parents' subsequent divorce, Tyler Hawkins discovers a fresh lease on life when he meets Ally Craig, a gregarious beauty who witnessed her mother's death. But as the couple draws closer, the fallout from their separate tragedies jeopardizes their love."
11621,Porco Rosso,ja,1992-07-18,93,9200000.0,44600000.0,7.4968,7.8,3761,Released,"In Italy in the 1930s, sky pirates in biplanes terrorize wealthy cruise ships as they sail the Adriatic Sea. The only pilot brave enough to stop the scourge is the mysterious Porco Rosso, a former World War I flying ace who was somehow turned into a pig during the war. As he prepares to battle the pirate crew's American ace, Porco Rosso enlists the help of spunky girl mechanic Fio Piccolo and his longtime friend Madame Gina."
417678,"Everything, Everything",en,2017-05-18,96,10000000.0,61621140.0,3.8971,7.238,3760,Released,"A teenager who's lived a sheltered life because she's allergic to everything, falls for the boy who moves in next door."
340102,The New Mutants,en,2020-04-02,94,67000000.0,49169594.0,14.3084,6.067,3760,Released,"Five young mutants, just discovering their abilities while held in a secret facility against their will, fight to escape their past sins and save themselves."
10054,Spy Kids,en,2001-03-18,88,35000000.0,147934180.0,12.2674,5.818,3758,Released,"Carmen and Juni think their parents are boring. Little do they know that in their day, Gregorio and Ingrid Cortez were the top secret agents from their respective countries. They gave up that life to raise their children. Now, the disappearances of several of their old colleagues forces the Cortez' return from retirement. What they didn't count on was Carmen and Juni joining the ""family business."""
456740,Hellboy,en,2019-04-10,121,50000000.0,55065289.0,9.1278,5.576,3754,Released,"Hellboy comes to England, where he must defeat Nimue, Merlin's consort and the Blood Queen. But their battle will bring about the end of the world, a fate he desperately tries to turn away."
914,The Great Dictator,en,1940-10-15,125,2000000.0,11000000.0,10.3426,8.28,3752,Released,Dictator Adenoid Hynkel tries to expand his empire while a poor Jewish barber tries to avoid persecution from Hynkel's regime.
696506,Mickey 17,en,2025-02-28,137,118000000.0,133542263.0,24.9393,6.837,3749,Released,"Unlikely hero Mickey Barnes finds himself in the extraordinary circumstance of working for an employer who demands the ultimate commitment to the job… to die, for a living."
9870,Forgetting Sarah Marshall,en,2008-04-17,111,30000000.0,105173115.0,7.1314,6.506,3745,Released,"When actress Sarah Marshall dumps aspiring musician Peter Bretter for rock star Aldous Snow, Peter's world comes crashing down. His best friend Brian suggests that Peter should get away from everything and to fly off to Hawaii to escape all his problems. After arriving in Hawaii and meeting the beautiful receptionist Rachel Jansen, Peter is shocked to see not only Aldous in Hawaii, but also Sarah."
514847,The Hunt,en,2020-03-11,90,14000000.0,12400979.0,17.4553,6.647,3739,Released,"Twelve strangers wake up in a clearing. They don't know where they are—or how they got there. In the shadow of a dark internet conspiracy theory, ruthless elitists gather at a remote location to hunt humans for sport. But their master plan is about to be derailed when one of the hunted turns the tables on her pursuers."
9291,The Longest Yard,en,2005-05-27,113,90000000.0,191466556.0,9.4496,6.68,3738,Released,"Disgraced pro football quarterback Paul Crewe lands in a Texas federal penitentiary, where manipulative Warden Hazen recruits him to advise the institution's football team of prison guards. Crewe suggests a tune-up game which lands him quarterbacking a crew of inmates in a game against the guards. Aided by incarcerated ex-NFL coach and player Nate Scarborough, Crewe and his team must overcome not only the bloodthirstiness of the opposition, but also the corrupt warden trying to fix the game against them."
77950,Turbo,en,2013-07-11,96,135000000.0,282570682.0,9.7616,6.279,3737,Released,The tale of an ordinary garden snail who dreams of winning the Indy 500.
37247,The Graduate,en,1967-12-21,107,3000000.0,104945305.0,10.3774,7.631,3735,Released,A disillusioned college graduate finds himself torn between his older lover and her daughter.
57212,War Horse,en,2011-12-25,146,66000000.0,177584879.0,11.0129,7.307,3734,Released,"On the brink of the First World War, Albert's beloved horse Joey is sold to the Cavalry by his father. Against the backdrop of the Great War, Joey begins an odyssey full of danger, joy, and sorrow, and he transforms everyone he meets along the way. Meanwhile, Albert, unable to forget his equine friend, searches the battlefields of France to find Joey and bring him home."
817,Austin Powers: The Spy Who Shagged Me,en,1999-06-08,95,33000000.0,312016928.0,10.9973,6.317,3731,Released,"When diabolical genius Dr. Evil travels back in time to steal superspy Austin Powers's ‘mojo,’ Austin must return to the swingin' '60s himself - with the help of American agent, Felicity Shagwell - to stop the dastardly plan. Once there, Austin faces off against Dr. Evil's army of minions to try to save the world in his own unbelievably groovy way."
13387,Transporter 3,en,2008-11-26,104,30000000.0,109000000.0,8.7239,6.171,3728,Released,"Frank Martin puts the driving gloves on to deliver Valentina, the kidnapped daughter of a Ukrainian government official, from Marseilles to Odessa on the Black Sea. En route, he has to contend with thugs who want to intercept Valentina's safe delivery and not let his personal feelings get in the way of his dangerous objective."
50456,Hanna,en,2011-04-07,111,30000000.0,63782078.0,5.3372,6.584,3723,Released,"Raised by her father, an ex-CIA agent, in the wilds of Finland, Hanna's upbringing has been geared to making her the perfect assassin. Sent into the world by her father on a mission, Hanna journeys across Europe, eluding agents dispatched after her by a ruthless intelligence operative. As she nears her ultimate target, Hanna faces startling revelations about her existence."
278924,Mechanic: Resurrection,en,2016-08-25,99,40000000.0,125729635.0,8.9295,6.07,3717,Released,"Arthur Bishop thought he had put his murderous past behind him when his most formidable foe kidnaps the love of his life. Now he is forced to travel the globe to complete three impossible assassinations, and do what he does best, make them look like accidents."
65086,The Woman in Black,en,2012-02-03,95,32000000.0,129000000.0,4.9552,6.144,3717,Released,"The story follows a young lawyer, Arthur Kipps, who is ordered to travel to a remote village and sort out a recently deceased client’s papers. As he works alone in the client’s isolated house, Kipps begins to uncover tragic secrets, his unease growing when he glimpses a mysterious woman dressed only in black. Receiving only silence from the locals, Kipps is forced to uncover the true identity of the Woman in Black on his own, leading to a desperate race against time when he discovers her true identity."
1621,Trading Places,en,1983-06-07,116,15000000.0,90404800.0,12.606,7.231,3714,Released,A snobbish investor and a wily street con-artist find their positions reversed as part of a bet by two callous millionaires.
594767,Shazam! Fury of the Gods,en,2023-03-15,130,110000000.0,134221819.0,10.4796,6.411,3713,Released,"Billy Batson and his foster siblings, who transform into superheroes by saying ""Shazam!"", are forced to get back into action and fight the Daughters of Atlas, who they must stop from using a weapon that could destroy the world."
499932,The Devil All the Time,en,2020-09-11,138,0.0,0.0,8.6484,7.174,3711,Released,"In Knockemstiff, Ohio and its neighboring backwoods, sinister characters converge around young Arvin Russell as he fights the evil forces that threaten him and his family."
258216,Nymphomaniac: Vol. I,en,2013-12-25,118,2350000.0,13545832.0,2.4774,6.854,3709,Released,"A man named Seligman finds a fainted wounded woman in an alley and he brings her home. She tells him that her name is Joe and that she is nymphomaniac. Joe tells her life and sexual experiences with hundreds of men since she was a young teenager while Seligman tells about his hobbies, such as fly fishing, reading about Fibonacci numbers or listening to organ music."
1620,Hitman,en,2007-11-21,89,24000000.0,101276318.0,8.3418,6.168,3707,Released,"A genetically engineered assassin with deadly aim, known only as ""Agent 47"" eliminates strategic targets for a top-secret organization. But when he's double-crossed, the hunter becomes the prey as 47 finds himself in a life-or-death game of international intrigue."
406759,Moonfall,en,2022-02-02,131,146000000.0,67319703.0,10.2142,6.276,3706,Released,A mysterious force knocks the moon from its orbit around Earth and sends it hurtling on a collision course with life as we know it.
600354,The Father,en,2020-12-23,97,6000000.0,21029340.0,12.1492,8.091,3703,Released,"A man refuses all assistance from his daughter as he ages and, as he tries to make sense of his changing circumstances, he begins to doubt his loved ones, his own mind and even the fabric of his reality."
1078605,Weapons,en,2025-08-04,129,38000000.0,269972492.0,25.3998,7.257,3703,Released,"When all but one child from the same class mysteriously vanish on the same night at exactly the same time, a community is left questioning who or what is behind their disappearance."
212778,Chef,en,2014-05-08,114,11000000.0,50440695.0,7.3815,7.109,3701,Released,"When Chef Carl Casper suddenly quits his job at a prominent Los Angeles restaurant after refusing to compromise his creative integrity for its controlling owner, he is left to figure out what's next. Finding himself in Miami, he teams up with his ex-wife, his friend and his son to launch a food truck. Taking to the road, Chef Carl goes back to his roots to reignite his passion for the kitchen -- and zest for life and love."
50348,The Lincoln Lawyer,en,2011-03-17,119,40000000.0,85412898.0,6.7154,7.209,3701,Released,"Mick Haller is a charismatic defense attorney who does business out of his Lincoln Continental sedan. Mick spends most of his time defending petty crooks and other bottom-feeders, so it comes as quite a surprise when he lands the case of a lifetime: defending a Beverly Hills playboy who is accused of attempted murder. However, what Mick initially thinks is an open-and-shut case with a big monetary reward develops into something more sinister."
512196,Happy Death Day 2U,en,2019-02-13,100,9000000.0,64600152.0,5.9242,6.319,3699,Released,"Collegian Tree Gelbman wakes up in horror to learn that she's stuck in a parallel universe. Her boyfriend Carter is now with someone else, and her friends and fellow students seem to be completely different versions of themselves. When Tree discovers that Carter's roommate has been altering time, she finds herself once again the target of a masked killer. When the psychopath starts to go after her inner circle, Tree soon realizes that she must die over and over again to save everyone."
77016,End of Watch,en,2012-09-20,109,7000000.0,55078146.0,7.6007,7.357,3699,Released,Two young officers are marked for death after confiscating a small cache of money and firearms from the members of a notorious cartel during a routine traffic stop.
462,Erin Brockovich,en,2000-03-17,131,52000000.0,256271286.0,7.6801,7.428,3697,Released,"A twice-divorced mother of three who sees an injustice, takes on the bad guy and wins -- with a little help from her push-up bra. Erin goes to work for an attorney and comes across medical records describing illnesses clustered in one nearby town. She starts investigating and soon exposes a monumental cover-up."
9489,You've Got Mail,en,1998-12-18,119,65000000.0,250800000.0,8.3463,6.709,3693,Released,Book superstore magnate Joe Fox and independent book shop owner Kathleen Kelly fall in love in the anonymity of the Internet—both blissfully unaware that he's trying to put her out of business.
7512,Idiocracy,en,2006-09-01,85,30000000.0,495303.0,16.5295,6.381,3689,Released,"To test its top-secret Human Hibernation Project, the Pentagon picks the most average European-Americans it can find - an Army private and a prostitute - and sends them to the year 2505 after a series of freak events. But when they arrive, they find a civilization so dumbed-down that they're the smartest people around."
11674,101 Dalmatians,en,1996-11-27,103,54000000.0,320689294.0,10.592,5.943,3684,Released,"An evil, high-fashion designer plots to steal Dalmatian puppies in order to make an extravagant fur coat, but instead creates an extravagant mess."
160588,Blue Jasmine,en,2013-08-01,99,18000000.0,99104804.0,5.4822,7.0,3683,Released,"After experiencing a traumatic misfortune, Jasmine French, a wealthy woman from New York, moves to San Francisco to live with her foster sister Ginger and the firm purpose of getting a new life, but she will be haunted by anxiety and memories of the past."
1669,The Hunt for Red October,en,1990-03-02,135,30000000.0,200512643.0,11.409,7.384,3682,Released,"A new technologically-superior Soviet nuclear sub, the Red October, is heading for the U.S. coast under the command of Captain Marko Ramius. The American government thinks Ramius is planning to attack. Lone CIA analyst Jack Ryan has a different idea: he thinks Ramius is planning to defect, but he has only a few hours to find him and prove it - because the entire Russian naval and air commands are trying to find Ramius, too. The hunt is on!"
4257,Scary Movie 4,en,2006-04-12,83,40000000.0,178710620.0,13.0891,5.496,3681,Released,"Cindy finds out the house she lives in is haunted by a little boy and goes on a quest to find out who killed him and why. Also, Alien ""Tr-iPods"" are invading the world and she has to uncover the secret in order to stop them."
937278,A Man Called Otto,en,2022-12-28,126,50000000.0,113360085.0,11.1277,7.746,3674,Released,"When a lively young family moves in next door, grumpy widower Otto Anderson meets his match in a quick-witted, pregnant woman named Marisol, leading to an unlikely friendship that turns his world upside down."
267935,The BFG,en,2016-06-01,117,140000000.0,195243411.0,12.697,6.287,3672,Released,"An orphan little girl befriends a benevolent giant who takes her to Giant Country, where they attempt to stop the man-eating giants that are invading the human world."
15121,The Sound of Music,en,1965-03-29,174,8200000.0,286214286.0,15.9798,7.73,3671,Released,"In the years before World War II, a tomboyish postulant at an Austrian abbey is hired as a governess in the home of a widowed naval captain with seven children and brings a new love of life and music into the home."
280092,Insidious: Chapter 3,en,2015-05-28,97,10000000.0,120453155.0,11.0088,6.285,3670,Released,"A twisted new tale of terror begins for a teenage girl and her family, and revealing more mysteries of the otherworldly realm, 'The Further'."
1062722,Frankenstein,en,2025-10-17,150,120000000.0,480678.0,27.5682,7.62,3660,Released,"Dr. Victor Frankenstein, a brilliant but egotistical scientist, brings a creature to life in a monstrous experiment that ultimately leads to the undoing of both the creator and his tragic creation."
27582,The Mechanic,en,2011-01-13,93,40000000.0,51070807.0,11.0813,6.5,3660,Released,"Arthur Bishop is a 'mechanic' - an elite assassin with a strict code requiring professional perfection and total detachment. One of an elite group of assassins, Bishop may be the best in the business - with a unique talent for cleanly eliminating targets. When Harry McKenna, his close friend and mentor, is murdered, Harry's son comes to him with vengeance in his heart and a desire to learn Bishop's trade, signaling the birth of a deadly partnership."
62214,Frankenweenie,en,2012-10-04,87,39000000.0,81493846.0,5.8829,7.006,3658,Released,"When a car hits young Victor's pet dog Sparky, Victor decides to bring him back to life the only way he knows how. But when the bolt-necked ""monster"" wreaks havoc and terror in the hearts of Victor's neighbors, he has to convince them that Sparky's still the good, loyal friend he was."
314,Catwoman,en,2004-07-22,104,100000000.0,82102379.0,11.3437,4.638,3654,Released,"Liquidated after discovering a corporate conspiracy, mild-mannered graphic artist Patience Phillips washes up on an island, where she's resurrected and endowed with the prowess of a cat — and she's eager to use her new skills... as a vigilante. Before you can say ""cat and mouse"", handsome gumshoe Tom Lone is on her tail, fascinated by both of her personas."
7735,The Wave,de,2008-03-13,107,7500000.0,32350637.0,5.9202,7.489,3651,Released,A school teacher discusses types of government with his class. His students find it too boring to repeatedly go over national socialism and believe that dictatorship cannot be established in modern Germany. He starts an experiment to show how easily the masses can become manipulated.
6795,Zathura: A Space Adventure,en,2005-11-06,101,65000000.0,65079104.0,9.4581,6.451,3650,Released,"After their father is called into work, two young boys, Walter and Danny, are left in the care of their teenage sister, Lisa, and told they must stay inside. Walter and Danny, who anticipate a boring day, are shocked when they begin playing Zathura, a space-themed board game, which they realize has mystical powers when their house is shot into space. With the help of an astronaut, the boys attempt to return home."
1443,The Virgin Suicides,en,2000-04-21,97,6000000.0,10409377.0,7.1386,7.1,3645,Released,"A group of male friends become obsessed with five mysterious sisters who are sheltered by their strict, religious parents."
59962,This Means War,en,2012-02-14,98,65000000.0,156974557.0,5.8549,6.181,3644,Released,Two top CIA operatives wage an epic battle against one another after they discover they are dating the same woman.
429197,Vice,en,2018-12-25,132,60000000.0,76100000.0,6.2117,7.012,3643,Released,"George W. Bush picks Dick Cheney, the CEO of Halliburton Co., to be his Republican running mate in the 2000 presidential election. No stranger to politics, Cheney's impressive résumé includes stints as White House chief of staff, House Minority Whip and Defense Secretary. When Bush wins by a narrow margin, Cheney begins to use his newfound power to help reshape the country and the world."
8367,Robin Hood: Prince of Thieves,en,1991-06-14,143,48000000.0,390493908.0,9.8353,6.856,3640,Released,"Nobleman crusader Robin of Locksley breaks out of a Jerusalem prison with the help of Moorish fellow prisoner Azeem and travels back home to England. But upon arrival he discovers his dead father in the ruins of his family estate, killed by the vicious sheriff of Nottingham, Robin and Azeem join forces with outlaws Little John and Will Scarlett to save the kingdom from the sheriff's villainy."
87093,Big Eyes,en,2014-12-24,106,10000000.0,28900000.0,6.8211,6.968,3638,Released,"In the late 1950s and early '60s, artist Walter Keane achieves unbelievable fame and success with portraits of saucer-eyed waifs. However, no one realizes that his wife, Margaret, is the real painter behind the brush. Although Margaret is horrified to learn that Walter is passing off her work as his own, she is too meek to protest too loudly. It isn't until the Keanes' marriage comes to an end and a lawsuit follows that the truth finally comes to light."
8487,Wild Wild West,en,1999-06-30,106,170000000.0,222104681.0,7.1266,5.319,3637,Released,Legless Southern inventor Dr. Arliss Loveless plans to rekindle the Civil War by assassinating President Ulysses S. Grant. Only two men can stop him: gunfighter James West and master-of-disguise and inventor Artemus Gordon. The two must team up to thwart Loveless' plans.
796,Cruel Intentions,en,1999-03-05,97,10500000.0,76347426.0,9.1942,6.819,3636,Released,"Slaking a thirst for dangerous games, Kathryn challenges her stepbrother, Sebastian, to deflower their headmaster's daughter before the summer ends. If he succeeds, the prize is the chance to bed Kathryn. But if he loses, Kathryn will claim his most prized possession."
146,"Crouching Tiger, Hidden Dragon",zh,2000-07-06,120,17000000.0,213978518.0,9.5259,7.436,3636,Released,"Two warriors in pursuit of a stolen sword and a notorious fugitive are led to an impetuous, physically-skilled, teenage nobleman's daughter, who is at a crossroads in her life."
9362,Tremors,en,1990-01-19,96,11000000.0,48572000.0,9.6255,6.936,3634,Released,"Val McKee and Earl Bassett are in a fight for their lives when they discover that their desolate town has been infested with gigantic, man-eating creatures that live below the ground."
58233,Johnny English Reborn,en,2011-09-15,101,45000000.0,160078586.0,8.0469,6.247,3633,Released,"The most prominent heads of state in the world begin gathering for a conference that could have a major impact on global politics. When MI-7 receives word that the Chinese premier has become the target of some high-powered killers, it falls on Johnny English to save the day. Armed with the latest high-tech weaponry and gadgets that would make even James Bond jealous, the once-disgraced agent uncovers evidence of a massive conspiracy involving some of the world's most powerful organisations, and vows to redeem his tarnished reputation by stopping the killers before they can strike."
261023,Black Mass,en,2015-09-17,123,53000000.0,99975678.0,9.7974,6.525,3632,Released,"The true story of Whitey Bulger, the brother of a state senator and the most infamous violent criminal in the history of South Boston, who became an FBI informant to take down a Mafia family invading his turf."
11887,High School Musical 3: Senior Year,en,2008-10-11,112,11000000.0,252909177.0,5.7596,6.538,3628,Released,"As seniors in high school, Troy and Gabriella struggle with the idea of being separated from one another as college approaches. Along with the rest of the Wildcats, they stage a spring musical to address their experiences, hopes and fears about their future."
4995,Boogie Nights,en,1997-10-07,156,15000000.0,43101594.0,9.1006,7.638,3628,Released,"In 1977, an idealistic porn producer and his promising protege try to catch up with the end of an era before their never-ending party collides with cold, hard reality."
384521,The Cloverfield Paradox,en,2018-02-04,102,45000000.0,0.0,7.3541,5.639,3626,Released,"Orbiting above a planet on the brink of war, scientists test a device to solve an energy crisis and end up face-to-face with a dark alternate reality."
1011985,Kung Fu Panda 4,en,2024-03-02,94,80000000.0,548040835.0,20.7941,7.004,3616,Released,"Po is gearing up to become the spiritual leader of his Valley of Peace, but also needs someone to take his place as Dragon Warrior. As such, he will train a new kung fu practitioner for the spot and will encounter a villain called the Chameleon who conjures villains from the past."
458576,Monster Hunter,en,2020-12-03,103,60000000.0,42145959.0,7.5671,6.512,3613,Released,"A portal transports Cpt. Artemis and an elite unit of soldiers to a strange world where powerful monsters rule with deadly ferocity. Faced with relentless danger, the team encounters a mysterious hunter who may be their only hope to find a way home."
617126,The Fantastic 4: First Steps,en,2025-07-23,115,200000000.0,521858728.0,55.5106,6.955,3610,Released,"Against the vibrant backdrop of a 1960s-inspired, retro-futuristic world, Marvel's First Family is forced to balance their roles as heroes with the strength of their family bond, while defending Earth from a ravenous space god called Galactus and his enigmatic Herald, Silver Surfer."
504949,The King,en,2019-10-11,140,0.0,0.0,9.6911,7.158,3609,Released,"England, 15th century. Hal, a capricious prince who lives among the populace far from court, is forced by circumstances to reluctantly accept the throne and become Henry V."
401104,To the Bone,en,2017-01-22,107,0.0,0.0,3.3646,7.201,3608,Released,A young woman dealing with anorexia meets an unconventional doctor who challenges her to face her condition and embrace life.
449563,Isn't It Romantic,en,2019-02-13,88,31000000.0,48800000.0,4.9146,6.196,3607,Released,"For a long time, Natalie, an Australian architect living in New York City, had always believed that what she had seen in rom-coms is all fantasy. But after thwarting a mugger at a subway station only to be knocked out while fleeing, Natalie wakes up and discovers that her life has suddenly become her worst nightmare—a romantic comedy—and she is the leading lady."
23631,Machete,en,2010-09-01,105,10500000.0,45491656.0,6.3826,6.336,3607,Released,"After being set-up and betrayed by the man who hired him to assassinate a Texas Senator, an ex-Federale launches a brutal rampage of revenge against his former boss."
458423,Mamma Mia! Here We Go Again,en,2018-07-18,114,75000000.0,395607854.0,8.0775,7.072,3606,Released,"Five years after meeting her three fathers, Sophie Sheridan prepares to open her mother’s hotel. In 1979, young Donna Sheridan meets the men who each could be Sophie’s biological father."
295964,Burnt,en,2015-10-02,100,20000000.0,36606743.0,5.2278,6.525,3605,Released,"Adam Jones is a Chef who destroyed his career with drugs and diva behavior. He cleans up and returns to London, determined to redeem himself by spearheading a top restaurant that can gain three Michelin stars."
258230,A Monster Calls,en,2016-10-07,108,43000000.0,47309313.0,7.1458,7.307,3603,Released,12-year-old Conor encounters an ancient tree monster who proceeds to help him cope with his mother's terminal illness and being bullied in school.
9032,Big Daddy,en,1999-06-25,93,34200000.0,234801895.0,9.7573,6.488,3601,Released,"A lazy law school grad adopts a kid to impress his girlfriend, but everything doesn't go as planned. Now he's forced to grow up while navigating the challenges of fatherhood."
1234821,Jurassic World Rebirth,en,2025-06-23,134,180000000.0,869146189.0,59.5917,6.273,3599,Released,"Five years after the events of Jurassic World Dominion, covert operations expert Zora Bennett is contracted to lead a skilled team on a top-secret mission to secure genetic material from the world's three most massive dinosaurs. When Zora's operation intersects with a civilian family whose boating expedition was capsized, they all find themselves stranded on an island where they come face-to-face with a sinister, shocking discovery that's been hidden from the world for decades."
12222,Horton Hears a Who!,en,2008-03-03,86,85000000.0,298572799.0,11.1502,6.529,3598,Released,"An imaginative elephant named Horton hears a faint cry for help coming from a tiny speck of dust floating through the air. Horton suspects there may be life on that speck and despite a surrounding community, who thinks he has lost his mind, he is determined to save the tiny particle."
72331,Abraham Lincoln: Vampire Hunter,en,2012-06-20,105,69000000.0,116500000.0,7.6036,5.759,3595,Released,"President Lincoln's mother is killed by a supernatural creature, which fuels his passion to crush vampires and their slave-owning helpers."
766,Army of Darkness,en,1992-10-31,81,11000000.0,21502976.0,12.2277,7.257,3594,Released,"Ash, a handsome, shotgun-toting, chainsaw-armed department store clerk, is time warped backwards into England's Dark Ages, where he romances a beauty and faces legions of the undead."
572802,Aquaman and the Lost Kingdom,en,2023-12-20,124,205000000.0,440181226.0,35.8734,6.51,3593,Released,"Black Manta seeks revenge on Aquaman for his father's death. Wielding the Black Trident's power, he becomes a formidable foe. To defend Atlantis, Arthur (Aquaman) forges an alliance with his imprisoned brother. They must protect the kingdom."
8619,Master and Commander: The Far Side of the World,en,2003-11-14,138,150000000.0,211623421.0,8.371,7.2,3592,Released,"After an abrupt and violent encounter with a French warship inflicts severe damage upon his ship, a captain of the British Royal Navy begins a chase over two oceans to capture or destroy the enemy, though he must weigh his commitment to duty and ferocious pursuit of glory against the safety of his devoted crew, including the ship's thoughtful surgeon, his best friend."
695721,The Hunger Games: The Ballad of Songbirds & Snakes,en,2023-11-15,157,100000000.0,337371917.0,15.2453,6.969,3589,Released,"64 years before he becomes the tyrannical president of Panem, Coriolanus Snow sees a chance for a change in fortunes when he mentors Lucy Gray Baird, the female tribute from District 12."
399361,Triple Frontier,en,2019-03-06,125,115000000.0,0.0,7.66,6.33,3588,Released,"Struggling to make ends meet, former special ops soldiers reunite for a high-stakes heist: stealing $75 million from a South American drug lord."
765,Evil Dead II,en,1987-03-13,84,3500000.0,5932279.0,11.4327,7.54,3574,Released,"Ash Williams and his girlfriend Linda find a log cabin in the woods with a voice recording from an archeologist who had recorded himself reciting ancient chants from ""The Book of the Dead."" As they play the recording an evil power is unleashed taking over Linda's body."
1103,Escape from New York,en,1981-05-23,99,6000000.0,50244700.0,8.2202,7.048,3573,Released,"In a world ravaged by crime, the entire island of Manhattan has been converted into a walled prison where brutal prisoners roam free. After the US president crash-lands inside, war hero Snake Plissken has 24 hours to bring him back."
3594,The Number 23,en,2007-02-23,97,30000000.0,77677553.0,6.1758,6.41,3569,Released,"Animal control officer Walter Sparrow becomes obsessed with a novel that he believes was written about him, as more and more similarities between himself and his literary alter ego seem to arise."
46705,Blue Valentine,en,2010-12-26,112,1000000.0,15440333.0,5.6418,6.97,3568,Released,"Dean and Cindy live a quiet life in a modest neighborhood. They appear to have the world at their feet at the outset of the relationship. However, his lack of ambition and her retreat into self-absorption cause potentially irreversible cracks in their marriage."
457799,"Extremely Wicked, Shockingly Evil and Vile",en,2019-05-02,111,0.0,0.0,5.4196,6.997,3567,Released,"A chronicle of the crimes of Ted Bundy, from the perspective of his longtime girlfriend, Elizabeth Kloepfer, who refused to believe the truth about him for years."
419478,Midnight Sun,en,2018-03-22,92,2800000.0,27365467.0,4.997,7.802,3566,Released,"Katie, a 17-year-old, has been sheltered since childhood and confined to her house during the day by a rare disease that makes even the smallest amount of sunlight deadly. Fate intervenes when she meets Charlie and they embark on a summer romance."
277685,Unfriended,en,2014-06-18,83,1000000.0,64364198.0,10.0249,5.553,3564,Released,"While video chatting one night, six high school friends receive a Skype message from a classmate who killed herself exactly one year ago. At first they think it's a prank, but when the girl starts revealing the friends' darkest secrets, they realize they are dealing with something out of this world, something that wants them dead."
74643,The Artist,fr,2011-10-12,100,15000000.0,133432856.0,7.3092,7.4,3563,Released,"Hollywood, 1927: As silent movie star George Valentin wonders if the arrival of talking pictures will cause him to fade into oblivion, he sparks with Peppy Miller, a young dancer set for a big break."
397837,Before I Fall,en,2017-03-02,98,5000000.0,16373843.0,8.1165,6.964,3561,Released,"Samantha Kingston has everything. Then, everything changes. After one fateful night, she wakes up with no future at all. Trapped into reliving the same day over and over, she begins to question just how perfect her life really was."
22804,Saw VI,en,2009-10-22,90,11000000.0,69752402.0,13.9764,6.294,3561,Released,"Special Agent Strahm is dead, and Detective Hoffman has emerged as the unchallenged successor to Jigsaw's legacy. However, when the FBI draws closer to Hoffman, he is forced to set a game into motion, and Jigsaw's grand scheme is finally understood."
381289,A Dog's Purpose,en,2017-01-19,100,22000000.0,205000000.0,6.4236,7.645,3560,Released,A dog goes on quest to discover his purpose in life over the course of several lifetimes with multiple owners.
1966,Alexander,en,2004-11-21,176,155000000.0,167298192.0,11.336,5.957,3559,Released,"Alexander, the King of Macedonia, leads his legions against the giant Persian Empire. After defeating the Persians, he leads his army across the then known world, venturing farther than any westerner had ever gone, all the way to India."
872,Singin' in the Rain,en,1952-04-10,103,2540800.0,7200000.0,9.6502,8.133,3557,Released,"In 1927 Hollywood, a silent film star falls for a chorus girl just as he and his paranoid screen partner struggle to make the difficult transition to talking pictures."
906126,Society of the Snow,es,2023-12-15,143,65500000.0,1281.0,6.6655,7.968,3551,Released,"On October 13, 1972, Uruguayan Air Force Flight 571, chartered to take a rugby team to Chile, crashes into a glacier in the heart of the Andes."
10948,The Fox and the Hound,en,1981-07-10,82,12000000.0,29800000.0,8.3446,7.166,3547,Released,"When a feisty little fox named Tod is adopted into a farm family, he quickly becomes friends with a fun and adorable hound puppy named Copper. Life is full of hilarious adventures until Copper is expected to take on his role as a hunting dog -- and the object of his search is his best friend!"
8337,They Live,en,1988-11-04,93,4000000.0,13000000.0,12.0913,7.304,3546,Released,A lone drifter stumbles upon a unique pair of sunglasses that reveal aliens are systematically gaining control of the Earth by masquerading as humans and lulling the public into submission.
392,Chocolat,en,2000-12-22,121,25000000.0,152700626.0,7.2491,6.971,3544,Released,"In the winter of 1959, a single mother and her young daughter arrive in a rural French town, where they open an unusual chocolate shop that disrupts the moral fiber of the strictly Catholic townsfolk and mayor."
443791,Underwater,en,2020-01-08,95,50000000.0,40882928.0,9.7383,6.287,3543,Released,"After an earthquake destroys their underwater station, six researchers must navigate two miles along the dangerous, unknown depths of the ocean floor to make it to safety in a race against time."
328425,The Gift,en,2015-07-31,108,5000000.0,58978653.0,8.0737,6.701,3542,Released,Simon and Robyn are a young married couple whose life is going as planned until a chance run-in with Simon's high school acquaintance sends their world into a tailspin.
109431,Identity Thief,en,2013-02-07,111,35000000.0,173965010.0,6.693,5.85,3542,Released,"When a mild-mannered businessman learns his identity has been stolen, he hits the road in an attempt to foil the thief -- a trip that puts him in the path of a deceptively harmless-looking woman."
899082,Harry Potter 20th Anniversary: Return to Hogwarts,en,2022-01-01,103,0.0,0.0,7.7262,7.31,3541,Released,"An enchanting making-of story told through all-new in-depth interviews and cast conversations, inviting fans on a magical first-person journey through one of the most beloved film franchises of all time."
262391,Serial (Bad) Weddings,fr,2014-04-16,94,13000000.0,176404493.0,5.8466,6.66,3536,Released,A catholic French couple sees their life upside down when their four daughters get married to men of different religion and origins.
263472,Knock Knock,en,2015-06-26,99,2500000.0,6341684.0,10.4202,5.387,3534,Released,"When a devoted husband and father is left home alone for the weekend, two stranded young women unexpectedly knock on his door for help. What starts out as a kind gesture results in a dangerous seduction and a deadly game of cat and mouse."
173897,Resident Evil: The Final Chapter,en,2016-12-23,107,40000000.0,312242626.0,0.5227,6.104,3533,Released,"Picking up immediately after the events in Resident Evil: Retribution, Alice is the only survivor of what was meant to be humanity's final stand against the undead. Now, she must return to where the nightmare began - The Hive in Raccoon City, where the Umbrella Corporation is gathering its forces for a final strike against the only remaining survivors of the apocalypse."
1370,Rambo III,en,1988-05-24,102,63000000.0,189015611.0,12.4233,6.203,3531,Released,"Combat has taken its toll on Rambo, but he's finally begun to find inner peace in a monastery. When Rambo's friend and mentor Col. Trautman asks for his help on a top secret mission to Afghanistan, Rambo declines but must reconsider when Trautman is captured."
531309,Brightburn,en,2019-05-09,91,6000000.0,33224654.0,13.572,6.154,3528,Released,"What if a child from another world crash-landed on Earth, but instead of becoming a hero to mankind, he proved to be something far more sinister?"
140823,Saving Mr. Banks,en,2013-11-29,126,35000000.0,112544580.0,5.0127,7.337,3524,Released,"Author P.L. Travers looks back on her childhood while reluctantly meeting with Walt Disney, who seeks to adapt her Mary Poppins books for the big screen."
109451,Cloudy with a Chance of Meatballs 2,en,2013-09-26,95,78000000.0,248384621.0,10.7713,6.454,3524,Released,"After the disastrous food storm in the first film, Flint and his friends are forced to leave the town. Flint accepts the invitation from his idol Chester V to join The Live Corp Company, which has been tasked to clean the island, and where the best inventors in the world create technologies for the betterment of mankind. When Flint discovers that his machine still operates and now creates mutant food beasts like living pickles, hungry tacodiles, shrimpanzees and apple pie-thons, he and his friends must return to save the world."
40805,The Green Hornet,en,2011-01-12,119,120000000.0,227817248.0,7.0371,5.597,3524,Released,"Britt Reid, the heir to the largest newspaper fortune in Los Angeles, is a spoiled playboy who has been, thus far, happy to lead an aimless life. After his father dies, Britt meets Kato, a resourceful company employee. Realizing that they have the talent and resources to make something of their lives, Britt and Kato join forces as costumed crime-fighters to bring down the city's most-powerful criminal, Chudnofsky."
6075,Carlito's Way,en,1993-11-10,144,30000000.0,63848322.0,7.591,7.825,3522,Released,"Free after years in prison, Carlito Brigante intends to give up his criminal ways, but it's not long before the ex-con is sucked back into the New York City underworld."
6023,P.S. I Love You,en,2007-11-15,126,30000000.0,156835339.0,7.6111,7.175,3516,Released,A young widow discovers that her late husband has left her 10 messages intended to help ease her pain and start a new life.
2756,The Abyss,en,1989-08-09,140,43000000.0,90000098.0,11.9811,7.357,3515,Released,"A civilian oil rig crew is recruited to conduct a search and rescue effort when a nuclear submarine mysteriously sinks. One diver soon finds himself on a spectacular odyssey 25,000 feet below the ocean's surface where he confronts a mysterious force that has the power to change the world or destroy it."
609681,The Marvels,en,2023-11-08,105,274800000.0,206136825.0,20.4127,5.931,3513,Released,"When her duties send her to an anomalous wormhole linked to a Kree revolutionary, Carol's powers become entangled with that of Jersey City super-fan Kamala Khan, aka Ms. Marvel, and Carol's estranged niece, now S.A.B.E.R. astronaut Captain Monica Rambeau. Together, this unlikely trio must team up and learn to work in concert to save the universe."
220289,Coherence,en,2014-04-06,89,50000.0,139745.0,10.2726,7.208,3513,Released,Four couples gather for dinner the night a mysterious and powerful comet passes overhead.
433808,The Ritual,en,2017-10-11,94,1000000.0,1786396.0,10.3653,6.295,3510,Released,"A group of college friends reunite for a trip to the forest, but encounter a menacing presence in the woods that's stalking them."
1375,Rocky V,en,1990-11-16,104,42000000.0,119946358.0,7.7238,5.781,3507,Released,"A lifetime of taking shots has ended Rocky’s career, and a crooked accountant has left him broke. Inspired by the memory of his trainer, however, Rocky finds glory in training and takes on an up-and-coming boxer."
974576,Conclave,en,2024-10-25,120,20000000.0,115657988.0,17.1048,7.188,3504,Released,"After the unexpected death of the Pope, Cardinal Lawrence is tasked with managing the covert and ancient ritual of electing a new one. Sequestered in the Vatican with the Catholic Church’s most powerful leaders until the process is complete, Lawrence finds himself at the center of a conspiracy that could lead to its downfall."
9506,Anger Management,en,2003-04-11,106,75000000.0,195745823.0,8.5935,6.16,3502,Released,"After a small misunderstanding aboard an airplane escalates out of control, timid businessman Dave Buznik is ordered by the court to undergo anger management therapy at the hands of specialist Dr. Buddy Rydell. But when Buddy steps up his aggressive treatment by moving in, Dave goes from mild to wild as the unorthodox treatment wreaks havoc with his life."
947,Lawrence of Arabia,en,1962-12-11,228,15000000.0,70000000.0,15.2942,7.999,3502,Released,"During World War I, English officer Thomas Edward 'T.E.' Lawrence sets out to unite and lead the diverse, often warring, Arab tribes to fight the Turks."
244267,I Origins,en,2014-07-18,106,1000000.0,481234.0,6.0641,7.565,3499,Released,A molecular biologist's study of the human eye has far-reaching implications about humanity's scientific and spiritual beliefs.
714,Tomorrow Never Dies,en,1997-12-11,119,110000000.0,333011068.0,8.875,6.384,3499,Released,A deranged media mogul is staging international incidents to pit the world's superpowers against each other. Now James Bond must take on this evil mastermind in an adrenaline-charged battle to end his reign of terror and prevent global pandemonium.
19959,Surrogates,en,2009-09-24,89,80000000.0,122444772.0,7.8941,6.155,3495,Released,"Set in a futuristic world where humans live in isolation and interact through surrogate robots, a cop is forced to leave his home for the first time in years in order to investigate the murders of others' surrogates."
400650,Mary Poppins Returns,en,2018-12-13,131,130000000.0,348807090.0,7.4115,6.509,3493,Released,"Mary Poppins returns to the Banks family and helps them evade grave dangers by taking them on magical, musical adventures."
2486,Eragon,en,2006-12-14,104,100000000.0,250425512.0,6.5973,5.137,3493,Released,"In his homeland of Alagaesia, a farm boy happens upon a dragon's egg -- a discovery that leads him on a predestined journey where he realized he's the one person who can defend his home against an evil king."
980489,Gran Turismo,en,2023-08-09,135,60000000.0,121700000.0,14.7405,7.699,3492,Released,The ultimate wish-fulfillment tale of a teenage Gran Turismo player whose gaming skills won him a series of Nissan competitions to become an actual professional racecar driver.
9361,The Last of the Mohicans,en,1992-08-26,112,40000000.0,75505856.0,10.1122,7.387,3487,Released,"In war-torn colonial America, in the midst of a bloody battle between British, the French and Native American allies, the aristocratic daughter of a British Colonel and her party are captured by a group of Huron warriors. Fortunately, a group of three Mohican trappers comes to their rescue."
2005,Sister Act,en,1992-05-28,100,31000000.0,231605150.0,11.3669,6.832,3486,Released,"When lively lounge singer Deloris sees her mobster beau commit murder, she is relocated for her protection. Set up in the guise of a nun in a California convent, she proceeds to upend the quiet lives of the resident sisters."
455980,Tag,en,2018-05-30,101,28000000.0,75100000.0,7.1884,6.71,3485,Released,"For one month every year, five highly competitive friends hit the ground running in a no-holds-barred game of tag they’ve been playing since the first grade. This year, the game coincides with the wedding of their only undefeated player, which should finally make him an easy target. But he knows they’re coming...and he’s ready."
818,Austin Powers in Goldmember,en,2002-07-26,94,63000000.0,296938801.0,8.9322,6.025,3485,Released,"The world's most shagadelic spy continues his fight against Dr. Evil. This time, the diabolical doctor and his clone, Mini-Me, team up with a new foe—'70s kingpin Goldmember. While pursuing the team of villains to stop them from world domination, Austin gets help from his dad and an old girlfriend."
957,Spaceballs,en,1987-06-24,96,22700000.0,38120460.0,11.5795,6.887,3484,Released,"When the nefarious Dark Helmet hatches a plan to snatch Princess Vespa and steal her planet's air, space-bum-for-hire Lone Starr and his clueless sidekick fly to the rescue. Along the way, they meet Yogurt, who puts Lone Starr wise to the power of ""The Schwartz."" Can he master it in time to save the day?"
39451,Little Fockers,en,2010-12-21,98,100000000.0,310650585.0,8.8977,5.661,3483,Released,"It has taken 10 years, two little Fockers with wife Pam and countless hurdles for Greg to finally get in with his tightly wound father-in-law, Jack. After the cash-strapped dad takes a job moonlighting for a drug company, Jack's suspicions about his favorite male nurse come roaring back. When Greg and Pam's entire clan descends for the twins' birthday party, Greg must prove to the skeptical Jack that he's fully capable as the man of the house."
10312,Patch Adams,en,1998-12-25,115,50000000.0,202292902.0,6.2953,7.317,3482,Released,"The true story of Dr. Hunter ""Patch"" Adams, who in the 1970s found that humor is the best medicine, and was willing to do just anything to make his patients laugh—even if it meant risking his own career."
644495,House of Gucci,en,2021-11-24,158,75000000.0,153235995.0,8.2749,6.559,3480,Released,"When Patrizia Reggiani, an outsider from humble beginnings, marries into the Gucci family, her unbridled ambition begins to unravel the family legacy and triggers a reckless spiral of betrayal, decadence, revenge, and ultimately… murder."
353616,Pitch Perfect 3,en,2017-12-20,93,45000000.0,185400345.0,6.0638,6.506,3477,Released,"After the highs of winning the world championships, the Bellas find themselves split apart and discovering there aren't job prospects for making music with your mouth. But when they get the chance to reunite for an overseas USO tour, this group of awesome nerds will come together to make some music, and some questionable decisions, one last time."
274167,Daddy's Home,en,2015-12-25,96,50000000.0,242786137.0,10.4675,6.293,3475,Released,"The story of a mild-mannered radio executive who strives to become the best stepdad ever to his wife's two children, but complications ensue when their freewheeling, freeloading real father arrives, forcing stepdad to compete for the affection of the kids."
841,Dune,en,1984-12-14,136,40000000.0,31502434.0,13.7372,6.188,3474,Released,"In the year 10,191, the most precious substance in the universe is the spice Melange. The spice extends life. The spice expands consciousness. The spice is vital to space travel.  The spice exists on only one planet in the entire universe, the vast desert planet Arrakis, also known as Dune.  Its native inhabitants, the Fremen, have long held a prophecy that a man would come, a messiah who would lead them to true freedom."
462919,Sierra Burgess Is a Loser,en,2018-09-07,105,0.0,0.0,2.9013,6.282,3468,Released,A case of mistaken identity results in unexpected romance when the most popular girl in high school and the biggest loser must come together to win over their crushes.
15969,The Return of Jafar,en,1994-12-15,69,3500000.0,0.0,6.1523,6.236,3468,Released,"The evil Jafar escapes from the magic lamp as an all-powerful genie, ready to plot his revenge against Aladdin. From battling elusive villains atop winged horses, to dodging flames inside an exploding lava pit, it's up to Aladdin - with Princess Jasmine and the outrageously funny Genie by his side - to save the kingdom once and for all."
157433,Pet Sematary,en,2019-04-04,101,21000000.0,113118226.0,7.6365,5.744,3464,Released,"Dr. Louis Creed and his wife, Rachel, move from Boston to Ludlow, in rural Maine, with their two young children. Hidden in the woods near the new family home, Ellie, their eldest daughter, discovers a mysterious cemetery where the pets of community members are buried."
6557,27 Dresses,en,2008-01-10,111,30000000.0,160300000.0,10.7655,6.454,3463,Released,Altruistic Jane finds herself facing her worst nightmare as her younger sister announces her engagement to the man Jane secretly adores.
762441,A Quiet Place: Day One,en,2024-06-26,100,67000000.0,261907653.0,15.2901,6.646,3460,Released,"As New York City is invaded by alien creatures who hunt by sound, a woman named Sam fights to survive with her cat."
449443,Den of Thieves,en,2018-01-18,140,30000000.0,80509622.0,11.3059,6.871,3460,Released,A gritty crime saga which follows the lives of an elite unit of the LA County Sheriff's Dept. and the state's most successful bank robbery crew as the outlaws plan a seemingly impossible heist on the Federal Reserve Bank.
100042,Dumb and Dumber To,en,2014-11-12,110,40000000.0,169837010.0,8.7497,5.6,3459,Released,"20 years since their first adventure, Lloyd and Harry go on a road trip to find Harry's newly discovered daughter, who was given up for adoption."
12133,Step Brothers,en,2008-07-25,98,65000000.0,128100000.0,9.3456,6.561,3455,Released,"Brennan Huff and Dale Doback might be grown men. But that doesn't stop them from living at home and turning into jealous, competitive stepbrothers when their single parents marry. Brennan's constant competition with Dale strains his mom's marriage to Dale's dad, leaving everyone to wonder whether they'll ever see eye to eye."
76025,Shame,en,2011-10-02,102,6500000.0,3909002.0,9.8098,6.935,3454,Released,"Brandon, a thirty-something man living in New York, eludes intimacy with women but feeds his deepest desires with a compulsive addiction to sex. When his younger sister temporarily moves into his apartment, stirring up bitter memories of their shared painful past, Brandon's life, like his fragile mind, gets out of control."
1542,Office Space,en,1999-02-19,90,10000000.0,12800000.0,8.547,7.381,3454,Released,"A depressed white-collar worker tries hypnotherapy, only to find himself in a perpetual state of devil-may-care bliss that prompts him to start living by his own rules, and hatch a hapless attempt to embezzle money from his soul-killing employers."
18487,The Taking of Pelham 1 2 3,en,2009-06-10,106,100000000.0,150166126.0,5.7496,6.362,3449,Released,"Armed men hijack a New York City subway train, holding the passengers hostage in return for a ransom, and turning an ordinary day's work for dispatcher Walter Garber into a face-off with the mastermind behind the crime."
470,21 Grams,en,2003-11-18,124,20000000.0,60427839.0,6.7435,7.315,3443,Released,"Paul Rivers, an ailing mathematician lovelessly married to an English émigré; Christina Peck, an upper-middle-class suburban housewife and mother of two girls; and Jack Jordan, a born-again ex-con, are brought together by a terrible accident that changes their lives."
3034,Young Frankenstein,en,1974-12-15,106,2800000.0,86273333.0,6.2512,7.853,3441,Released,"A young neurosurgeon inherits the castle of his grandfather, the famous Dr. Victor von Frankenstein. In the castle he finds a funny hunchback, a pretty lab assistant and the elderly housekeeper. Young Frankenstein believes that the work of his grandfather was delusional, but when he discovers the book where the mad doctor described his reanimation experiment, he suddenly changes his mind."
674324,The Banshees of Inisherin,en,2022-10-20,114,20000000.0,49300000.0,8.8953,7.463,3438,Released,"Two lifelong friends find themselves at an impasse when one abruptly ends their relationship, with alarming consequences for both of them."
393519,Raw,fr,2017-03-10,98,3500000.0,4100000.0,4.6728,7.025,3438,Released,"Stringent vegetarian Justine encounters a decadent, merciless, and dangerously seductive world during her first week at veterinary school. Desperate to fit in, she strays from her principles and eats raw meat for the first time. She soon experiences terrible and unexpected consequences as her true self begins to emerge."
9476,A Knight's Tale,en,2001-05-11,133,65000000.0,117487473.0,10.5536,6.885,3438,Released,"William Thatcher, a knight's peasant apprentice, gets a chance at glory when the knight dies suddenly mid-tournament. Posing as a knight himself, William won't stop until he's crowned tournament champion—assuming matters of the heart don't get in the way."
11130,The Princess Diaries 2: Royal Engagement,en,2004-08-06,113,40000000.0,134734481.0,10.4659,6.713,3434,Released,"Mia Thermopolis is now a college graduate and on her way to Genovia to take up her duties as princess. Accompanied by her friend Lilly, Mia continues her 'princess lessons', like riding horses side-saddle and archery. But her already complicated life is turned upside down once again when she learns that she is to take the crown as queen earlier than expected, all while she meets a mysteriously charming young man."
8055,The Reader,en,2008-12-10,124,32000000.0,108902486.0,13.3709,7.464,3434,Released,"The story of Michael Berg, a German lawyer who, as a teenager in the late 1950s, had an affair with an older woman, Hanna, who then disappeared only to resurface years later as one of the defendants in a war crimes trial stemming from her actions as a concentration camp guard late in the war. He alone realizes that Hanna is illiterate and may be concealing that fact at the expense of her freedom."
968,Dog Day Afternoon,en,1975-09-21,125,1800000.0,56665856.0,6.8245,7.851,3432,Released,"Based on the true story of would-be Brooklyn bank robbers John Wojtowicz and Salvatore Naturile. Sonny and Sal attempt a bank heist which quickly turns sour and escalates into a hostage situation and stand-off with the police. As Sonny's motives for the robbery are slowly revealed and things become more complicated, the heist turns into a media circus."
501929,The Mitchells vs. the Machines,en,2021-04-22,110,75000000.0,0.0,11.6238,7.832,3429,Released,"A quirky, dysfunctional family's road trip is upended when they find themselves in the middle of the robot apocalypse and suddenly become humanity's unlikeliest last hope."
597208,Nightmare Alley,en,2021-12-02,151,60000000.0,39629195.0,6.9547,6.944,3427,Released,An ambitious carnival man with a talent for manipulating people with a few well-chosen words hooks up with a female psychologist who is even more dangerous than he is.
511987,Crawl,en,2019-07-10,87,13500000.0,91542097.0,9.5974,6.327,3426,Released,"When a huge hurricane hits her hometown in Florida, Haley ignores evacuation orders to look for her father. After finding him badly wounded, both are trapped by the flood. With virtually no time to escape the storm, they discover that rising water levels are the least of their problems."
76649,Pompeii,en,2014-02-18,105,100000000.0,117831631.0,6.8871,5.55,3426,Released,"In 79 A.D., Milo, a slave turned gladiator, finds himself in a race against time to save his true love Cassia, the beautiful daughter of a wealthy merchant who has been unwillingly betrothed to a corrupt Roman Senator. As Mount Vesuvius erupts in a torrent of blazing lava, Milo must fight his way out of the arena in order to save his beloved as the once magnificent Pompeii crumbles around him."
6978,Big Trouble in Little China,en,1986-05-30,100,25000000.0,11102672.0,9.0934,7.215,3426,Released,"Truck driver Jack Burton gets embroiled in a supernatural battle when his best friend Wang Chi's green-eyed fiancée is kidnapped by henchmen of the sorcerer Lo Pan, who must marry a girl with green eyes in order to return to the human realm."
1904,Memoirs of a Geisha,en,2005-12-06,146,85000000.0,162242962.0,6.6438,7.637,3424,Released,"In the years before World War II, a penniless Japanese child is torn from her family to work as a maid in a geisha house."
149870,The Wind Rises,ja,2013-07-20,126,30000000.0,117932401.0,7.4842,7.787,3423,Released,"A lifelong love of flight inspires Japanese aviation engineer Jiro Horikoshi, whose storied career includes the creation of the A-6M World War II fighter plane."
1242898,Predator: Badlands,en,2025-11-05,107,105000000.0,184500000.0,37.2378,7.825,3422,Released,"Cast out from his clan, a young Predator finds an unlikely ally in a damaged android and embarks on a treacherous journey in search of the ultimate adversary."
581734,Nomadland,en,2021-01-29,108,5000000.0,39458207.0,5.5308,7.161,3421,Released,"A woman in her sixties embarks on a journey through the western United States after losing everything in the Great Recession, living as a van-dwelling modern-day nomad."
9334,The Scorpion King,en,2002-04-18,92,60000000.0,165333180.0,13.5978,5.59,3421,Released,"In ancient Egypt, peasant Mathayus is hired to exact revenge on the powerful Memnon and the sorceress Cassandra, who are ready to overtake Balthazar's village. Amid betrayals, thieves, abductions and more, Mathayus strives to bring justice to his complicated world."
657,From Russia with Love,en,1963-10-10,115,2000000.0,78900000.0,9.6269,7.063,3421,Released,"Agent 007 is back in the second installment of the James Bond series, this time battling a secret crime organization known as SPECTRE. Russians Rosa Klebb and Kronsteen are out to snatch a decoding device known as the Lektor, using the ravishing Tatiana to lure Bond into helping them. Bond willingly travels to meet Tatiana in Istanbul, where he must rely on his wits to escape with his life in a series of deadly encounters with the enemy."
285783,The Walk,en,2015-09-30,123,35000000.0,61181942.0,8.3479,6.987,3418,Released,The story of French high-wire artist Philippe Petit's attempt to cross the Twin Towers of the World Trade Center in 1974.
10585,Child's Play,en,1988-11-09,87,9000000.0,44196684.0,11.8262,6.8,3418,Released,"After being shot in a toy store, a serial killer transfers his soul into a Good Guy doll. A mother then gifts it to her 6-year-old son Andy, which unleashes terror upon the city."
9792,The Hills Have Eyes,en,2006-03-10,107,15000000.0,69623713.0,10.1128,6.481,3414,Released,"Based on Wes Craven's 1977 suspenseful cult classic, The Hills Have Eyes is the story of a family road trip that goes terrifyingly awry when the travelers become stranded in a government atomic zone. Miles from nowhere, the Carter family soon realizes the seemingly uninhabited wasteland is actually the breeding ground of a blood-thirsty mutant family...and they are the prey."
11247,A Cinderella Story,en,2004-07-16,95,19000000.0,70067909.0,10.5117,6.594,3411,Released,"Routinely exploited by her wicked stepmother, the downtrodden Samantha Montgomery is excited about the prospect of meeting her Internet beau at the school's Halloween dance."
573435,Bad Boys: Ride or Die,en,2024-06-05,116,100000000.0,404547819.0,17.5634,7.316,3409,Released,"After their late former Captain is framed, Lowrey and Burnett try to clear his name, only to end up on the run themselves."
555604,Guillermo del Toro's Pinocchio,en,2022-11-09,117,35000000.0,0.0,8.5556,8.003,3409,Released,"During the rise of fascism in Mussolini's Italy, a wooden boy brought magically to life struggles to live up to his father's expectations."
35690,The Last Song,en,2010-03-31,107,20000000.0,89137047.0,4.0151,7.229,3409,Released,"A drama centered on a rebellious girl who is sent to a Southern beach town for the summer to stay with her father. Through their mutual love of music, the estranged duo learn to reconnect."
10066,House of Wax,en,2005-05-05,113,40000000.0,68766121.0,14.337,6.038,3407,Released,A group of unwitting teens are stranded near a strange wax museum and soon must fight to survive and keep from becoming the next exhibit.
9614,Happy Gilmore,en,1996-02-16,92,12000000.0,41422354.0,12.1627,6.678,3407,Released,"Failed hockey player-turned-golf whiz Happy Gilmore — whose unconventional approach and antics on the green courts the ire of rival Shooter McGavin — is determined to win a PGA tournament so he can save his granny's house with the prize money. Meanwhile, an attractive tour publicist tries to soften Happy's image."
556984,The Trial of the Chicago 7,en,2020-09-25,130,35000000.0,107423.0,5.8489,7.657,3402,Released,What was supposed to be a peaceful protest turned into a violent clash with the police. What followed was one of the most notorious trials in history.
4488,Friday the 13th,en,1980-05-09,95,550000.0,39925100.0,9.0814,6.401,3401,Released,Camp counselors are stalked and murdered by an unknown assailant while trying to reopen a summer camp that was the site of a child's drowning.
622,The Ninth Gate,en,1999-08-25,133,38000000.0,58401898.0,11.0075,6.495,3399,Released,"A rare book dealer finds himself at the heart of a string of paranormal events when he is hired to find the last two copies of a text, The Nine Gates of the Kingdom of Shadows, capable of summoning the Devil."
490,The Seventh Seal,sv,1957-02-16,96,150000.0,311212.0,7.366,8.142,3398,Released,"When disillusioned Swedish knight Antonius Block returns home from the Crusades to find his country in the grips of the Black Death, he challenges Death to a chess match for his life. Tormented by the belief that God does not exist, Block sets off on a journey, meeting up with traveling players Jof and his wife, Mia, and becoming determined to evade Death long enough to commit one redemptive act while he still lives."
180863,T2 Trainspotting,en,2017-01-27,117,18000000.0,41681746.0,5.1903,6.934,3396,Released,"After 20 years abroad, Mark Renton returns to Scotland and reunites with his old friends Sick Boy, Spud and Begbie."
609,Poltergeist,en,1982-06-04,114,10700000.0,121733131.0,6.8276,7.2,3389,Released,"The Freelings' suburban home becomes the center of paranormal activity that opens a portal to the 'other side'. With help, they must cross over to get their daughter back."
915935,Anatomy of a Fall,fr,2023-08-23,151,6600000.0,36000000.0,16.1359,7.515,3387,Released,"A woman is suspected of her husband's murder, and their blind son faces a moral dilemma as the sole witness."
8656,Deep Impact,en,1998-05-08,122,75000000.0,349464664.0,15.4224,6.242,3386,Released,"A seven-mile-wide space rock is hurtling toward Earth, threatening to obliterate the planet. Now, it's up to the president of the United States to save the world. He appoints a tough-as-nails veteran astronaut to lead a joint American-Russian crew into space to destroy the comet before impact. Meanwhile, an enterprising reporter uses her smarts to uncover the scoop of the century."
8413,Event Horizon,en,1997-08-15,96,60000000.0,26700000.0,13.1785,6.595,3386,Released,"In 2047, a group of astronauts are sent to investigate and salvage the starship Event Horizon which disappeared mysteriously seven years before on its maiden voyage. However, it soon becomes evident that something sinister resides in its corridors."
12113,Body of Lies,en,2008-10-09,128,70000000.0,113280098.0,7.2999,6.634,3382,Released,"The CIA’s hunt is on for the mastermind of a wave of terrorist attacks. Roger Ferris is the agency’s man on the ground, moving from place to place, scrambling to stay ahead of ever-shifting events. An eye in the sky – a satellite link – watches Ferris.  At the other end of that real-time link is the CIA’s Ed Hoffman, strategizing events from thousands of miles away. And as Ferris nears the target, he discovers trust can be just as dangerous as it is necessary for survival."
9354,"Honey, I Shrunk the Kids",en,1989-06-23,93,18000000.0,222724172.0,7.909,6.332,3381,Released,The scientist father of a teenage girl and boy accidentally shrinks his and two other neighborhood teens to the size of insects. Now the teens must fight diminutive dangers as the father searches for them.
440,Aliens vs Predator: Requiem,en,2007-12-25,94,40000000.0,130290885.0,16.034,5.163,3381,Released,"After a horrifying PredAlien crash-lands near a small Colorado town, killing everyone it encounters and producing countless Alien offspring, a lone Predator arrives to ""clean up"" the infestation."
516486,Greyhound,en,2020-07-09,92,50300000.0,0.0,11.5393,7.414,3380,Released,"A first-time captain leads a convoy of allied ships carrying thousands of soldiers across the treacherous waters of the ""Black Pit"" to the front lines of WWII. With no air cover protection for 5 days, the captain and his convoy must battle the surrounding enemy Nazi U-boats in order to give the allies a chance to win the war."
82633,Lawless,en,2012-08-29,115,26000000.0,55404207.0,6.7482,7.07,3380,Released,"In 1931, the Bondurant brothers of Franklin County, Virginia, run a multipurpose backwoods establishment that hides their true business — bootlegging. Middle brother Forrest is the brain of the operation; older Howard is the brawn, and younger Jack, the lookout. Though the local police have taken bribes and left the brothers alone, a violent war erupts when a sadistic lawman from Chicago arrives and tries to shut down the Bondurants operation."
46738,Incendies,fr,2010-09-17,131,6800000.0,6788659.0,13.2047,8.108,3380,Released,"A mother's last wishes send twins Jeanne and Simon on a journey to Middle East in search of their tangled roots. Adapted from Wajdi Mouawad's acclaimed play, Incendies tells the powerful and moving tale of two young adults' voyage to the core of deep-rooted hatred, never-ending wars and enduring love."
939243,Sonic the Hedgehog 3,en,2024-12-19,110,122000000.0,492162604.0,26.927,7.606,3379,Released,"Sonic, Knuckles, and Tails reunite against a powerful new adversary, Shadow, a mysterious villain with powers unlike anything they have faced before. With their abilities outmatched in every way, Team Sonic must seek out an unlikely alliance in hopes of stopping Shadow and protecting the planet."
913290,Barbarian,en,2022-09-08,103,4500000.0,45400000.0,11.0905,6.873,3378,Released,"In town for a job interview, a young woman arrives at her Airbnb late at night only to find that it has been mistakenly double-booked and a strange man is already staying there. Against her better judgement, she decides to stay the night anyway."
259694,How to Be Single,en,2016-02-08,110,38000000.0,112343513.0,5.4548,6.255,3376,Released,"New York City is full of lonely hearts seeking the right match, and what Alice, Robin, Lucy, Meg, Tom and David all have in common is the need to learn how to be single in a world filled with ever-evolving definitions of love."
412117,The Secret Life of Pets 2,en,2019-05-24,86,80000000.0,429434163.0,14.6768,6.952,3375,Released,"Max the terrier must cope with some major life changes when his owner gets married and has a baby. When the family takes a trip to the countryside, nervous Max has numerous run-ins with canine-intolerant cows, hostile foxes and a scary turkey. Luckily for Max, he soon catches a break when he meets Rooster, a gruff farm dog who tries to cure the lovable pooch of his neuroses."
9772,Air Force One,en,1997-07-25,124,85000000.0,315200000.0,9.1214,6.467,3370,Released,"When Russian neo-nationalists hijack Air Force One, the world's most secure and extraordinary aircraft, the President is faced with a nearly impossible decision to give in to terrorist demands or sacrifice not only the country's dignity, but the lives of his wife and daughter."
8967,The Tree of Life,en,2011-05-17,139,32000000.0,54700000.0,6.727,6.718,3370,Released,"The impressionistic story of a Texas family in the 1950s. The film follows the life journey of the eldest son, Jack, through the innocence of childhood to his disillusioned adult years as he tries to reconcile a complicated relationship with his father. Jack finds himself a lost soul in the modern world, seeking answers to the origins and meaning of life while questioning the existence of faith."
979,Irreversible,fr,2002-05-22,93,3500000.0,6500000.0,13.542,7.174,3369,Released,A woman’s lover and her ex-boyfriend take justice into their own hands after she becomes the victim of a rapist. Because some acts can’t be undone. Because man is an animal. Because the desire for vengeance is a natural impulse. Because most crimes remain unpunished.
43949,Flipped,en,2010-08-06,89,14000000.0,4324817.0,10.4387,8.0,3368,Released,"When Juli meets Bryce in the second grade, she knows it's true love. After spending six years trying to convince Bryce the same, she's ready to give up - until he starts to reconsider."
818647,Through My Window,es,2022-02-04,112,0.0,0.0,9.5896,7.349,3364,Released,"Raquel's longtime crush on her next-door neighbor turns into something more when he starts developing feelings for her, despite his family's objections."
635744,Jarhead: Law of Return,en,2019-10-01,103,0.0,0.0,3.2184,6.527,3364,Released,"Major Ronan Jackson, an accomplished fighter pilot for the Israel Defense Forces and son of a U.S. Senator, is shot down while flying through Syrian airspace. After miraculously surviving the crash, Jackson is taken captive by a group of Hezbollah militiamen. A squad of elite soldiers, led by Gunnery Sergeant Dave Torres, risk their own lives in the hopes of saving an ally they've never met."
447277,The Little Mermaid,en,2023-05-18,135,297000000.0,569626289.0,14.6326,6.262,3363,Released,"The youngest of King Triton’s daughters, and the most defiant, Ariel longs to find out more about the world beyond the sea, and while visiting the surface, falls for the dashing Prince Eric. With mermaids forbidden to interact with humans, Ariel makes a deal with the evil sea witch, Ursula, which gives her a chance to experience life on land, but ultimately places her life – and her father’s crown – in jeopardy."
13809,RocknRolla,en,2008-09-04,114,18000000.0,25740863.0,5.5505,6.948,3362,Released,"When a Russian mobster sets up a real estate scam that generates millions of pounds, various members of London's criminal underworld pursue their share of the fortune. Various shady characters, including Mr One-Two, Stella the accountant, and Johnny Quid, a druggie rock-star, try to claim their slice."
8741,The Thin Red Line,en,1998-12-23,171,52000000.0,98126565.0,7.6153,7.441,3362,Released,"The story of a group of men, an Army Rifle company called C-for-Charlie, who change, suffer, and ultimately make essential discoveries about themselves during the fierce World War II battle of Guadalcanal. It follows their journey, from the surprise of an unopposed landing, through the bloody and exhausting battles that follow, to the ultimate departure of those who survived."
68722,The Master,en,2012-09-14,137,32000000.0,28258060.0,8.2199,7.093,3361,Released,"Freddie, a volatile, heavy-drinking veteran who suffers from post-traumatic stress disorder, finds some semblance of a family when he stumbles onto the ship of Lancaster Dodd, the charismatic leader of a new ""religion"" he forms after World War II."
68730,Silence,en,2016-12-23,161,46000000.0,23834809.0,8.3269,7.118,3358,Released,"In the 17th century, two Portuguese Jesuit priests travel to Japan in an attempt to locate their mentor, who is rumored to have committed apostasy, and to propagate Catholicism."
378236,The Emoji Movie,en,2017-07-23,86,50000.0,216.0,9.9229,5.4,3356,Released,"Gene, a multi-expressional emoji, sets out on a journey to become a normal emoji."
228205,The Longest Ride,en,2015-04-09,128,34000000.0,63013281.0,6.4258,7.635,3355,Released,The lives of a young couple intertwine with a much older man as he reflects back on a lost love while he's trapped in an automobile crash.
109421,Side Effects,en,2013-02-07,106,30000000.0,63414135.0,4.6148,6.613,3355,Released,A woman turns to prescription medication as a way of handling her anxiety concerning her husband's upcoming release from prison.
2758,Addams Family Values,en,1993-11-19,94,47000000.0,48919043.0,8.9791,6.976,3355,Released,"Siblings Wednesday and Pugsley Addams will stop at nothing to get rid of Pubert, the new baby boy adored by parents Gomez and Morticia. Things go from bad to worse when the new ""black widow"" nanny, Debbie Jellinsky, launches her plan to add Fester to her collection of dead husbands."
8922,Jeepers Creepers,en,2001-07-01,90,10000000.0,59217789.0,10.2177,6.486,3354,Released,"On a desolate country highway, two homeward-bound teens are nearly run off the road by a maniac in a beat-up truck, and later spot him shoving what appears to be a body down a sewer pipe."
192,The Name of the Rose,en,1986-09-24,130,18000000.0,77200000.0,6.701,7.495,3354,Released,"14th-century Franciscan monk William of Baskerville and his young novice arrive at a conference to find that several monks have been murdered under mysterious circumstances. To solve the crimes, William must rise up against the Church's authority and fight the shadowy conspiracy of monastery monks using only his intelligence; which is considerable."
9029,What Happens in Vegas,en,2008-05-07,99,35000000.0,219400000.0,6.266,6.119,3353,Released,"During a wild vacation in Las Vegas, career woman Joy McNally and playboy Jack Fuller come to the sober realization that they have married each other after a night of drunken abandon. They are then compelled, for legal reasons, to live life as a couple for a limited period of time. At stake is a large amount of money."
756,Fantasia,en,1940-11-13,124,2280000.0,76411819.0,6.3883,7.345,3353,Released,"Walt Disney's timeless masterpiece is an extravaganza of sight and sound! See the music come to life, hear the pictures burst into song and experience the excitement that is Fantasia over and over again."
41439,Saw 3D,en,2010-10-22,90,17000000.0,136151680.0,13.3235,5.977,3349,Released,"As a deadly battle rages over Jigsaw's brutal legacy, a group of Jigsaw survivors gathers to seek the support of self-help guru and fellow survivor Bobby Dagen, a man whose own dark secrets unleash a new wave of terror."
7214,Coach Carter,en,2005-01-14,136,30000000.0,76669554.0,9.0055,7.6,3346,Released,"Based on a true story, in which Richmond High School head basketball coach Ken Carter made headlines in 1999 for benching his undefeated team due to poor academic results."
1226863,The Super Mario Galaxy Movie,en,2026-04-01,98,110000000.0,1011157101.0,97.121,8.261,3343,Released,"Having thwarted Bowser's previous plot to marry Princess Peach, Mario and Luigi now face a fresh threat in Bowser Jr., who is determined to liberate his father from captivity and restore the family legacy. Alongside companions new and old, the brothers travel across the stars to stop the young heir's crusade."
543540,The Perfect Date,en,2019-04-12,90,0.0,0.0,4.2467,6.427,3339,Released,"No beau? No problem! To earn money for college, a high schooler creates a dating app that lets him act as a stand-in boyfriend."
10439,Hocus Pocus,en,1993-07-16,96,28000000.0,51663767.0,10.3854,7.039,3339,Released,"After 300 years of slumber, three sister witches are accidentally resurrected in Salem on Halloween night, and it is up to three kids and their newfound feline friend to put an end to the witches' reign of terror once and for all."
179144,The Great Beauty,it,2013-05-21,142,9200000.0,24930592.0,4.7001,7.503,3338,Released,"Jep Gambardella has seduced his way through the lavish nightlife of Rome for decades, but after his 65th birthday and a shock from the past, Jep looks past the nightclubs and parties to find a timeless landscape of absurd, exquisite beauty."
9655,She's the Man,en,2006-03-17,105,20000000.0,57194667.0,13.4058,6.81,3336,Released,"Viola Hastings is in a real jam. Complications threaten her scheme to pose as her twin brother, Sebastian, and take his place at a new boarding school. She falls in love with her handsome roommate, Duke, who loves beautiful Olivia, who has fallen for Sebastian! As if that were not enough, Viola's twin returns from London ahead of schedule but has no idea that his sister has already replaced him on campus."
49730,Red Riding Hood,en,2011-03-10,100,42000000.0,89162162.0,6.793,5.974,3335,Released,"Valerie is in love with a brooding outsider, Peter, but her parents have arranged for her to marry another man. Unwilling to lose each other, Valerie and Peter plan to run away together when Valerie's older sister is killed by a werewolf that prowls the dark forest surrounding their village. Panic grips the town as Valerie discovers that she has a unique connection to the beast--one that inexorably draws them together, making her both suspect ... and bait."
1738,Next,en,2007-04-25,96,70000000.0,76066841.0,8.6458,6.135,3335,Released,"Las Vegas showroom magician Cris Johnson has a secret which torments him: he can see a few minutes into the future. Sick of the examinations he underwent as a child and the interest of the government and medical establishment in his power, he lies low under an assumed name in Vegas, performing cheap tricks and living off small-time gambling ""winnings."" But when a terrorist group threatens to detonate a nuclear device in Los Angeles, government agent Callie Ferris must use all her wiles to capture Cris and convince him to help her stop the cataclysm."
9471,Charlie's Angels: Full Throttle,en,2003-06-25,106,120000000.0,259175788.0,9.529,5.486,3333,Released,"The Angels are charged with finding a pair of missing rings that are encoded with the personal information of members of the Witness Protection Program. As informants are killed, the ladies target a rogue agent who might be responsible."
238615,Self/less,en,2015-07-10,117,26000000.0,31807156.0,13.9901,6.423,3332,Released,An extremely wealthy elderly man dying from cancer undergoes a radical medical procedure that transfers his consciousness to the body of a healthy young man but everything may not be as good as it seems when he starts to uncover the mystery of the body's origins and the secret organization that will kill to keep its secrets.
3597,I Know What You Did Last Summer,en,1997-10-17,102,17000000.0,125586134.0,8.6794,6.005,3331,Released,"After an accident on a winding road, four teens make the fatal mistake of dumping their victim's body into the sea. Exactly one year later, the deadly secret resurfaces as they're stalked by a hook-handed figure."
726209,Leave the World Behind,en,2023-11-22,140,0.0,0.0,10.4562,6.382,3329,Released,A family's getaway to a luxurious rental home takes an ominous turn when a cyberattack knocks out their devices—and two strangers appear at their door.
249070,Hitman: Agent 47,en,2015-08-20,96,35000000.0,81967450.0,7.3365,5.903,3329,Released,An assassin teams up with a woman to help her find her father and uncover the mysteries of her ancestry.
3050,Doctor Dolittle,en,1998-06-26,85,71000000.0,294500000.0,7.7117,5.727,3329,Released,"A successful physician and devoted family man, John Dolittle seems to have the world by the tail, until a long suppressed talent he possessed as a child, the ability to communicate with animals is suddenly reawakened with a vengeance! Now every creature within squawking distance wants the good doctor's advice, unleashing an outrageous chain of events that turns his world upside down!"
9714,Home Alone 3,en,1997-12-12,102,32000000.0,79082515.0,12.9845,5.3,3326,Released,"9-year-old Alex Pruitt is home alone with the chicken pox. Turns out, due to a mix-up among nefarious spies, Alex was given a toy car concealing a top-secret microchip. Now Alex must fend off the spies as they try to break into his house to get it back."
975,Paths of Glory,en,1957-10-25,88,935000.0,1200000.0,8.1531,8.252,3326,Released,A commanding officer defends three scapegoats on trial for a failed offensive that occurred within the French Army in 1916.
36643,The World Is Not Enough,en,1999-11-17,128,135000000.0,361832400.0,9.4561,6.292,3319,Released,"Greed, revenge, world dominance and high-tech terrorism – it's all in a day's work for Bond, who's on a mission to protect a beautiful oil heiress from a notorious terrorist. In a race against time that culminates in a dramatic submarine showdown, Bond works to defuse the international power struggle that has the world's oil supply hanging in the balance."
13310,Let the Right One In,sv,2008-10-24,115,4000000.0,10785801.0,5.6414,7.542,3317,Released,"When Oskar, a sensitive, bullied 12-year-old boy, meets his new neighbor, the mysterious and moody Eli, they strike up a friendship. Initially reserved with each other, Oskar and Eli slowly form a close bond, but it soon becomes apparent that she is no ordinary young girl."
843,In the Mood for Love,cn,2000-09-29,99,3000000.0,15867968.0,12.9577,8.085,3316,Released,"In 1960s Hong Kong, two neighbors form an intimate bond after making a discovery about their spouses in this visually stunning tale of unrequited love."
119283,Parker,en,2013-01-23,118,35000000.0,46216641.0,6.5495,6.093,3314,Released,"A thief with a unique code of professional ethics is double-crossed by his crew and left for dead. Assuming a new disguise and forming an unlikely alliance with a woman on the inside, he looks to hijack the score of the crew's latest heist."
9355,Mad Max Beyond Thunderdome,en,1985-06-29,107,10000000.0,36230219.0,8.6,6.228,3311,Released,"Mad Max becomes a pawn in a decadent oasis of a technological society, and when exiled, becomes the deliverer of a colony of children."
1064213,Anora,en,2024-10-14,139,6000000.0,56286295.0,21.8916,7.074,3309,Released,"A young sex worker from Brooklyn gets her chance at a Cinderella story when she meets and impulsively marries the son of an oligarch. Once the news reaches Russia, her fairytale is threatened as his parents set out to get the marriage annulled."
38408,Life As We Know It,en,2010-10-02,114,38000000.0,105734416.0,4.8088,6.894,3307,Released,"After a disastrous first date for caterer Holly and network sports director Messer, all they have in common is a dislike for each other and their love for their goddaughter Sophie. But when they suddenly become all Sophie has in this world, Holly and Messer must set their differences aside. Juggling careers and social calendars, they'll have to find common ground while living under the same roof."
943,Lethal Weapon 3,en,1992-05-15,118,35000000.0,321731527.0,8.0087,6.729,3306,Released,Riggs and Murtaugh pursue a former officer who uses his knowledge of police procedure and policies to steal and sell confiscated guns and ammunition to local street gangs.
62764,Mirror Mirror,en,2012-03-15,106,85000000.0,183018522.0,6.8685,5.92,3305,Released,"After she spends all her money, an evil enchantress queen schemes to marry a handsome, wealthy prince. There's just one problem - he's in love with a beautiful princess, Snow White. Now, joined by seven rebellious dwarves, Snow White launches an epic battle of good vs. evil..."
284293,Still Alice,en,2014-12-05,101,5000000.0,44779195.0,6.3316,7.467,3303,Released,"Alice Howland, happily married with three grown children, is a renowned linguistics professor who starts to forget words. When she receives a devastating diagnosis, Alice and her family find their bonds tested."
519182,Despicable Me 4,en,2024-06-20,94,100000000.0,972021410.0,27.1502,6.978,3301,Released,"Gru and Lucy and their girls—Margo, Edith and Agnes—welcome a new member to the Gru family, Gru Jr., who is intent on tormenting his dad. Gru also faces a new nemesis in Maxime Le Mal and his femme fatale girlfriend Valentina, forcing the family to go on the run."
10022,The Pacifier,en,2005-03-04,95,56000000.0,198636868.0,9.1871,6.076,3302,Released,Navy SEAL Shane Wolfe is handed a new assignment: Protect the five Plummer kids from enemies of their recently deceased father -- a government scientist whose top-secret experiment remains hidden in the kids' house.
619,The Bodyguard,en,1992-11-25,129,25000000.0,411006740.0,9.9503,6.701,3295,Released,"A former Secret Service agent grudgingly takes an assignment to protect a pop idol who's threatened by a crazed fan. At first, the safety-obsessed bodyguard and the self-indulgent diva totally clash. But before long, all that tension sparks fireworks of another sort, and the love-averse tough guy is torn between duty and romance."
415842,American Assassin,en,2017-07-14,112,33000000.0,67200000.0,7.189,6.41,3291,Released,"Following the murder of his fiancée, Mitch Rapp trains under the instruction of Cold War veteran Stan Hurley. The pair then is enlisted to investigate a wave of apparently random attacks on military and civilian targets."
167073,Brooklyn,en,2015-10-20,111,11000000.0,62076141.0,5.9327,7.297,3291,Released,"In 1950s Ireland and New York, young Eilis Lacey has to choose between two men and two countries."
60935,The Thing,en,2011-10-12,103,35000000.0,31505287.0,8.5612,6.253,3287,Released,"When paleontologist Kate Lloyd travels to an isolated outpost in Antarctica for the expedition of a lifetime, she joins an international team that unearths a remarkable discovery. Their elation quickly turns to fear as they realize that their experiment has freed a mysterious being from its frozen prison. Paranoia spreads like an epidemic as a creature that can mimic anything it touches will pit human against human as it tries to survive and flourish in this spine-tingling thriller."
940721,Godzilla Minus One,ja,2023-11-03,125,15000000.0,113676322.0,14.8485,7.586,3286,Released,"In postwar Japan, Godzilla brings new devastation to an already scorched landscape. With no military intervention or government help in sight, the survivors must join together in the face of despair and fight back against an unrelenting horror."
10494,Perfect Blue,ja,1998-02-28,81,830442.0,2743097.0,19.0464,8.302,3277,Released,"Rising pop star Mima Kirigoe quits singing to pursue a career as an actress. After she takes up a role on a popular detective show, her handlers and collaborators begin turning up murdered. Harboring feelings of guilt and haunted by visions of her former self, Mima's reality and fantasy meld into a frenzied paranoia."
934433,Scream VI,en,2023-03-08,123,33000000.0,169063850.0,20.9834,6.936,3276,Released,"Following the latest Ghostface killings, the four survivors leave Woodsboro behind and start a fresh chapter."
491418,Instant Family,en,2018-11-13,118,48000000.0,121000000.0,10.3386,7.491,3273,Released,"When Pete and Ellie decide to start a family, they stumble into the world of foster care adoption. They hope to take in one small child but when they meet three siblings, including a rebellious 15 year old girl, they find themselves speeding from zero to three kids overnight."
2666,Dark City,en,1998-02-27,101,27000000.0,27200000.0,12.82,7.324,3268,Released,"A man struggles with memories of his past, including a wife he cannot remember, in a nightmarish world with no sun and run by beings with telekinetic powers who seek the souls of humans."
882569,Guy Ritchie's The Covenant,en,2023-04-19,123,55000000.0,21948551.0,14.1919,7.719,3266,Released,"After an ambush, Afghan interpreter Ahmed goes to Herculean lengths to save US Army Sergeant John Kinley's life. When Kinley learns that Ahmed and his family were not given safe passage to America as promised, he must return to the war zone and repay his debt."
15472,The Girl with the Dragon Tattoo,sv,2009-02-27,152,13000000.0,109421911.0,7.4841,7.532,3266,Released,"Swedish thriller based on Stieg Larsson's novel about a male journalist and a young female hacker. In the opening of the movie, Mikael Blomkvist, a middle-aged publisher for the magazine Millennium, loses a libel case brought by corrupt Swedish industrialist Hans-Erik Wennerström. Nevertheless, he is hired by Henrik Vanger in order to solve a cold case, the disappearance of Vanger's niece"
9470,Kung Fu Hustle,cn,2004-02-10,99,20000000.0,102034104.0,14.0945,7.508,3265,Released,"It's the 1940s, and the notorious Axe Gang terrorizes Shanghai. Small-time criminals Sing and Bone hope to join, but they only manage to make lots of very dangerous enemies. Fortunately for them, kung fu masters and hidden strength can be found in unlikely places. Now they just have to take on the entire Axe Gang."
61979,Three Steps Above Heaven,es,2010-12-03,122,0.0,0.0,11.4303,7.732,3257,Released,"Babi, a sheltered upper-class girl, and Hache, a reckless rebel obsessed with illegal motorcycle races, fall into a forbidden love that pulls them deeper into passion and risk."
11836,The SpongeBob SquarePants Movie,en,2004-11-19,87,30000000.0,141067890.0,16.5623,7.094,3256,Released,"There's trouble brewing in Bikini Bottom. Someone has stolen King Neptune's crown, and it looks like Mr. Krab, SpongeBob's boss, is the culprit. Though he's just been passed over for the promotion of his dreams, SpongeBob stands by his boss, and along with his best pal Patrick, sets out on a treacherous mission to Shell City to reclaim the crown and save Mr. Krab's life."
11283,Nanny McPhee,en,2005-10-21,97,25000000.0,123276807.0,9.2719,6.69,3255,Released,"Widower Cedric Brown hires Nanny McPhee to care for his seven rambunctious children, who have chased away all previous nannies. Taunted by Simon and his siblings, Nanny McPhee uses mystical powers to instill discipline. And when the children's great-aunt and benefactor, Lady Adelaide Stitch, threatens to separate the kids, the family pulls together under the guidance of Nanny McPhee."
1970,The Grudge,en,2004-10-22,92,10000000.0,183474602.0,8.8166,5.936,3247,Released,"An American nurse living and working in Tokyo is exposed to a mysterious supernatural curse, one that locks a person in a powerful rage before claiming their life and spreading to another victim."
1934,Shakespeare in Love,en,1998-12-11,124,25000000.0,289317794.0,5.8666,6.828,3247,Released,"Young William Shakespeare is forced to stage his latest comedy, 'Romeo and Ethel, the Pirate's Daughter', before it's even written. When lovely noblewoman Viola de Lesseps auditions for a role, they fall into forbidden love — and Shakespeare's play finds a new life (and title). As their relationship intensifies, the comedy soon transforms into tragedy."
525661,Bombshell,en,2019-12-13,109,32000000.0,61404394.0,6.5273,6.771,3238,Released,Bombshell is a revealing look inside the most powerful and controversial media empire of all time; and the explosive story of the women who brought down the infamous man who created it.
157547,Oculus,en,2014-04-03,104,5000000.0,44459951.0,4.9386,6.5,3237,Released,A woman tries to exonerate her brother's murder conviction by proving that the crime was committed by a supernatural phenomenon.
46838,Tucker and Dale vs. Evil,en,2010-01-22,89,5000000.0,5224938.0,8.593,7.402,3234,Released,"Two hillbillies are suspected of being killers by a group of paranoid college kids camping near the duo's West Virginian cabin. As the body count climbs, so does the fear and confusion as the college kids try to seek revenge against the pair."
822119,Captain America: Brave New World,en,2025-02-12,119,180000000.0,415101577.0,60.3616,6.0,3233,Released,"After meeting with newly elected U.S. President Thaddeus Ross, Sam finds himself in the middle of an international incident. He must discover the reason behind a nefarious global plot before the true mastermind has the entire world seeing red."
249397,Nymphomaniac: Vol. II,en,2013-12-25,124,2350000.0,4934725.0,14.4218,6.713,3230,Released,The continuation of Joe's sexually dictated life delves into the darker aspects of her adult life and what led to her being in Seligman's care.
3175,Barry Lyndon,en,1975-12-16,188,11000000.0,31500000.0,7.5645,7.993,3230,Released,"An Irish rogue uses his cunning and wit to work his way up the social classes of 18th century England, transforming himself from the humble Redmond Barry into the noble Barry Lyndon."
429351,12 Strong,en,2018-01-18,130,35000000.0,67450815.0,9.9659,6.369,3227,Released,A team of special forces head into Afghanistan in the aftermath of the September 11th attacks in an attempt to dismantle the Taliban.
51739,The Secret World of Arrietty,ja,2010-07-16,94,23000000.0,149660003.0,9.7024,7.673,3227,Released,"14-year-old Arrietty and the rest of the Clock family live in peaceful anonymity as they make their own home from items ""borrowed"" from the house's human inhabitants. However, life changes for the Clocks when a human boy discovers Arrietty."
758323,The Pope's Exorcist,en,2023-04-05,103,18000000.0,76987621.0,8.901,6.92,3226,Released,"Father Gabriele Amorth, Chief Exorcist of the Vatican, investigates a young boy's terrifying possession and ends up uncovering a centuries-old conspiracy the Vatican has desperately tried to keep hidden."
10734,Escape from Alcatraz,en,1979-06-22,113,8000000.0,43004381.0,7.2762,7.5,3224,Released,"San Francisco Bay, January 18, 1960. Frank Lee Morris is transferred to Alcatraz, a maximum security prison located on a rocky island. Although no one has ever managed to escape from there, Frank and other inmates begin to carefully prepare an escape plan."
59108,Tower Heist,en,2011-11-02,104,75000000.0,152930623.0,7.3685,6.12,3223,Released,"A luxury condo manager leads a staff of workers to seek payback on the Wall Street swindler who defrauded them. With only days until the billionaire gets away with the perfect crime, the unlikely crew of amateur thieves enlists the help of petty crook Slide to steal the $20 million they’re sure is hidden in the penthouse."
7840,"10,000 BC",en,2008-03-04,109,105000000.0,269784201.0,10.8815,5.509,3221,Released,A prehistoric epic that follows a young mammoth hunter's journey through uncharted territory to secure the future of his tribe.
11906,Suspiria,it,1977-02-01,99,0.0,2900000.0,5.0572,7.468,3219,Released,An American newcomer to a prestigious German ballet academy comes to realize that the school is a front for something sinister amid a series of grisly murders.
205,Hotel Rwanda,en,2004-12-22,122,17500000.0,38000000.0,6.4618,7.716,3219,Released,"Inspired by true events, this film takes place in Rwanda in the 1990s when more than a million Tutsis were killed in a genocide that went mostly unnoticed by the rest of the world. Hotel owner Paul Rusesabagina houses over a thousand refuges in his hotel in attempt to save their lives."
25,Jarhead,en,2005-11-04,123,72000000.0,97076152.0,7.0823,6.687,3218,Released,"Jarhead is a film about a US Marine Anthony Swofford’s experience in the Gulf War. After putting up with an arduous boot camp, Swofford and his unit are sent to the Persian Gulf where they are eager to fight, but are forced to stay back from the action. Swofford struggles with the possibility of his girlfriend cheating on him, and as his mental state deteriorates, his desire to kill increases."
917496,Beetlejuice Beetlejuice,en,2024-09-04,105,99000000.0,452000435.0,18.6408,6.927,3217,Released,"After a family tragedy, three generations of the Deetz family return home to Winter River. Still haunted by Betelgeuse, Lydia's life is turned upside down when her teenage daughter, Astrid, accidentally opens the portal to the Afterlife."
503314,Dragon Ball Super: Broly,ja,2018-12-14,101,1000000.0,125002821.0,2.0676,7.949,3216,Released,"Earth is peaceful following the Tournament of Power. Realizing that the universes still hold many more strong people yet to see, Goku spends all his days training to reach even greater heights. Then one day, Goku and Vegeta are faced by a Saiyan called 'Broly' who they've never seen before. The Saiyans were supposed to have been almost completely wiped out in the destruction of Planet Vegeta, so what's this one doing on Earth? This encounter between the three Saiyans who have followed completely different destinies turns into a stupendous battle, with even Frieza (back from Hell) getting caught up in the mix."
421,The Life Aquatic with Steve Zissou,en,2004-12-10,119,50000000.0,34808403.0,5.3307,7.07,3215,Released,"Renowned oceanographer Steve Zissou has sworn vengeance upon the rare shark that devoured a member of his crew. In addition to his regular team, he is joined on his boat by Ned, a man who believes Zissou to be his father, and Jane, a journalist pregnant by a married man. They travel the sea, all too often running into pirates and, perhaps more traumatically, various figures from Zissou's past, including his estranged wife, Eleanor."
10521,Bride Wars,en,2009-01-09,89,30000000.0,115375850.0,8.9535,6.2,3214,Released,Two best friends become rivals when their respective weddings are accidentally booked for the same day.
7220,The Punisher,en,2004-04-15,124,33000000.0,54700105.0,21.1769,6.379,3214,Released,"When undercover FBI agent Frank Castle's wife and son are slaughtered, he becomes 'the Punisher' -- a ruthless vigilante willing to go to any length to avenge his family."
9889,Shallow Hal,en,2001-11-01,114,40000000.0,141069860.0,10.8252,6.184,3211,Released,"After taking his dying father's advice, Hal dates only the embodiments of female physical perfection. But that all changes after Hal has an unexpected run-in with self-help guru Tony Robbins. Intrigued by Hal's shallowness, Robbins hypnotizes him into seeing the beauty that exists even in the least physically appealing women. Hal soon falls for Rosemary, but he doesn't realize that his gorgeous girlfriend is actually a 300-pound-not-so-hottie."
15092,Crank: High Voltage,en,2009-04-16,96,20000000.0,34600000.0,7.9792,6.09,3209,Released,Chelios faces a Chinese mobster who has stolen his nearly indestructible heart and replaced it with a battery-powered ticker that requires regular jolts of electricity to keep working.
58224,Mr. Popper's Penguins,en,2011-06-17,94,55000000.0,187361754.0,4.7773,5.982,3204,Released,"Tom Popper is a successful businessman who’s clueless when it comes to the really important things in life...until he inherits six “adorable” penguins, each with its own unique personality. Soon Tom’s rambunctious roommates turn his swank New York apartment into a snowy winter wonderland — and the rest of his world upside-down."
665,Ben-Hur,en,1959-11-18,212,15000000.0,164000000.0,14.6264,7.891,3197,Released,"In ancient Judea, a Jewish aristocrat opposing Roman occupation of his homeland reunites with his childhood friend, now a Roman commander — setting in motion a saga of betrayal, adventure, tragedy, revenge, and faith."
10999,Commando,en,1985-10-03,90,10000000.0,57500000.0,10.3668,6.707,3196,Released,"John Matrix, the former leader of a special commando strike force that always got the toughest jobs done, is forced back into action when his young daughter is kidnapped. To find her, Matrix has to fight his way through an array of punks, killers, one of his former commandos, and a fully equipped private army. With the help of a feisty stewardess and an old friend, Matrix has only a few hours to overcome his greatest challenge: finding his daughter before she's killed."
1084242,Zootopia 2,en,2025-11-26,108,150000000.0,1868208796.0,63.1069,7.68,3195,Released,"After cracking the biggest case in Zootopia's history, rookie cops Judy Hopps and Nick Wilde find themselves on the twisting trail of a great mystery when Gary De'Snake arrives and turns the animal metropolis upside down. To crack the case, Judy and Nick must go undercover to unexpected new parts of town, where their growing partnership is tested like never before."
32856,Valentine's Day,en,2010-02-10,125,52000000.0,216528528.0,5.5654,5.929,3193,Released,Intertwining couples and singles in Los Angeles break-up and make-up based on the pressures and expectations of Valentine's Day.
1241982,Moana 2,en,2024-11-21,100,150000000.0,1059242164.0,44.6861,6.987,3192,Released,"After receiving an unexpected call from her wayfinding ancestors, Moana journeys alongside Maui and a new crew to the far seas of Oceania and into dangerous, long-lost waters for an adventure unlike anything she's ever faced."
406563,Insidious: The Last Key,en,2018-01-03,103,10000000.0,172811971.0,8.31,6.262,3191,Released,"Parapsychologist Elise Rainier and her team travel to Five Keys, NM, to investigate a man’s claim of a haunting. Terror soon strikes when Rainier realizes that the house he lives in was her family’s old home."
1267,Meet the Robinsons,en,2007-03-23,95,150000000.0,169332978.0,10.9124,6.948,3191,Released,"Lewis, a brilliant young inventor, is keen on creating a time machine to find his mother, who abandoned him in an orphanage. Things take a turn when he meets Wilbur Robinson and his family."
567748,The Guilty,en,2021-09-24,89,0.0,0.0,8.0445,6.427,3190,Released,A demoted police officer assigned to a call dispatch desk is conflicted when he receives an emergency phone call from a kidnapped woman.
8068,Desperado,en,1995-08-25,104,7000000.0,25405445.0,8.1538,6.935,3189,Released,"El Mariachi plunges headfirst into the dark border underworld when he follows a trail of blood to the last of the infamous Mexican drug lords, Bucho, for an action-packed, bullet-riddled showdown. With the help of his friend and a beautiful bookstore owner, El Mariachi tracks Bucho, takes on his army of desperados, and leaves his own trail of blood."
1255,The Host,ko,2006-07-27,120,11000000.0,88489643.0,7.0587,6.976,3189,Released,"A teenage girl is captured by a giant mutated squid-like creature that appears from Seoul's Han River after toxic waste was dumped in it, prompting her family into a frantic search for her."
565770,Blue Beetle,en,2023-08-16,128,104000000.0,130788072.0,13.2916,6.625,3187,Released,"Recent college grad Jaime Reyes returns home full of aspirations for his future, only to find that home is not quite as he left it. As he searches to find his purpose in the world, fate intervenes when Jaime unexpectedly finds himself in possession of an ancient relic of alien biotechnology: the Scarab."
375588,Robin Hood,en,2018-11-03,116,100000000.0,86493046.0,10.6856,5.911,3186,Released,A war-hardened Crusader and his Moorish commander mount an audacious revolt against the corrupt English crown.
458897,Charlie's Angels,en,2019-11-14,118,48000000.0,73279888.0,9.3033,6.371,3184,Released,"Elena Houghlin is a scientist, engineer and inventor of Calisto -- a sustainable energy source that will revolutionize the way people use power. It will be ready as soon as she works out the last issue, if not it could be turned into a dangerous weapon. But when the cutting edge technology is pushed to an investor before she can do that, Elena turns to the Townsend Agency for help. Now, it's up to the Angels -- Jane, Sabina, and the newly recruited Elena -- to retrieve Calisto before it can be transformed into a weapon of mass destruction."
438799,Overlord,en,2018-11-01,110,38000000.0,41657844.0,8.4371,6.734,3183,Released,"On the eve of D-Day, a team of American paratroopers crash behind enemy lines and come face-to-face with a Nazi threat unlike any the world has ever seen."
72113,Carnage,en,2011-09-16,80,25000000.0,30722632.0,4.1497,7.163,3183,Released,"Two pairs of parents hold a cordial meeting after their sons are involved in a fight, though as their time together progresses, increasingly childish behavior throws the discussion into chaos."
551332,The Two Popes,en,2019-11-27,125,0.0,232638.0,5.309,7.481,3181,Released,"Frustrated with the direction of the church, Cardinal Bergoglio requests permission to retire in 2012 from Pope Benedict. Instead, facing scandal and self-doubt, the introspective Pope Benedict summons his harshest critic and future successor to Rome to reveal a secret that would shake the foundations of the Catholic Church."
11430,The Lion King 1½,en,2004-10-28,77,0.0,1465.0,9.2626,6.586,3181,Released,Timon the meerkat and Pumbaa the warthog are best pals and the unsung heroes of the African savanna. This prequel to the smash Disney animated adventure takes you back -- way back -- before Simba's adventure began. You'll find out all about Timon and Pumbaa and tag along as they search for the perfect home and attempt to raise a rambunctious lion cub.
36685,The Rocky Horror Picture Show,en,1975-08-14,99,1400000.0,171181400.0,7.3173,7.443,3179,Released,"After getting a flat tire in the middle of nowhere, newly engaged couple Brad and Janet encounter the eerie mansion of the flamboyant, seductive Dr Frank-N-Furter and a variety of eccentric characters. Through elaborate dance and rock music, the mad scientist unveils his latest creation: a perfect, muscular man."
753342,Napoleon,en,2023-11-22,158,165000000.0,222435664.0,16.7377,6.303,3178,Released,"An epic that details the checkered rise and fall of French Emperor Napoleon Bonaparte and his relentless journey to power through the prism of his addictive, volatile relationship with his wife, Josephine."
69,Walk the Line,en,2005-09-13,136,28000000.0,186800000.0,9.7499,7.502,3174,Released,"A chronicle of country music legend Johnny Cash's life, from his early days on an Arkansas cotton farm to his rise to fame with Sun Records in Memphis, where he recorded alongside Elvis Presley, Jerry Lee Lewis and Carl Perkins."
429200,Good Time,en,2017-08-11,102,2000000.0,3283369.0,8.253,7.205,3173,Released,"After a botched bank robbery lands his younger brother in prison, Connie Nikas embarks on a twisted odyssey through New York City's underworld to get his brother Nick out of jail."
303858,Money Monster,en,2016-05-12,99,27000000.0,93282604.0,4.4535,6.431,3173,Released,Financial TV host Lee Gates and his producer Patty are put in an extreme situation when an irate investor takes over their studio.
13027,Eagle Eye,en,2008-09-25,118,80000000.0,178800000.0,11.0016,6.495,3172,Released,"Jerry Shaw and Rachel Holloman are two strangers whose lives are suddenly thrown into turmoil by a mysterious woman they have never met. Threatening their lives and family, the unseen caller uses everyday technology to control their actions and push them into increasing danger. As events escalate, Jerry and Rachel become the country's most-wanted fugitives and must figure out what is happening to them."
1268,Mr. Bean's Holiday,en,2007-03-22,90,25000000.0,232225908.0,9.3617,6.395,3171,Released,"Mr. Bean wins a trip to Cannes where he unwittingly separates a young boy from his father and must help the two reunite. On the way he discovers France, bicycling and true love, among other things."
950387,A Minecraft Movie,en,2025-03-31,101,150000000.0,960387780.0,30.1359,6.245,3170,Released,"Four misfits find themselves struggling with ordinary problems when they are suddenly pulled through a mysterious portal into the Overworld: a bizarre, cubic wonderland that thrives on imagination. To get back home, they'll have to master this world while embarking on a magical quest with an unexpected, expert crafter, Steve."
9598,Babe,en,1995-07-18,92,30000000.0,254100000.0,7.0828,6.292,3169,Released,"Babe is a little pig who doesn't quite know his place in the world. With a bunch of odd friends, like Ferdinand the duck who thinks he is a rooster and Fly the dog he calls mum, Babe realises that he has the makings to become the greatest sheep pig of all time, and Farmer Hoggett knows it. With the help of the sheep dogs, Babe learns that a pig can be anything that he wants to be."
6537,The Orphanage,es,2007-05-20,105,3400000.0,78638987.0,7.1427,7.231,3169,Released,"A woman brings her family back to her childhood home, which used to be an orphanage, intent on reopening it. Before long, her son starts to communicate with a new invisible friend."
96936,The Bling Ring,en,2013-06-12,90,15000000.0,19145732.0,4.4576,5.4,3163,Released,"Lured by stardom, a crew of aimless teens breaks into celebrity homes for a string of high-profile robberies and fame by appropriation."
9327,The Nutty Professor,en,1996-06-28,95,54000000.0,128769345.0,6.9454,5.646,3161,Released,"When beautiful Carla Purty joins the university faculty, genetic professor Dr. Sherman Klump grows desperate to whittle his 400-pound frame down to size and win her heart. So, with one swig of his experimental fat-reducing serum, Sherman becomes 'Buddy Love', a fast-talking, pumped-up, plumped down Don Juan."
786,Almost Famous,en,2000-09-15,124,60000000.0,47386287.0,12.2598,7.499,3161,Released,"In 1973, a precocious 15-year-old aspiring rock journalist lands a dream assignment from Rolling Stone to tour with a rising rock band, embarking on a coming-of-age journey as he discovers the exhilarating and heartbreaking realities behind rock stardom."
23398,Alvin and the Chipmunks: The Squeakquel,en,2009-12-21,89,75000000.0,443140005.0,8.8283,5.659,3158,Released,"Pop sensations Alvin, Simon and Theodore end up in the care of Dave Seville's twenty-something nephew Toby. The boys must put aside music super stardom to return to school, and are tasked with saving the school's music program by winning the $25,000 prize in a battle of the bands. But the Chipmunks unexpectedly meet their match in three singing chipmunks known as The Chipettes - Brittany, Eleanor and Jeanette. Romantic and musical sparks are ignited when the Chipmunks and Chipettes square off."
1381,The Fountain,en,2006-11-22,96,35000000.0,15304890.0,8.4503,6.899,3153,Released,"Spanning over one thousand years, and three parallel stories, The Fountain is a story of love, death, spirituality, and the fragility of our existence in this world."
978,Seven Years in Tibet,en,1997-09-12,136,70000000.0,131457682.0,6.3042,7.169,3153,Released,"Austrian mountaineer Heinrich Harrer journeys to the Himalayas without his family to head an expedition in 1939. But when World War II breaks out, the arrogant Harrer falls into Allied forces' hands as a prisoner of war. He escapes with a fellow detainee and makes his way to Lhasa, Tibet, where he meets the 14-year-old Dalai Lama, whose friendship ultimately transforms his outlook on life."
1072790,Anyone but You,en,2023-12-21,103,25000000.0,214891370.0,15.1923,6.76,3151,Released,"After an amazing first date, Bea and Ben’s fiery attraction turns ice cold — until they find themselves unexpectedly reunited at a destination wedding in Australia. So they do what any two mature adults would do: pretend to be a couple."
631842,Knock at the Cabin,en,2023-02-01,100,20000000.0,54700000.0,7.2025,6.249,3149,Released,"While vacationing at a remote cabin, a young girl and her two fathers are taken hostage by four armed strangers who demand that the family make an unthinkable choice to avert the apocalypse. With limited access to the outside world, the family must decide what they believe before all is lost."
44040,Devil,en,2010-09-16,80,10000000.0,33583175.0,5.5659,6.103,3149,Released,"A group of people are trapped in an elevator high above Philadelphia, and one of them is the devil."
19,Metropolis,de,1927-01-10,148,5300000.0,1350322.0,7.3187,8.083,3146,Released,"In a futuristic city sharply divided between the rich and the poor, the son of the city's mastermind meets a prophet who predicts the coming of a savior to mediate their differences."
71859,We Need to Talk About Kevin,en,2011-09-28,113,7000000.0,10800000.0,5.7476,7.536,3145,Released,"After her son Kevin commits a horrific act, troubled mother Eva reflects on her complicated relationship with her disturbed son as he grew from a toddler into a teenager."
43539,The Next Three Days,en,2010-11-18,133,30000000.0,67448651.0,6.0644,7.089,3145,Released,"Life seems perfect for John Brennan until his wife, Lara, is arrested for a murder she says she didn’t commit. Three years into her sentence, John is struggling to hold his family together, raising their son and teaching at college while he pursues every means available to prove her innocence. With the rejection of their final appeal, Lara becomes suicidal and John decides there is only one possible, bearable solution: to break his wife out of prison."
112205,The Family,en,2013-09-13,111,30000000.0,36894225.0,7.2117,6.36,3144,Released,"After ratting out his Mafia cohorts, Giovanni Manzoni and his family enter the Witness Protection Program and relocate to a sleepy town in France. Despite the best efforts of their handler to keep them in line, Giovanni (now called Fred Blake), his wife and children can't help but resort to doing things the ""family"" way. However, their dependence on such old habits places everyone in danger from vengeful mobsters."
402431,Wicked,en,2024-10-16,162,150000000.0,758827029.0,25.0565,6.907,3143,Released,"In the land of Oz, ostracized and misunderstood green-skinned Elphaba is forced to share a room with the popular aristocrat Glinda at Shiz University, and the two's unlikely friendship is tested as they begin to fulfill their respective destinies as Glinda the Good and the Wicked Witch of the West."
394117,The Florida Project,en,2017-10-06,112,2000000.0,11303040.0,6.5603,7.427,3140,Released,"The story of a precocious six year-old and her ragtag group of friends whose summer break is filled with childhood wonder, possibility and a sense of adventure while the adults around them struggle with hard times."
137094,Jack Ryan: Shadow Recruit,en,2014-01-15,105,60000000.0,135500000.0,8.6664,6.126,3139,Released,"Jack Ryan, as a young covert CIA analyst, uncovers a Russian plot to crash the U.S. economy with a terrorist attack."
359410,Road House,en,2024-03-08,121,85000000.0,0.0,21.5186,6.94,3138,Released,"Ex-UFC fighter Dalton takes a job as a bouncer at a Florida Keys roadhouse, only to discover that this paradise is not all it seems."
533,Wallace & Gromit: The Curse of the Were-Rabbit,en,2005-09-15,85,30000000.0,192610372.0,8.7485,7.1,3133,Released,"Cheese-loving eccentric Wallace and his cunning canine pal Gromit run a business ridding the town of garden pests. Using only humane methods, which turns their home into a halfway house for evicted vermin, the pair stumble upon a mystery involving a voracious vegetarian monster that threatens to ruin the annual veggie-growing contest."
1656,The Legend of Zorro,en,2005-10-24,130,75000000.0,142400065.0,8.7678,6.125,3132,Released,"Despite trying to keep his swashbuckling to a minimum, a threat to California's pending statehood causes the adventure-loving Don Alejandro de la Vega and his wife, Elena, to take action."
364689,Ferdinand,en,2017-12-09,108,111000000.0,295038508.0,9.0586,7.213,3128,Released,"Ferdinand, a little bull, prefers sitting quietly under a cork tree just smelling the flowers versus jumping around, snorting, and butting heads with other bulls. As Ferdinand grows big and strong, his temperament remains mellow. But one day five men come to choose the ""biggest, fastest, roughest bull"" for the bullfights in Madrid— and Ferdinand is mistakenly chosen."
1278,The Dreamers,en,2003-10-10,115,15000000.0,15100000.0,14.8737,7.179,3128,Released,"When Isabelle and Theo invite Matthew to stay with them, what begins as a casual friendship ripens into a sensual voyage of discovery and desire in which nothing is off limits and everything is possible."
314095,The Lost City of Z,en,2017-03-15,141,30000000.0,8574339.0,7.6789,6.389,3125,Released,"A true-life drama in the 1920s, centering on British explorer Col. Percy Fawcett, who discovered evidence of a previously unknown, advanced civilization in the Amazon and disappeared whilst searching for it."
4513,30 Days of Night,en,2007-10-17,113,30000000.0,80276156.0,10.231,6.438,3124,Released,"This is the story of an isolated Alaskan town that is plunged into darkness for a month each year when the sun sinks below the horizon. As the last rays of light fade, the town is attacked by a bloodthirsty gang of vampires bent on an uninterrupted orgy of destruction. Only the small town's husband-and-wife Sheriff team stand between the survivors and certain destruction."
319,True Romance,en,1993-09-09,121,12500000.0,12600000.0,12.102,7.541,3122,Released,"Clarence marries hooker Alabama, steals cocaine from her pimp, and tries to sell it in Hollywood, while the owners of the coke try to reclaim it."
605116,Project Power,en,2020-08-14,113,0.0,0.0,5.9574,6.424,3116,Released,"An ex-soldier, a teen and a cop collide in New Orleans as they hunt for the source behind a dangerous new pill that grants users temporary superpowers."
77930,Magic Mike,en,2012-06-28,110,7000000.0,167200000.0,6.7317,6.158,3116,Released,"Mike, an experienced stripper, takes a younger performer called The Kid under his wing and schools him in the arts of partying, picking up women, and making easy money."
540901,Hustlers,en,2019-09-12,110,20000000.0,157563598.0,6.3626,6.463,3115,Released,A crew of savvy former strip club employees band together to turn the tables on their Wall Street clients.
2310,Beowulf,en,2007-11-05,115,160000000.0,195735876.0,8.2731,5.921,3115,Released,"A 6th-century Scandinavian warrior named Beowulf embarks on a mission to slay the man-like ogre, Grendel."
152742,The Best Offer,it,2013-01-01,131,13500000.0,19255873.0,5.6734,7.812,3110,Released,"Virgil Oldman is a world renowned antiques expert and auctioneer. An eccentric genius, he leads a solitary life, going to extreme lengths to keep his distance from the messiness of human relationships. When appointed by the beautiful but emotionally damaged Claire to oversee the valuation and sale of her family’s priceless art collection, Virgil allows himself to form an attachment to her – and soon he is engulfed by a passion which will rock his bland existence to the core."
4258,Scary Movie 5,en,2013-04-11,86,20000000.0,78613981.0,13.0013,4.795,3109,Released,"Home with their newly-formed family, happy parents Dan and Jody are haunted by sinister, paranormal activities. Determined to expel the insidious force, they install security cameras and discover their family is being stalked by an evil dead demon."
65057,The Descendants,en,2011-09-09,115,20000000.0,177200000.0,6.75,6.834,3106,Released,"With his wife Elizabeth on life support after a boating accident, Hawaiian land baron Matt King takes his daughters on a trip from Oahu to Kauai to confront a young real estate broker, who was having an affair with Elizabeth before her misfortune."
398173,The House That Jack Built,en,2018-10-04,152,9800000.0,5566776.0,6.7864,7.112,3105,Released,"Failed architect, engineer and vicious murderer Jack narrates the details of some of his most elaborately orchestrated crimes, each of them a towering piece of art that defines his life's work as a serial killer for twelve years."
95610,Bridget Jones's Baby,en,2016-09-14,123,35000000.0,211952420.0,9.8985,6.402,3105,Released,"After breaking up, Bridget Jones' happily-ever-after hasn't quite gone according to plan. Fortysomething and single again, she decides to focus on her job and surround herself with old friends and new. For once, Bridget has everything completely under control. Then her love life takes a turn when she meets Jack. A week later, she runs into Mark before she finds herself pregnant, but with one hitch - she's not sure of the identity of her baby's father - Mark or Jack."
158011,The Call,en,2013-03-14,96,13000000.0,68572378.0,9.3582,6.8,3104,Released,"Jordan Turner is an experienced 911 operator but when she makes an error in judgment and a call ends badly, Jordan is rattled and unsure if she can continue. But when teenager Casey Welson is abducted in the back of a man's car and calls 911, Jordan is the one called upon to use all of her experience, insights and quick thinking to help Casey escape, and not just to save her, but to make sure the man is brought to justice."
103731,Mud,en,2013-04-26,130,10000000.0,32613173.0,5.339,7.057,3104,Released,Two teenage boys find a fugitive hiding out on an island in the Mississippi River and help him reunite with his lover and escape an avenging family and their armed posse.
35056,Date Night,en,2010-04-08,88,55000000.0,152300000.0,8.293,6.12,3104,Released,"Phil and Claire Foster fear that their mild-mannered relationship may be falling into a stale rut. During their weekly date night, their dinner reservation leads to their being mistaken for a couple of thieves—and now a number of unsavoury characters want Phil and Claire killed."
8643,The Exorcism of Emily Rose,en,2005-09-09,122,19000000.0,145166804.0,7.2779,6.61,3103,Released,"When a younger girl called Emily Rose dies, everyone puts blame on the exorcism which was performed on her by Father Moore prior to her death. The priest is arrested on suspicion of murder. The trial begins with lawyer Erin Bruner representing Moore, but it is not going to be easy, as no one wants to believe what Father Moore says is true."
845781,Red One,en,2024-10-31,124,250000000.0,185700759.0,31.6893,6.971,3098,Released,"After Santa Claus (codename: Red One) is kidnapped, the North Pole's Head of Security must team up with the world's most infamous tracker in a globe-trotting, action-packed mission to save Christmas."
829280,Enola Holmes 2,en,2022-11-03,129,0.0,0.0,10.3815,7.411,3096,Released,"Enola takes on her first official case as a detective, but to solve the mystery of a missing girl, she'll need help from friends — and brother Sherlock."
49797,I Saw the Devil,ko,2010-08-12,144,6000000.0,12966357.0,8.7834,7.806,3090,Released,"Kyung-chul is a dangerous psychopath who kills for pleasure. Soo-hyeon, a top-secret agent, decides to track down the murderer himself. He promises himself that he will do everything in his power to take vengeance against the killer, even if it means that he must become a monster himself."
26388,Buried,en,2010-09-24,95,1987650.0,19152480.0,5.6183,6.635,3088,Released,"As an American civilian truck driver working in Iraq, Paul Conroy's convoy is attacked by a group of Iraqi insurgents. Some time later, Paul awakes in a coffin with only a lighter, a cell phone, and his ever-growing anxiety. Faced with a dwindling oxygen supply and a dying battery, he must fight panic, despair, and delirium as he races against time to escape the claustrophobic death trap."
27573,The Bounty Hunter,en,2010-03-16,110,40000000.0,136300000.0,4.7291,5.846,3087,Released,"Milo Boyd, a down-on-his-luck bounty hunter, thinks he's seeing an upswing in fortune when he gets a call to bring in his bail-jumping ex-wife, a reporter named Nicole. Milo considers the job an easy payday, but Nicole quickly escapes to chase a lead on a murder case. The former spouses play an escalating game of one-upmanship, until they suddenly find themselves on the run for their lives."
398181,You Were Never Really Here,en,2017-11-08,89,17000000.0,9400000.0,6.3604,6.544,3085,Released,"A traumatized veteran, unafraid of violence, tracks down missing girls for a living. When a job spins out of control, Joe's nightmares overtake him as a conspiracy is uncovered—leading to what may be his death trip or his awakening."
718821,Twisters,en,2024-07-10,123,155000000.0,372262265.0,11.6751,6.768,3080,Released,"As storm season intensifies, the paths of former storm chaser Kate Carter and reckless social-media superstar Tyler Owens collide when terrifying phenomena never seen before are unleashed. The pair and their competing teams find themselves squarely in the paths of multiple storm systems converging over central Oklahoma in the fight of their lives."
9992,Arthur and the Invisibles,fr,2006-12-13,94,86000000.0,108605609.0,7.5642,6.4,3080,Released,"Ten-year-old Arthur, in a bid to save his grandfather's house from being demolished, goes looking for some much-fabled hidden treasure in the land of the Minimoys, tiny people living in harmony with nature."
9539,Martyrs,fr,2008-06-12,99,6500000.0,1100000.0,9.5773,7.3,3077,Released,"A young woman’s quest for revenge against the people who kidnapped and tortured her as a child leads her and her best friend, also a victim of child abuse, on a terrifying journey into a living hell of depravity."
353070,Going in Style,en,2017-04-06,96,25000000.0,84618541.0,5.9322,6.694,3074,Released,"Desperate to pay the bills and come through for their loved ones, three lifelong pals risk it all by embarking on a daring bid to knock off the very bank that absconded with their money."
382591,Two Is a Family,fr,2016-12-07,118,0.0,1447740.0,4.8722,7.724,3067,Released,A man without attachments or responsibilities suddenly finds himself with an abandoned baby and leaves for London to try and find the mother. Eight years later after he and his daughter become inseparable Gloria's mother reappears.
26466,Triangle,en,2009-10-16,99,12000000.0,1594955.0,23.0781,6.914,3066,Released,"When Jess sets sail on a yacht with a group of friends, she cannot shake the feeling that there is something wrong."
9902,Wrong Turn,en,2003-05-30,84,12600000.0,28650575.0,15.0029,6.404,3065,Released,"Chris crashes into a carload of other young people, and the group of stranded motorists is soon lost in the woods of West Virginia, where they're hunted by three cannibalistic mountain men who are grossly disfigured by generations of inbreeding."
585083,Hotel Transylvania: Transformania,en,2022-01-31,92,75000000.0,18500000.0,12.3408,7.027,3061,Released,"When Van Helsing's mysterious invention, the ""Monsterfication Ray,"" goes haywire, Drac and his monster pals are all transformed into humans, and Johnny becomes a monster. In their new mismatched bodies, Drac and Johnny must team up and race across the globe to find a cure before it's too late, and before they drive each other crazy."
5236,Kiss Kiss Bang Bang,en,2005-09-14,103,15000000.0,15785148.0,5.4217,7.158,3061,Released,A petty thief posing as an actor is brought to Los Angeles for an unlikely audition and finds himself in the middle of a murder investigation along with his high school dream girl and a detective who's been training him for his upcoming role...
5966,Along Came Polly,en,2004-01-16,90,42000000.0,178300000.0,6.4652,6.034,3060,Released,"Reuben Feffer is a guy who's spent his entire life playing it safe. Polly Prince is irresistible as a free-spirit who lives for the thrill of the moment. When these two comically mismatched souls collide, Reuben's world is turned upside down, as he makes an uproarious attempt to change his life from middle-of-the-road to totally-out-there."
132363,The Butler,en,2013-08-16,132,25000000.0,177313795.0,5.9054,7.319,3056,Released,"Cecil Gaines was a sharecropper's son who grew up in the 1920s as a domestic servant for the white family who casually destroyed his. Eventually striking out on his own, Cecil becomes a hotel valet of such efficiency and discreteness in the 1950s that he becomes a butler in the White House itself. There, Cecil would serve numerous US Presidents over the decades as a passive witness of history with the American Civil Rights Movement gaining momentum even as his family has troubles of its own. As his wife, Gloria, struggles with alcoholism and his defiant eldest son, Louis, strives for a just world, Cecil must decide whether he should take action in his own way."
803796,KPop Demon Hunters,en,2025-06-20,96,100000000.0,24619953.0,44.8461,8.01,3055,Released,"When K-pop superstars Rumi, Mira and Zoey aren't selling out stadiums, they're using their secret powers to protect their fans from supernatural threats."
169917,A Walk Among the Tombstones,en,2014-09-18,114,28000000.0,58834384.0,8.1353,6.333,3055,Released,Private investigator Matthew Scudder is hired by a drug kingpin to find out who kidnapped and murdered his wife.
610150,Dragon Ball Super: Super Hero,ja,2022-06-11,100,0.0,86600000.0,5.7867,7.894,3054,Released,"The Red Ribbon Army, an evil organization that was once destroyed by Goku in the past, has been reformed by a group of people who have created new and mightier Androids, Gamma 1 and Gamma 2, and seek vengeance against Goku and his family."
157386,The Spectacular Now,en,2013-08-02,95,2500000.0,6854611.0,5.4923,6.685,3052,Released,"Sutter, a popular party animal, unexpectedly meets the introverted Aimee after waking up on a stranger's lawn. As Sutter deals with the problems in his life and Aimee plans for her future beyond school, an unexpected romance blossoms between them."
9801,Bridget Jones: The Edge of Reason,en,2004-11-10,108,40000000.0,265126918.0,10.4468,6.227,3052,Released,"Bridget Jones is still dating her new love, barrister Mark Darcy, for a perfect six weeks. However, while on assignment in Thailand with her disreputable ex, Daniel Cleaver, claiming to be reformed, Bridget questions if she has everything she's ever dreamed of having."
9593,Last Action Hero,en,1993-06-18,131,85000000.0,137298489.0,8.3117,6.48,3051,Released,"After his father's death, a young boy finds solace in action movies featuring an indestructible cop. Given a magic ticket by a theater manager, he is transported into the film and teams up with the cop to stop a villain who escapes into the real world."
768,From Hell,en,2001-02-08,122,35000000.0,74558115.0,7.8912,6.693,3050,Released,Frederick Abberline is an opium-huffing inspector from Scotland Yard who falls for one of Jack the Ripper's prostitute targets in this Hughes brothers adaption of a graphic novel that posits the Ripper's true identity.
801,"Good Morning, Vietnam",en,1987-12-23,121,13000000.0,123922370.0,7.5583,7.304,3049,Released,"A disk jockey goes to Vietnam to work for the Armed Forces Radio Service. While he becomes popular among the troops, his superiors disapprove of his humor."
1580,Rope,en,1948-02-01,81,1500000.0,2200000.0,6.3819,7.93,3047,Released,Two young men attempt to prove they committed the perfect murder by hosting a dinner party for the family of a classmate they just strangled to death.
342470,All the Bright Places,en,2020-02-28,108,0.0,0.0,4.9226,7.633,3046,Released,Two teens facing personal struggles form a powerful bond as they embark on a cathartic journey chronicling the wonders of Indiana.
484641,Anna,en,2019-06-19,119,34000000.0,31626978.0,9.9585,6.719,3043,Released,Beneath Anna Poliatova's striking beauty lies a secret that will unleash her indelible strength and skill to become one of the world's most feared government assassins.
59965,Abduction,en,2011-09-22,106,35000000.0,82087155.0,5.5311,5.834,3043,Released,"For many years, Nathan Harper has had the uneasy feeling that life with his family isn't quite what it seems. As he draws closer to uncovering the truth, he is hunted by assassins, forcing him to flee with his neighbor, Karen, the only person he can trust."
7484,Open Season,en,2006-09-27,86,85000000.0,200811689.0,11.7772,6.195,3042,Released,"Boog, a domesticated 900lb. Grizzly bear finds himself stranded in the woods 3 days before Open Season. Forced to rely on Elliot, a fast-talking mule deer, the two form an unlikely friendship and must quickly rally other forest animals if they are to form a rag-tag army against the hunters."
612,Munich,en,2005-12-23,164,70000000.0,130982129.0,7.4401,7.133,3042,Released,"During the 1972 Olympic Games in Munich, eleven Israeli athletes are taken hostage and murdered by a Palestinian terrorist group known as Black September. In retaliation, the Israeli government recruits a group of Mossad agents to track down and execute those responsible for the attack."
9336,Police Academy,en,1984-03-22,97,4500000.0,81198894.0,11.8459,6.717,3040,Released,"New rules enforced by the Lady Mayoress mean that sex, weight, height and intelligence need no longer be a factor for joining the Police Force. This opens the floodgates for all and sundry to enter the Police Academy, much to the chagrin of the instructors. Not everyone is there through choice, though. Social misfit Mahoney has been forced to sign up as the only alternative to a jail sentence and it doesn't take long before he falls foul of the boorish Lieutenant Harris. But before long, Mahoney realises that he is enjoying being a police cadet and decides he wants to stay... while Harris decides he wants Mahoney out!"
37056,Letters to Juliet,en,2010-05-13,105,30000000.0,82148538.0,6.9834,7.001,3038,Released,"An American girl on vacation in Italy finds an unanswered ""letter to Juliet"" -- one of thousands of missives left at the fictional lover's Verona courtyard, which are typically answered by the ""secretaries of Juliet"" -- and she goes on a quest to find the lovers referenced in the letter."
542178,"The French Dispatch of the Liberty, Kansas Evening Sun",en,2021-10-21,108,25000000.0,46333545.0,9.9882,7.008,3036,Released,"The staff of an American magazine based in France puts out its last issue, with stories featuring an artist sentenced to life imprisonment, student riots, and a kidnapping resolved by a chef."
9277,The Sting,en,1973-12-25,129,5500000.0,159616327.0,10.6832,8.014,3032,Released,A novice con man teams up with an acknowledged master to avenge the murder of a mutual friend by pulling off the ultimate big con and swindling a fortune from a big-time mobster.
9352,EuroTrip,en,2004-02-20,92,25000000.0,22605153.0,10.3797,6.622,3029,Released,"When Scott learns that his longtime cyber-buddy from Berlin is a gorgeous young woman, he and his friends embark on a trip across Europe."
1645,A Time to Kill,en,1996-07-24,149,40000000.0,152266007.0,7.9319,7.392,3028,Released,"A young lawyer defends a black man accused of murdering two white men who raped his 10-year-old daughter, sparking a rebirth of the KKK."
712,Four Weddings and a Funeral,en,1994-03-09,117,4400000.0,245700832.0,7.6054,6.776,3028,Released,"Over the course of five social occasions, a committed bachelor must consider the notion that he may have discovered love."
76640,The Last Stand,en,2013-01-12,107,30000000.0,0.0,6.7016,6.094,3026,Released,"Ray Owens is sheriff of the quiet US border town of Sommerton Junction after leaving the LAPD following a bungled operation. Following his escape from the FBI, a notorious drug baron, his gang, and a hostage are heading toward Sommerton Junction where the police are preparing to make a last stand to intercept them before they cross the border. Owens is reluctant to become involved but ultimately joins in with the law enforcement efforts."
2044,The Lake House,en,2006-06-16,99,40000000.0,114830111.0,7.0305,7.032,3025,Released,"When architect Alex Wyler moves into an unusual glass house on stilts over a lake, he discovers a note from the previous tenant in the mailbox--but no one's lived in the house for years. He replies and soon discovers that he's corresponding with a doctor named Kate Forster. Their correspondence, only through the 'magical' mailbox, turns romantic and their paths cross in unexpected ways, but when they try to truly connect, danger looms. They must try to unravel the mystery behind their extraordinary romance before it's too late."
601666,I Care a Lot,en,2021-02-19,119,0.0,0.0,6.0584,6.572,3024,Released,A court-appointed legal guardian defrauds her older clients and traps them under her care. But her latest mark comes with some unexpected baggage.
930564,Saltburn,en,2023-11-16,131,20000000.0,21013738.0,15.0369,6.943,3021,Released,"Struggling to find his place at Oxford University, student Oliver Quick finds himself drawn into the world of the charming and aristocratic Felix Catton, who invites him to Saltburn, his eccentric family's sprawling estate, for a summer never to be forgotten."
420634,Terrifier,en,2018-01-25,84,35000.0,421798.0,15.6625,6.312,3021,Released,A maniacal clown named Art terrorizes three young women on Halloween night and everyone else who stands in his way.
9315,Flightplan,en,2005-09-22,98,55000000.0,223387299.0,6.4839,6.444,3020,Released,"Flying at 40,000 feet in a state-of-the art aircraft that she helped design, Kyle Pratt's 6-year-old daughter Julia vanishes without a trace. Or did she? No one on the plane believes Julia was ever onboard. And now Kyle, desperate and alone, can only count on her own wits to unravel the mystery and save her daughter."
431693,Spies in Disguise,en,2019-12-04,102,100000000.0,171616764.0,13.3086,7.542,3017,Released,"Super spy Lance Sterling and scientist Walter Beckett are almost exact opposites. Lance is smooth, suave and debonair. Walter is… not. But what Walter lacks in social skills he makes up for in smarts and invention, creating the awesome gadgets Lance uses on his epic missions. But when events take an unexpected turn, Walter and Lance suddenly have to rely on each other in a whole new way."
9374,Death Becomes Her,en,1992-07-30,104,55000000.0,149000000.0,8.5339,6.781,3014,Released,"Madeline is married to Ernest, who was once her arch-rival Helen's fiancé. After recovering from a mental breakdown, Helen vows to kill Madeline and steal back Ernest. Unfortunately for everyone, the introduction of a magic potion causes things to be a great deal more complicated than a mere murder plot."
944,Lethal Weapon 4,en,1998-07-10,127,140000000.0,285444603.0,8.7966,6.617,3013,Released,"With personal crises and age weighing in on them, LAPD officers Riggs and Murtaugh must contend with a deadly Chinese crime lord trying to get his brother out of prison."
400160,The SpongeBob Movie: Sponge on the Run,en,2020-08-14,95,60000000.0,4810790.0,8.5062,7.388,3012,Released,"When his best friend Gary is suddenly snatched away, SpongeBob takes Patrick on a madcap mission far beyond Bikini Bottom to save their pink-shelled pal."
49520,The Change-Up,en,2011-08-05,112,52000000.0,75500000.0,7.5213,6.16,3012,Released,"Lifelong friends Dave and Mitch are envious of the other's life. Mitch thinks Dave has it all: a beautiful, loving family and a high-paying job at a prestigious law firm. But Dave thinks Mitch’s stress-free playboy life without obligation or consequence is the real dream come true. One fateful drunken night, they both admit that they wish they had the other’s life while peeing in a fountain when lightning strikes. The next morning, they wake up, hungover, in each other’s bodies! With time not on their side, Mitch and Dave comically struggle to avoid completely destroying each other’s lives before they can find a way to get their old ones back."
531219,Roald Dahl's The Witches,en,2020-10-26,104,0.0,29303571.0,7.9736,6.332,3009,Released,"In late 1967, a young orphaned boy goes to live with his loving grandma in the rural Alabama town of Demopolis. As the boy and his grandmother encounter some deceptively glamorous but thoroughly diabolical witches, she wisely whisks him away to a seaside resort. Regrettably, they arrive at precisely the same time that the world's Grand High Witch has gathered."
10202,Bedtime Stories,en,2008-12-24,99,80000000.0,212874864.0,6.2328,6.154,3009,Released,Skeeter Bronson is a down-on-his-luck guy who's always telling bedtime stories to his niece and nephew. But his life is turned upside down when the fantastical stories he makes up for entertainment inexplicably turn into reality. Can a bewildered Skeeter manage his own unruly fantasies now that the outrageous characters and situations from his mind have morphed into actual people and events?
1087192,How to Train Your Dragon,en,2025-06-06,125,150000000.0,636351148.0,35.4872,7.929,3008,Released,"On the rugged isle of Berk, where Vikings and dragons have been bitter enemies for generations, Hiccup stands apart, defying centuries of tradition when he befriends Toothless, a feared Night Fury dragon. Their unlikely bond reveals the true nature of dragons, challenging the very foundations of Viking society."
241554,Run All Night,en,2015-03-11,114,50000000.0,71561644.0,7.1904,6.4,3008,Released,"Brooklyn mobster and prolific hit man Jimmy Conlon has seen better days. Longtime best friend of a mob boss, Jimmy is haunted by the sins of his past—as well as a dogged police detective who’s been one step behind Jimmy for 30 years. But when Jimmy’s estranged son becomes a target, Jimmy must make a choice between the crime family he chose and the real family he abandoned long ago. Now, with nowhere safe to turn, Jimmy has just one night to figure out exactly where his loyalties lie and to see if he can finally make things right."
193893,Let's Be Cops,en,2014-08-13,104,17000000.0,136600000.0,10.1612,6.468,3008,Released,"Best pals Ryan and Justin are stalled in their respective careers -- a fact that is painfully driven home when they go to a college reunion. Dressed as police in the mistaken belief that they were to attend a costume party, Ryan and Justin find that the uniforms earn them much respect and attention. Although Justin is uncomfortable with the idea, Ryan decides to continue with the charade, putting them both in increasingly dangerous situations. When these newly-minted “heroes” get tangled in a real life web of mobsters and dirty detectives, they must put their fake badges on the line."
9705,Swordfish,en,2001-06-08,99,102000000.0,147080413.0,9.5887,6.271,3007,Released,"Rogue agent Gabriel Shear is determined to get his mitts on $9 billion stashed in a secret Drug Enforcement Administration account. He wants the cash to fight terrorism, but lacks the computer skills necessary to hack into the government mainframe. Enter Stanley Jobson, a n'er-do-well encryption expert who can log into anything."
619730,Don't Worry Darling,en,2022-09-21,123,35000000.0,86700000.0,8.2561,6.8,3006,Released,"Alice and Jack are lucky to be living in the idealized community of Victory, the experimental company town housing the men who work for the top-secret Victory Project and their families. But when cracks in their idyllic life begin to appear, exposing flashes of something much more sinister lurking beneath the attractive façade, Alice can’t help questioning exactly what they’re doing in Victory, and why."
4442,The Brothers Grimm,en,2005-08-26,118,88000000.0,105300000.0,6.3697,5.865,3005,Released,"Folklore collectors and con artists, Jake and Will Grimm, travel from village to village pretending to protect townsfolk from enchanted creatures and performing exorcisms. However, they are put to the test when they encounter a real magical curse in a haunted forest with real magical beings, requiring genuine courage."
309809,The Little Prince,en,2015-07-29,106,64000000.0,101281211.0,8.2612,7.616,3004,Released,"Based on the best-seller book 'The Little Prince', the movie tells the story of a little girl that lives with resignation in a world where efficiency and work are the only dogmas. Everything will change when accidentally she discovers her neighbor that will tell her about the story of the Little Prince that he once met."
10637,Remember the Titans,en,2000-09-29,113,30000000.0,136700000.0,8.2707,7.66,3004,Released,"After leading his football team to 15 winning seasons, coach Bill Yoast is demoted and replaced by Herman Boone – tough, opinionated and as different from the beloved Yoast as he could be. The two men learn to overcome their differences and turn a group of hostile young men into champions."
575265,Mission: Impossible - The Final Reckoning,en,2025-05-17,170,400000000.0,598767057.0,31.1708,7.174,3001,Released,"Ethan Hunt and team continue their search for the terrifying AI known as the Entity — which has infiltrated intelligence networks all over the globe — with the world's governments and a mysterious ghost from Hunt's past on their trail. Joined by new allies and armed with the means to shut the Entity down for good, Hunt is in a race against time to prevent the world as we know it from changing forever."
574475,Final Destination Bloodlines,en,2025-05-14,110,50000000.0,317854739.0,34.1109,7.0,3001,Released,"Plagued by a violent recurring nightmare, college student Stefanie heads home to track down the one person who might be able to break the cycle and save her family from the grisly demise that inevitably awaits them all."
9473,"South Park: Bigger, Longer & Uncut",en,1999-06-24,81,21000000.0,83137864.0,8.1703,7.285,3001,Released,"In this feature film based on the hit animated series, the third graders of South Park sneak into an R-rated film by ultra-vulgar Canadian television personalities Terrance and Phillip, and emerge with expanded vocabularies that leave their parents and teachers scandalized. When outraged Americans try to censor the film, the controversy spirals into a call to wage war on Canada and Terrance and Phillip end up on death row, with the kids their only hope of rescue."
9279,Jingle All the Way,en,1996-11-21,89,60000000.0,129832389.0,7.2837,6.067,2993,Released,"Howard Langston, a salesman for a mattress company, is constantly kept busy at his job, disappointing his son. After he misses his son's karate exposition, Howard vows to make it up to him by buying an action figure of his son's favorite television hero for Christmas. Unfortunately for Howard, it is Christmas Eve, and every store is sold out of Turbo Man. Now, Howard must travel all over town and compete with everybody else to find a Turbo Man action figure."
600583,The Power of the Dog,en,2021-10-25,127,0.0,0.0,6.0118,6.735,2991,Released,"A domineering but charismatic rancher wages a war of intimidation on his brother's new wife and her teen son, until long-hidden secrets come to light."
261392,American Ultra,en,2015-08-19,96,28000000.0,27100000.0,4.667,6.097,2991,Released,"Mike is an unmotivated stoner whose small-town life with his live-in girlfriend, Phoebe, is suddenly turned upside down.  Unbeknownst to him, Mike is actually a highly trained, lethal sleeper agent. In the blink of an eye, as his secret past comes back to haunt him, Mike is thrust into the middle of a deadly government operation and is forced to summon his inner action-hero in order to survive."
889737,Joker: Folie à Deux,en,2024-10-01,138,190000000.0,207500287.0,10.7501,5.404,2990,Released,"While struggling with his dual identity, Arthur Fleck not only stumbles upon true love, but also finds the music that's always been inside him."
638,Lost Highway,en,1997-01-15,134,15000000.0,3836866.0,10.115,7.5,2988,Released,"A tormented jazz musician finds himself lost in an enigmatic story involving murder, surveillance, gangsters, doppelgängers, and an impossible transformation inside a prison cell."
210479,Locke,en,2014-04-10,85,2000000.0,4635300.0,4.4764,6.9,2987,Released,"Ivan Locke has worked hard to craft a good life for himself. Tonight, that life will collapse around him. On the eve of the biggest challenge of his career, Ivan receives a phone call that sets in motion a series of events that will unravel his family, job, and soul."
697843,Extraction 2,en,2023-06-09,122,65000000.0,0.0,15.7276,7.394,2986,Released,"Back from the brink of death, highly skilled commando Tyler Rake takes on another dangerous mission: saving the imprisoned family of a ruthless gangster."
313922,Green Room,en,2016-04-15,95,5000000.0,3800000.0,6.2289,6.713,2983,Released,A punk rock band is forced to fight for survival after witnessing an act of violence at a skinhead bar.
1887,Marie Antoinette,en,2006-05-24,123,40000000.0,60917189.0,6.2861,6.7,2983,Released,"A retelling of the story of France’s iconic but ill-fated queen, Marie Antoinette - from her betrothal and marriage to Louis XVI at fifteen to her reign as queen at nineteen and ultimately the fall of Versailles."
531428,Portrait of a Lady on Fire,fr,2019-09-06,121,5740000.0,9923127.0,12.2581,8.092,2979,Released,"On an isolated island in Brittany at the end of the eighteenth century, a female painter is obliged to paint a wedding portrait of a young woman."
379149,The Foreigner,en,2017-09-28,114,35000000.0,145374099.0,8.7108,6.981,2978,Released,Quan is a humble London businessman whose long-buried past erupts in a revenge-fueled vendetta when the only person left for him to love – his teenage daughter – dies in an Irish Republican Army car bombing. His relentless search to find the terrorists leads to a cat-and-mouse conflict with a British government official whose own past may hold the clues to the identities of the elusive killers.
11007,Cheaper by the Dozen,en,2003-12-24,98,40000000.0,190212113.0,7.4113,6.287,2978,Released,"The Baker brood moves to Chicago after patriarch Tom gets a job coaching football at Northwestern University, forcing his writer wife, Kate, and the couple's 12 children to make a major adjustment. The transition works well until work demands pull the parents away from home, leaving the kids bored -- and increasingly mischievous."
116711,Epic,en,2013-05-15,102,100000000.0,268426634.0,9.4634,6.566,2977,Released,A teenager finds herself transported to a deep forest setting where a battle between the forces of good and the forces of evil is taking place. She bands together with a rag-tag group characters in order to save their world—and ours.
599,Sunset Boulevard,en,1950-08-10,110,1752000.0,5000000.0,10.4011,8.3,2976,Released,A hack screenwriter writes a screenplay for a former silent film star who has faded into Hollywood obscurity.
228326,The Book of Life,en,2014-10-01,95,50000000.0,97437106.0,7.7788,7.535,2975,Released,"The journey of Manolo, a young man who is torn between fulfilling the expectations of his family and following his heart. Before choosing which path to follow, he embarks on an incredible adventure that spans fantastical worlds where he must face his greatest fears."
9373,The Texas Chainsaw Massacre,en,2003-05-21,98,9500000.0,107385515.0,9.7225,6.305,2975,Released,"After picking up a traumatized young hitchhiker, five friends find themselves stalked and hunted by a chainsaw-wielding killer and his family of equally psychopathic killers."
13363,The Man from Earth,en,2007-06-10,87,200000.0,0.0,6.3793,7.627,2974,Released,"A departing professor gathers his closest colleagues for an intimate farewell, but the night takes an unexpected turn when he shares a stunning secret about his past. As the conversation unfolds, skepticism and curiosity collide, challenging everything they thought they knew about history, science, and belief."
74465,We Bought a Zoo,en,2011-11-26,124,50000000.0,120081841.0,6.6565,6.835,2972,Released,"Benjamin has lost his wife and, in a bid to start his life over, purchases a large house that has a zoo – welcome news for his daughter, but his son is not happy about it. The zoo is in need of renovation and Benjamin sets about the work with the head keeper and the rest of the staff, but, the zoo soon runs into financial trouble."
55,Amores Perros,es,2000-06-16,154,2000000.0,20908467.0,10.9054,7.645,2967,Released,"A fatalistic car crash in Mexico city sets off a chain of events in the lives of three people: a supermodel, a young man wanting to run off with his sister-in-law, and a homeless man."
49517,Tinker Tailor Soldier Spy,en,2011-09-16,127,30000000.0,81515369.0,11.1512,6.617,2965,Released,"George Smiley, the aging master spy of the Cold War and once heir apparent to Control, is brought back out of retirement to flush out a top level mole within the Circus. Smiley must travel back through his life and murky workings of the Circus to unravel the net spun by his nemesis Karla 'The Sandman' of the KGB and reveal the identity of the mole before he disappears."
8009,Highlander,en,1986-03-07,116,19000000.0,12900000.0,11.6401,6.869,2963,Released,He fought his first battle on the Scottish Highlands in 1536. He will fight his greatest battle on the streets of New York City in 1986. His name is Connor MacLeod. He is immortal.
86829,Inside Llewyn Davis,en,2013-10-18,105,11000000.0,32935319.0,5.3754,7.184,2961,Released,"In Greenwich Village in the early 1960s, gifted but volatile folk musician Llewyn Davis struggles with money, relationships, and his uncertain future."
9477,King Arthur,en,2004-07-07,126,120000000.0,203567857.0,11.0943,6.309,2961,Released,"The story of the Arthurian legend, based on the 'Sarmatian hypothesis' which contends that the legend has a historical nucleus in the Sarmatian heavy cavalry troops stationed in Britain, and that the Roman-British military commander, Lucius Artorius Castus is the historical person behind the legend."
823219,Flow,lv,2024-08-29,85,3700000.0,17660107.0,23.5244,8.077,2956,Released,"A solitary cat, displaced by a great flood, finds refuge on a boat with various species and must navigate the challenges of adapting to a transformed world together."
109491,Beautiful Creatures,en,2013-02-13,124,60000000.0,60052138.0,4.9153,6.043,2956,Released,"Ethan Wate just wants to get to know Lena Duchannes better, but unbeknownst to him, Lena has strange powers.  As Lena's 16th birthday approaches she might decide her fate, to be good or evil.  A choice which will impact her relationship forever."
445651,The Darkest Minds,en,2018-07-25,105,34000000.0,41142379.0,5.4704,7.02,2954,Released,"After a disease kills 98% of America's children, the surviving 2% develop superpowers and are placed in internment camps. A 16-year-old girl escapes her camp and joins a group of other teens on the run from the government."
568091,Fractured,en,2019-09-22,99,0.0,0.0,5.997,6.764,2952,Released,"Driving cross-country, Ray and his wife and daughter stop at a highway rest area where his daughter falls and breaks her arm. After a frantic rush to the hospital and a clash with the check-in nurse, Ray is finally able to get her to a doctor. While the wife and daughter go downstairs for an MRI, Ray, exhausted, passes out in a chair in the lobby. Upon waking up, they have no record or knowledge of Ray's family ever being checked in."
928,Gremlins 2: The New Batch,en,1990-06-15,106,50000000.0,41482207.0,5.9791,6.525,2952,Released,"Young sweethearts Billy and Kate move to the Big Apple, land jobs in a high-tech office park and soon reunite with the friendly and lovable Gizmo. But a series of accidents creates a whole new generation of Gremlins. The situation worsens when the devilish green creatures invade a top-secret laboratory and develop genetically altered powers, making them even harder to destroy!"
23437,A Nightmare on Elm Street,en,2010-04-30,95,35000000.0,115665418.0,7.3278,5.525,2950,Released,"Teenagers Nancy, Quentin, Kris, Jesse and Dean are all neighborhood friends who begin having the same dream of a horribly disfigured man who wears a tattered sweater and a glove made of knives. The man terrorizes them in their dreams, and the only escape is to wake up. But when, one by one, they start dying violently, the friends realize that what happens in the dream world is real, and the only way to stay alive is to stay awake."
610253,Halloween Kills,en,2021-10-14,105,20000000.0,133423964.0,7.347,6.4,2948,Released,"Michael manages to free himself from Laurie Strode's trap to resume his ritual bloodbath. As she fights for her life from injuries from their last encounter, she inspires her daughter Karen, her granddaughter Allyson, and all of Haddonfield to rise up against the unstoppable monster."
452507,1922,en,2017-10-20,102,5000000.0,2943477.0,3.5246,5.946,2948,Released,"A simple yet proud rancher conspires to murder his wife for financial gain, convincing his teenage son to participate."
420814,Christopher Robin,en,2018-08-01,104,75000000.0,197744825.0,7.7742,7.296,2948,Released,"Christopher Robin, the boy who had countless adventures in the Hundred Acre Wood, has grown up and lost his way. Now it’s up to his spirited and loveable stuffed animals, Winnie The Pooh, Tigger, Piglet, and the rest of the gang, to rekindle their friendship and remind him of endless days of childlike wonder and make-believe, when doing nothing was the very best something."
11024,Scooby-Doo 2: Monsters Unleashed,en,2004-03-24,93,80000000.0,181466833.0,5.0694,6.1,2947,Released,"A masked villain wreaks mayhem on the city of Coolsville with a monster machine that creates real-life versions of Mystery Inc.'s former foes like The 10,000 Volt Ghost, The Cotton Candy Glob, The Skelemen and The Pterodactyl Ghost. Fred, Daphne, Shaggy, Velma and Scooby-Doo launch an investigation into the monster outbreak that leaves Shaggy and Scooby questioning their roles in Mystery Inc. Eager to prove their detective skills, the ever-ravenous duo comes up with a secret plan to solve the mystery all by themselves. Can the gang unravel their most challenging case?"
1574,Chicago,en,2002-12-10,113,45000000.0,306776732.0,6.1766,7.133,2946,Released,Murderesses Velma Kelly and Roxie Hart find themselves on death row together and fight for the fame that will keep them from the gallows in 1920s Chicago.
257091,Get Hard,en,2015-03-26,100,40000000.0,111800000.0,8.7963,6.016,2943,Released,"When millionaire hedge fund manager James is convicted of fraud and sentenced to a stretch in San Quentin, the judge gives him one month to get his affairs in order. Knowing that he won't survive more than a few minutes in prison on his own, James desperately turns to Darnell-- a black businessman who's never even had a parking ticket -- for help. As Darnell puts James through the wringer, both learn that they were wrong about many things, including each other."
1607,A Bronx Tale,en,1993-10-01,121,22000000.0,17287898.0,12.9355,7.9,2942,Released,"Set in the Bronx during the tumultuous 1960s, an adolescent boy is torn between his honest, working-class father and a violent yet charismatic crime boss. Complicating matters is the youngster's growing attraction - forbidden in his neighborhood - for a beautiful black girl."
1032823,Trap,en,2024-07-31,105,30000000.0,83677281.0,15.7804,6.234,2936,Released,"A father and teen daughter attend a pop concert, where they realize they're at the center of a dark and sinister event."
497828,Triangle of Sadness,en,2022-09-18,147,15600000.0,24733572.0,6.9203,7.012,2932,Released,"A celebrity model couple are invited on a luxury cruise for the uber-rich, helmed by an unhinged, alcoholic captain. What first appears Instagrammable ends catastrophically, leaving the survivors stranded on a desert island in a struggle of hierarchy."
4977,Paprika,ja,2006-10-01,90,2600000.0,946590.0,9.7366,7.814,2932,Released,"Dr. Atsuko Chiba is a research psychologist who uses a device called the DC Mini to enter her patients' dreams, wherein she adopts the alter-ego ""Paprika"". When the device is stolen, she must stop rogue elements from merging the dream and waking worlds."
546121,Run,en,2020-11-20,90,0.0,5491510.0,6.4338,7.216,2931,Released,"Chloe, a teenager who is confined to a wheelchair, is homeschooled by her mother, Diane. Chloe soon becomes suspicious of her mother and begins to suspect that she may be harboring a dark secret."
9003,Hellraiser,en,1987-09-11,93,1000000.0,14580380.0,7.2781,6.883,2925,Released,A hedonistic man finds a mysterious puzzle box that summons a group of gruesome beings known as the Cenobites. These otherworldly entities open the doors to a dominion where pain and pleasure are indivisible.
459992,Long Shot,en,2019-05-02,125,40000000.0,0.0,9.0175,6.7,2924,Released,"Journalist Fred Flarsky reunites with his childhood crush, Charlotte Field, now one of the most influential women in the world. As she prepares to make a run for the Presidency, Charlotte hires Fred as her speechwriter — much to the dismay of her trusted advisers."
677179,Creed III,en,2023-03-01,116,75000000.0,275300000.0,13.3988,7.09,2923,Released,"After dominating the boxing world, Adonis Creed has thrived in his career and family life. When a childhood friend and former boxing prodigy, Damian Anderson, resurfaces after serving a long sentence in prison, he is eager to prove that he deserves his shot in the ring. The face-off between former friends is more than just a fight. To settle the score, Adonis must put his future on the line to battle Damian — a fighter with nothing to lose."
8054,The Imaginarium of Doctor Parnassus,en,2009-10-01,123,30000000.0,64352607.0,5.5022,6.386,2921,Released,"After a carnival troupe saves his life, a man agrees to help its immortal leader collect five souls and win a bet with the devil."
22894,Legion,en,2010-01-21,100,26000000.0,67918658.0,6.6429,5.912,2919,Released,"When God loses faith in humankind, he sends his legion of angels to bring on the Apocalypse. Humanity's only hope for survival lies in a group of strangers trapped in an out-of-the-way, desert diner with the Archangel Michael."
8874,My Best Friend's Wedding,en,1997-06-19,105,38000000.0,299288605.0,5.7174,6.564,2919,Released,"When she receives word that her longtime platonic pal Michael O'Neal is getting married to debutante Kimberly Wallace, food critic Julianne Potter realizes her true feelings for Michael -- and sets out to sabotage the wedding."
8204,The Spiderwick Chronicles,en,2008-02-14,95,90000000.0,164200000.0,9.9907,6.708,2914,Released,"Upon moving into the run-down Spiderwick Estate with their mother, twin brothers Jared and Simon Grace, along with their sister Mallory, find themselves pulled into an alternate world full of faeries and other creatures."
62835,Colombiana,en,2011-07-27,108,40000000.0,71508440.0,9.7375,6.647,2913,Released,"After witnessing her parents’ murder as a child in Bogota, Cataleya Restrepo grows up to be a stone-cold assassin. She works for her uncle as a hitman by day, but her personal time is spent engaging in vigilante murders that she hopes will lead her to her ultimate target: the mobster responsible for her parents' death."
740985,Borat Subsequent Moviefilm: Delivery of Prodigious Bribe to American Regime for Make Benefit Once Glorious Nation of Kazakhstan,en,2020-10-23,96,0.0,0.0,13.0877,6.429,2910,Released,"14 years after making a film about his journey across the USA, Borat risks life and limb when he returns to the United States with his young daughter, and reveals more about the culture, the COVID-19 pandemic, and the political elections."
945729,A Haunting in Venice,en,2023-09-13,104,60000000.0,121400000.0,7.8568,6.6,2909,Released,"Celebrated sleuth Hercule Poirot, now retired and living in self-imposed exile in Venice, reluctantly attends a Halloween séance at a decaying, haunted palazzo. When one of the guests is murdered, the detective is thrust into a sinister world of shadows and secrets."
762975,Purple Hearts,en,2022-07-29,122,0.0,0.0,9.2769,8.041,2909,Released,"An aspiring musician agrees to a marriage of convenience with a soon-to-deploy Marine, but a tragedy soon turns their fake relationship all too real."
11005,Awakenings,en,1990-12-04,120,31000000.0,52096475.0,7.1383,7.788,2909,Released,"Dr. Malcolm Sayer, a shy research physician, uses an experimental drug to ""awaken"" the catatonic victims of a rare disease. Leonard is the first patient to receive the controversial treatment. His awakening, filled with awe and enthusiasm, proves a rebirth for Sayer too, as the exuberant patient reveals life's simple but unutterably sweet pleasures to the introverted doctor."
1832,Dogma,en,1999-10-04,130,10000000.0,33535478.0,7.2388,6.939,2909,Released,An abortion clinic worker with a special heritage is called upon to save the existence of humanity from being negated by two renegade angels trying to exploit a loophole and reenter Heaven.
306947,The Invitation,en,2016-04-08,100,1000000.0,354835.0,4.7135,6.419,2908,Released,"Will and his new girlfriend Kira are invited to a dinner with old friends at the house of Will’s ex Eden and her new partner David. Although the evening appears to be relaxed, Will soon gets a creeping suspicion that their charming host David is up to something."
451915,Beautiful Boy,en,2018-10-12,121,25000000.0,31749905.0,9.801,7.6,2907,Released,"After he and his first wife separate, journalist David Sheff struggles to help their teenage son, who goes from experimenting with drugs to becoming devastatingly addicted to methamphetamine."
25376,The Secret in Their Eyes,es,2009-08-13,130,2000000.0,33965843.0,6.0131,7.971,2906,Released,"Hoping to put to rest years of unease concerning a past case, retired criminal investigator Benjamín begins writing a novel based on the unsolved mystery of a newlywed’s rape and murder. With the help of a former colleague, judge Irene, he attempts to make sense of the past."
595,To Kill a Mockingbird,en,1962-12-20,129,2000000.0,13129846.0,8.9373,7.988,2906,Released,"Scout Finch, 6, and her older brother Jem live in sleepy Maycomb, Alabama, spending much of their time with their friend Dill and spying on their reclusive and mysterious neighbor, Boo Radley. When Atticus, their widowed father and a respected lawyer, defends a black man named Tom Robinson against fabricated rape charges, the trial and tangent events expose the children to evils of racism and stereotyping."
13207,Friday the 13th,en,2009-02-11,97,19000000.0,91509154.0,10.3971,5.772,2905,Released,A group of young adults visit a boarded up campsite named Crystal Lake where they soon encounter the mysterious Jason Voorhees and his deadly intentions.
4476,Legends of the Fall,en,1994-12-23,133,30000000.0,160638883.0,8.2153,7.397,2904,Released,"In early 20th-century Montana, Col. William Ludlow lives on a ranch in the wilderness with his sons, Alfred, Tristan, and Samuel. Eventually, the unconventional but close-knit family are bound by loyalty, tested by war, and torn apart by love, as told over the course of several decades in this epic saga."
865,The Running Man,en,1987-11-13,101,27000000.0,38122105.0,10.1485,6.5,2904,Released,"By 2017, the global economy has collapsed and U.S. society has become a totalitarian police state, censoring all cultural activity. The government pacifies the populace by broadcasting a number of game shows in which convicted criminals fight for their lives, including the gladiator-style The Running Man, hosted by the ruthless Damon Killian, where “runners” attempt to evade “stalkers” and certain death for a chance to be pardoned and set free."
700391,65,en,2023-03-02,92,45000000.0,60730568.0,11.2216,5.946,2903,Released,"65 million years ago, the only 2 survivors of a spaceship from Somaris that crash-landed on Earth, must fend off dinosaurs to reach the escape vessel in time before an imminent asteroid strike threatens to destroy the planet."
417384,Scary Stories to Tell in the Dark,en,2019-08-08,108,25000000.0,104545505.0,7.1368,6.489,2902,Released,"Mill Valley, Pennsylvania, Halloween night, 1968. After playing a joke on a school bully, Stella and her friends decide to sneak into a supposedly haunted house that once belonged to the powerful Bellows family, unleashing dark forces that they will be unable to control."
227719,Project Almanac,en,2015-01-28,106,12000000.0,33200000.0,6.18,6.792,2902,Released,"A group of teens discover secret plans of a time machine, and construct one. However, things start to get out of control."
840326,Sisu,fi,2022-09-09,91,6600000.0,14281199.0,10.9356,7.4,2900,Released,"When an ex-soldier who discovers gold in the Lapland wilderness tries to take the loot into the city, German soldiers led by a brutal SS officer battle him."
521,Dial M for Murder,en,1954-05-29,105,1400000.0,3000000.0,5.7691,8.002,2897,Released,"When her American lover visits London, a wealthy woman’s jealous husband hatches a plan to murder her and inherit her fortune."
800158,The Killer,en,2023-10-25,118,175000000.0,362113.0,14.6154,6.6,2894,Released,"After a fateful miss, an assassin battles his employers, and himself, on an international manhunt he insists isn't personal."
614917,King Richard,en,2021-11-18,144,50000000.0,39400000.0,7.232,7.6,2893,Released,"The story of how Richard Williams served as a coach to his daughters Venus and Serena, who will soon become two of the most legendary tennis players in history."
535581,The Dead Don't Die,en,2019-05-15,104,11000000.0,15325468.0,5.5573,5.435,2892,Released,"In the sleepy town of Centerville, the lives of a number of interconnected characters are disrupted by the undead."
5925,The Great Escape,en,1963-07-03,173,4000000.0,11700000.0,9.0715,7.928,2891,Released,"The Nazis, exasperated at the number of escapes from their prison camps by a relatively small number of Allied prisoners, relocate them to a high-security 'escape-proof' camp to sit out the remainder of the war. Undaunted, the prisoners plan one of the most ambitious escape attempts of World War II. Based on a true story."
502033,Sound of Metal,en,2020-11-20,121,0.0,516520.0,6.2355,7.701,2886,Released,"Metal drummer Ruben begins to lose his hearing. When a doctor tells him his condition will worsen, he thinks his career and life is over. His girlfriend Lou checks the former addict into a rehab for the deaf hoping it will prevent a relapse and help him adapt to his new life. After being welcomed and accepted just as he is, Ruben must choose between his new normal and the life he once knew."
388399,Patriots Day,en,2016-12-12,133,45000000.0,50548152.0,8.8927,7.1,2885,Released,"In the aftermath of an unspeakable act of terror, Police Sergeant Tommy Saunders joins courageous survivors, first responders and investigators in a race against the clock to hunt down the Boston Marathon bombers before they strike again."
38117,Beastly,en,2011-01-21,86,17000000.0,43200000.0,4.3601,6.306,2885,Released,"A modern-day take on the ""Beauty and the Beast"" tale where a New York teen is transformed into a hideous monster in order to find true love."
505600,Booksmart,en,2019-05-24,102,6000000.0,24849029.0,7.8232,6.999,2884,Released,"Two academic teenage superstars realize, on the eve of their high school graduation, that they should have worked less and played more. Determined to never fall short of their peers, the girls set out on a mission to cram four years of fun into one night."
403119,47 Meters Down,en,2017-05-25,89,5500000.0,62198461.0,6.6044,5.803,2883,Released,"Two sisters on Mexican vacation are trapped in a shark observation cage at the bottom of the ocean, with oxygen running low and great whites circling nearby, they have less than an hour of air left to figure out how to get to the surface."
505948,I Am Mother,en,2019-06-07,113,0.0,643593.0,5.4557,6.71,2880,Released,"A teenage girl is raised underground by a robot ""Mother"", designed to repopulate the earth following an extinction event. But their unique bond is threatened when an inexplicable stranger arrives with alarming news."
17609,Antichrist,en,2009-05-20,104,11000000.0,7413863.0,6.4895,6.62,2876,Released,"A grieving couple retreats to their cabin 'Eden' in the woods, hoping to repair their broken hearts and troubled marriage. But nature takes its course and things go from bad to worse."
6466,Freddy vs. Jason,en,2003-08-15,97,30000000.0,116643421.0,7.748,6.098,2876,Released,"Freddy Krueger and Jason Voorhees return to terrorize the teenagers of Elm Street. Only this time, they're out to get each other, too."
5,Four Rooms,en,1995-12-09,98,4000000.0,4257354.0,7.1595,5.908,2876,Released,It's Ted the Bellhop's first night on the job...and the hotel's very unusual guests are about to place him in some outrageous predicaments. It seems that this evening's room service is serving up one unbelievable happening after another.
705861,Hustle,en,2022-06-03,117,21000000.0,0.0,5.4513,7.698,2874,Released,"After discovering a once-in-a-lifetime player with a rocky past abroad, a down on his luck basketball scout takes it upon himself to bring the phenom to the States without his team's approval. Against the odds, they have one final shot to prove they have what it takes to make it in the NBA."
266647,Pan,en,2015-09-24,111,150000000.0,128388320.0,6.9922,5.957,2874,Released,"Living a bleak existence at a London orphanage, 12-year-old Peter finds himself whisked away to the fantastical world of Neverland. Adventure awaits as he meets new friend James Hook and the warrior Tiger Lily. They must band together to save Neverland from the ruthless pirate Blackbeard. Along the way, the rebellious and mischievous boy discovers his true destiny, becoming the hero forever known as Peter Pan."
265177,Mommy,fr,2014-09-19,138,4900000.0,3494070.0,8.8749,8.199,2873,Released,"A peculiar neighbor offers hope to a recent widow who is struggling to raise a teenager who is unpredictable and, sometimes, violent."
9767,The Break-Up,en,2006-06-01,106,52000000.0,205700000.0,9.2178,5.903,2872,Released,"Pushed to the breaking-up point after their latest 'why can't you do this one little thing for me?' argument, Brooke calls it quits with her boyfriend Gary. What follows is a hilarious series of remedies, war tactics, overtures and undermining tricks – all encouraged by the former couple's friends and confidantes …and the occasional total stranger! When neither ex is willing to move out of their shared apartment, the only solution is to continue living as hostile roommates until one of them reaches breaking point."
602269,The Little Things,en,2021-01-28,128,30000000.0,29942746.0,11.2602,6.356,2871,Released,"Deputy Sheriff Joe ""Deke"" Deacon joins forces with Sgt. Jim Baxter to search for a serial killer who's terrorizing Los Angeles. As they track the culprit, Baxter is unaware that the investigation is dredging up echoes of Deke's past, uncovering disturbing secrets that could threaten more than his case."
482373,Don't Breathe 2,en,2021-08-12,98,15000000.0,53785551.0,6.1857,6.979,2871,Released,"The Blind Man has been hiding out for several years in an isolated cabin and has taken in and raised a young girl orphaned from a devastating house fire. Their quiet life together is shattered when a group of criminals kidnap the girl, forcing the Blind Man to leave his safe haven to save her."
96,Beverly Hills Cop II,en,1987-05-18,103,28000000.0,299965036.0,6.7538,6.533,2867,Released,"Axel Foley returns to the land of sunshine and palm trees to investigate the near-fatal shooting of police Captain Andrew Bogomil. With the help of Sgt. Taggart and Det. Rosewood, they soon uncover that the shooting is associated with a series of ""alphabet"" robberies masterminded by a heartless weapons kingpin—and the chase is on."
9383,Hollow Man,en,2000-08-04,112,95000000.0,190213455.0,13.2218,5.97,2864,Released,"Cocky researcher Sebastian Caine is working on a project to make living creatures invisible. Determined to achieve the ultimate breakthrough, Caine pushes his team to move to the next phase — using himself as the subject. The test is a success, but when the process can't be reversed and Caine seems doomed to future without flesh, he starts to turn increasingly dangerous."
763215,Damsel,en,2024-03-07,107,60000000.0,5000.0,11.3873,6.984,2863,Released,A young woman's marriage to a charming prince turns into a fierce fight for survival when she's offered up as a sacrifice to a fire-breathing dragon.
109443,Anchorman 2: The Legend Continues,en,2013-12-18,119,50000000.0,173700000.0,5.9653,6.144,2863,Released,"With the 70s behind him, San Diego's top rated newsman, Ron Burgundy, returns to take New York's first 24-hour news channel by storm."
9360,Anaconda,en,1997-04-11,90,45000000.0,136885767.0,10.3675,5.281,2861,Released,"A 'National Geographic' film crew is taken hostage by an insane hunter, who takes them along on his quest to capture the world's largest — and deadliest — snake."
5123,August Rush,en,2007-10-18,114,25000000.0,66122026.0,5.6128,7.421,2856,Released,"Evan, a musically gifted orphan, runs away from his orphanage and searches New York City for his birth parents. On his journey, he's taken under the wing of the Wizard, a homeless man who lives in an abandoned theater. After discovering his talent, the Wizard gives Evan the name ""August Rush"" and devises a plan to profit from his talent. Little does Evan know that his parents, Lyla and Louis, are searching for him too."
37958,Immortals,en,2011-11-10,110,75000000.0,226904017.0,8.7028,6.054,2854,Released,"Theseus is a mortal man chosen by Zeus to lead the fight against the ruthless King Hyperion, who is on a rampage across Greece to obtain a weapon that can destroy humanity."
9387,Conan the Barbarian,en,1982-03-16,130,20000000.0,68851475.0,11.3048,6.803,2854,Released,"A horde of rampaging warriors massacre the parents of young Conan and enslave the young child for years on The Wheel of Pain. As the sole survivor of the childhood massacre, Conan is released from slavery and taught the ancient arts of fighting. Transforming himself into a killing machine, Conan travels into the wilderness to seek vengeance on Thulsa Doom, the man responsible for killing his family. In the wilderness, Conan takes up with the thieves Valeria and Subotai. The group comes upon King Osric, who wants the trio of warriors to help rescue his daughter who has joined Doom in the hills."
951,Kindergarten Cop,en,1990-12-21,111,15000000.0,201957688.0,4.5588,6.129,2852,Released,"Hard-edged cop John Kimble gets more than he bargained for when he goes undercover as a kindergarten teacher to get the goods on a brutal drug lord while at the same time protecting the man's young son. Pitted against a class of boisterous moppets whose antics try his patience and test his mettle, Kimble may have met his match … in more ways than one."
346648,Paddington 2,en,2017-11-09,104,40000000.0,290132513.0,10.9049,7.479,2850,Released,"Paddington, now happily settled with the Browns, picks up a series of odd jobs to buy the perfect present for his Aunt Lucy, but it is stolen."
395990,Death Wish,en,2018-03-01,107,30000000.0,34017028.0,9.2982,6.238,2849,Released,A mild-mannered father is transformed into a killing machine after his family is torn apart by a violent act.
49527,Man on a Ledge,en,2012-01-13,102,42000000.0,46221189.0,7.0116,6.436,2843,Released,"An ex-cop turned con threatens to jump to his death from a Manhattan hotel rooftop. The NYPD dispatch a female police psychologist to talk him down. However, unbeknownst to the police on the scene, the suicide attempt is a cover for the biggest diamond heist ever pulled."
1005331,Carry-On,en,2024-12-05,120,47000000.0,0.0,17.5056,6.883,2837,Released,An airport security officer races to outsmart a mysterious traveler forcing him to let a dangerous item slip onto a Christmas Eve flight.
339397,Café Society,en,2016-05-11,97,30000000.0,43763247.0,4.8831,6.44,2837,Released,"The story of a young man who arrives in Hollywood during the 1930s hoping to work in the film industry, falls in love, and finds himself swept up in the vibrant café society that defined the spirit of the age."
541671,Ballerina,en,2025-06-04,125,90000000.0,137408107.0,23.5962,7.277,2836,Released,"Taking place during the events of John Wick: Chapter 3 – Parabellum, Eve Macarro begins her training in the assassin traditions of the Ruska Roma."
393457,Fences,en,2016-12-16,139,24000000.0,64400000.0,5.9048,6.893,2836,Released,"In 1950s Pittsburgh, a frustrated African-American father struggles with the constraints of poverty, racism, and his own inner demons as he tries to raise a family."
438650,Cold Pursuit,en,2019-02-07,119,60000000.0,76419755.0,8.7534,5.879,2829,Released,"The quiet family life of Nels Coxman, a snowplow driver, is upended after his son's murder. Nels begins a vengeful hunt for Viking, the drug lord he holds responsible for the killing, eliminating Viking's associates one by one. As Nels draws closer to Viking, his actions bring even more unexpected and violent consequences, as he proves that revenge is all in the execution."
384677,Set It Up,en,2018-06-15,105,0.0,0.0,5.0616,6.906,2827,Released,Two overworked and underpaid assistants come up with a plan to get their bosses off their backs by setting them up with each other.
804095,The Fabelmans,en,2022-11-11,151,40000000.0,45629909.0,13.9729,7.562,2825,Released,"Growing up in post-World War II era Arizona, young Sammy Fabelman aspires to become a filmmaker as he reaches adolescence, but soon discovers a shattering family secret and explores how the power of films can help him see the truth."
77174,ParaNorman,en,2012-08-03,93,60000000.0,107307220.0,7.0612,7.0,2824,Released,"In the town of Blithe Hollow, Norman Babcock can speak to the dead, but no one other than his eccentric new friend believes his ability is real. One day, Norman's eccentric uncle tells him of a ritual he must perform to protect the town from a curse cast by a witch centuries ago."
52451,The Three Musketeers,en,2011-08-31,110,75000000.0,132274484.0,7.4859,5.791,2823,Released,The hot-headed young D'Artagnan along with three former legendary but now down on their luck Musketeers must unite and defeat a beautiful double agent and her villainous employer from seizing the French throne and engulfing Europe in war.
37137,The Naked Gun 2½: The Smell of Fear,en,1991-06-28,85,23000000.0,192030411.0,8.2391,6.82,2822,Released,"Bumbling lieutenant Frank Drebin is out to foil the big boys in the energy industry, who intend to suppress technology that will put them out of business."
4512,The Assassination of Jesse James by the Coward Robert Ford,en,2007-09-20,160,30000000.0,14711793.0,6.7161,7.057,2821,Released,"Outlaw Jesse James is rumored to be the 'fastest gun in the West'. An eager recruit into James' notorious gang, Robert Ford eventually grows jealous of the famed outlaw and, when Robert and his brother sense an opportunity to kill James, their murderous action elevates their target to near mythical status."
2757,Adaptation.,en,2002-12-06,115,19000000.0,32800000.0,7.3575,7.332,2820,Released,"Charlie Kaufman is a confused L.A. screenwriter overwhelmed by feelings of inadequacy, sexual frustration, self-loathing, and by the screenwriting ambitions of his freeloading twin brother Donald. While struggling to adapt ""The Orchid Thief,"" by Susan Orlean, Kaufman's life spins from pathetic to bizarre. The lives of Kaufman and Orlean's book become strangely intertwined as each one's search for passion collides with the other's."
8584,Shanghai Noon,en,2000-05-26,110,55000000.0,99274467.0,5.6044,6.418,2817,Released,"Chon Wang, a clumsy imperial guard, trails Princess Pei Pei when she's kidnapped from the Forbidden City and transported to America. Wang follows her captors to Nevada, where he teams up with an unlikely partner, outcast outlaw Roy O'Bannon, and tries to spring the princess from her imprisonment."
2652,Hard Candy,en,2005-01-14,104,950000.0,7000000.0,7.5601,6.804,2817,Released,"Hayley’s a smart, charming teenage girl. Jeff’s a handsome, smooth fashion photographer. An Internet chat, a coffee shop meet-up, an impromptu fashion shoot back at Jeff’s place. Jeff thinks it’s his lucky night. He’s in for a surprise."
2292,Clerks,en,1994-10-19,92,27575.0,3158707.0,11.1351,7.371,2809,Released,"Convenience and video store clerks Dante and Randal are sharp-witted, potty-mouthed and bored out of their minds. So in between needling customers, the counter jockeys play hockey on the roof, visit a funeral home and deal with their love lives."
463272,Johnny English Strikes Again,en,2018-08-30,88,25000000.0,158972570.0,8.6455,6.283,2808,Released,"Disaster strikes when a criminal mastermind reveals the identities of all active undercover agents in Britain. The secret service can now rely on only one man - Johnny English. Currently teaching at a minor prep school, Johnny springs back into action to find the mysterious hacker. For this mission to succeed, he’ll need all of his skills - what few he has - as the man with yesterday’s analogue methods faces off against tomorrow’s digital technology."
167,K-PAX,en,2001-10-26,120,48000000.0,50315140.0,6.3355,7.21,2808,Released,"Prot is a patient at a mental hospital who claims to be from a far away planet. His psychiatrist tries to help him, only to begin to doubt his own explanations."
97,Tron,en,1982-07-09,96,17000000.0,33002371.0,7.3506,6.629,2803,Released,"When brilliant video game maker Flynn hacks the mainframe of his ex-employer, he is beamed inside an astonishing digital world and becomes part of the very game he is designing. In his mission through cyberspace, Flynn matches wits with a maniacal Master Control Program and teams up with Tron, a security measure created to bring balance to the digital environment."
8051,Punch-Drunk Love,en,2002-10-11,96,25000000.0,24665649.0,5.4882,7.108,2802,Released,A socially awkward and volatile small business owner meets the love of his life after being threatened by a gang of scammers.
242512,Ouija,en,2014-10-24,89,5000000.0,103600000.0,5.4619,5.135,2800,Released,A group of friends must confront their most terrifying fears when they awaken the dark powers of an ancient spirit board.
13597,Labyrinth,en,1986-06-27,101,25000000.0,12729917.0,9.833,7.29,2798,Released,"Frustrated with babysitting on yet another weekend night, Sarah, a teenager with an active imagination, summons the Goblins to take her baby stepbrother away. When little Toby actually disappears, Sarah must follow him into a fantastical world to rescue him from the Goblin King. Guarding his castle is the labyrinth itself, a twisted maze of deception, populated with outrageous characters and unknown dangers."
678512,Sound of Freedom,en,2023-07-03,131,14500000.0,250600000.0,8.4927,7.954,2796,Released,"The story of Tim Ballard, a former US government agent, who quits his job in order to devote his life to rescuing children from global sex traffickers."
399360,Alpha,en,2018-08-17,97,51000000.0,99630675.0,5.6936,6.6,2795,Released,"In the prehistoric past, Keda, a young and inexperienced hunter, struggles to return home after being separated from his tribe when bison hunting goes awry. On his way back he will find an unexpected ally."
9408,Surf's Up,en,2007-06-08,85,85000000.0,149000000.0,12.6297,6.514,2795,Released,"With a documentary crew in tow, Cody Maverick—a young surfer from Antarctica—travels to the pacific for his first professional competition. Determined to earn respect and live up to his idol, Big Z, Cody pushes himself to the limit. But all that changes when an encounter with a laid-back local forces him to rethink his values."
361292,Suspiria,en,2018-10-26,152,20000000.0,7953089.0,6.6166,6.898,2794,Released,"A darkness swirls at the center of a world-renowned dance company, one that will engulf the artistic director, an ambitious young dancer, and a grieving psychotherapist. Some will succumb to the nightmare. Others will finally wake up."
10601,Peter Pan,en,2003-12-18,113,100000000.0,121975011.0,14.7451,7.133,2792,Released,"In stifling Edwardian London, Wendy Darling mesmerizes her brothers every night with bedtime tales of swordplay, swashbuckling and the fearsome Captain Hook. But the children become the heroes of an even greater story, when Peter Pan flies into their nursery one night and leads them over moonlit rooftops through a galaxy of stars and to the lush jungles of Neverland."
1368166,The Housemaid,en,2025-12-18,131,35000000.0,399644671.0,41.4337,7.269,2789,Released,"Trying to escape her past, Millie Calloway accepts a job as a live-in housemaid for the wealthy Nina and Andrew Winchester. But what begins as a dream job quickly unravels into something far more dangerous—a sexy, seductive game of secrets, scandal, and power."
23048,Hot Tub Time Machine,en,2010-03-26,101,36000000.0,64780213.0,5.3742,6.048,2789,Released,"Four pals are stuck in a rut in adulthood: Adam has just been dumped, Lou is a hopeless party animal, Nick is a henpecked husband, and Jacob does nothing but play video games in his basement. But they get a chance to brighten their future by changing their past after a night of heavy drinking in a ski-resort hot tub results in their waking up in 1986."
984,Dirty Harry,en,1971-12-23,102,4000000.0,35976000.0,9.1795,7.5,2789,Released,"When a madman dubbed 'Scorpio' terrorizes San Francisco, hard-nosed cop, Harry Callahan – famous for his take-no-prisoners approach to law enforcement – is tasked with hunting down the psychopath."
12144,The Land Before Time,en,1988-11-18,69,12500000.0,84704291.0,6.4308,7.156,2785,Released,"An orphaned brontosaurus named Littlefoot sets off in search of the legendary Great Valley. A land of lush vegetation where the dinosaurs can thrive and live in peace. Along the way he meets four other young dinosaurs, each one a different species, and they encounter several obstacles as they learn to work together in order to survive."
9482,Judge Dredd,en,1995-06-30,96,90000000.0,113493481.0,11.3521,5.858,2785,Released,"In a dystopian future where Judges maintain law and order by acting as judge, jury, and executioner, Dredd fights to prove his innocence after being falsely accused of murder."
539885,Ava,en,2020-07-02,96,0.0,2987741.0,6.2252,5.8,2783,Released,A black ops assassin is forced to fight for her own survival after a job goes dangerously wrong.
210860,Mortdecai,en,2015-01-21,107,60000000.0,47318560.0,5.9745,5.52,2783,Released,"An art dealer, Charles Mortdecai, searches for a stolen painting rumored to contain a secret code that gains access to hidden Nazi gold."
985,Eraserhead,en,1977-09-28,89,100000.0,7100000.0,9.5206,7.335,2783,Released,"First-time father Henry Spencer tries to survive his industrial environment, his angry girlfriend, and the unbearable screams of his newly born mutant child."
308369,Me and Earl and the Dying Girl,en,2015-06-12,105,0.0,0.0,4.9144,7.531,2782,Released,"Greg is coasting through senior year of high school as anonymously as possible, avoiding social interactions like the plague while secretly making spirited, bizarre films with Earl, his only friend. But both his anonymity and friendship threaten to unravel when his mother forces him to befriend a classmate with leukemia."
10331,Night of the Living Dead,en,1968-10-04,96,114000.0,30236452.0,7.2606,7.607,2781,Released,A ragtag group barricade themselves in an old Pennsylvania farmhouse to remain safe from a horde of flesh-eating ghouls ravaging the Northeast.
20048,Confessions of a Shopaholic,en,2009-02-05,104,40000000.0,108394089.0,7.0678,6.489,2780,Released,"In the glamorous world of New York City, Rebecca Bloomwood is a fun-loving girl who is really good at shopping – a little too good, perhaps. She dreams of working for her favorite fashion magazine, but can't quite get her foot in the door – until ironically, she snags a job as an advice columnist for a financial magazine published by the same company."
10567,Dinosaur,en,2000-05-19,82,127500000.0,354248063.0,8.4053,6.579,2780,Released,An orphaned dinosaur raised by lemurs joins an arduous trek to a sancturary after a meteorite shower destroys his family home.
20453,3 Idiots,hi,2009-12-23,171,9000000.0,70000000.0,14.1784,8.006,2776,Released,"Rascal. Joker. Dreamer. Genius... You've never met a college student quite like ""Rancho."" From the moment he arrives at India's most prestigious university, Rancho's outlandish schemes turn the campus upside down—along with the lives of his two newfound best friends. Together, they make life miserable for ""Virus,"" the school’s uptight and heartless dean. But when Rancho catches the eye of the dean's daughter, Virus sets his sights on flunking out the ""3 idiots"" once and for all."
1226578,Longlegs,en,2024-07-10,101,10000000.0,127961936.0,9.7804,6.516,2774,Released,"FBI Agent Lee Harker is a gifted new recruit assigned to the unsolved case of an elusive serial killer. As the case takes complex turns, unearthing evidence of the occult, Harker discovers a personal connection to the merciless killer and must race against time to stop him before he claims the lives of another innocent family."
1138194,Heretic,en,2024-10-31,111,10000000.0,51913394.0,16.1752,6.968,2771,Released,"Two young missionaries are forced to prove their faith when they knock on the wrong door and are greeted by a diabolical Mr. Reed, becoming ensnared in his deadly game of cat-and-mouse."
192141,No Escape,en,2015-08-26,103,5000000.0,54400000.0,8.7189,6.948,2768,Released,"In their new overseas home, an American family soon finds themselves caught in the middle of a coup, and they frantically look for a safe escape in an environment where foreigners are being immediately executed."
567189,Tom Clancy's Without Remorse,en,2021-04-30,110,0.0,0.0,7.6777,6.937,2766,Released,An elite Navy SEAL uncovers an international conspiracy while seeking justice for the murder of his pregnant wife.
11545,Rushmore,en,1998-12-11,93,9000000.0,17096053.0,4.4897,7.396,2765,Released,"When a beautiful first-grade teacher arrives at a prep school, she soon attracts the attention of an ambitious teenager named Max, who quickly falls in love with her. Max turns to the father of two of his schoolmates for advice on how to woo the teacher. However, the situation soon gets complicated when Max's new friend becomes involved with her, setting the two pals against one another in a war for her attention."
2330,Taxi,fr,1998-04-08,86,8700000.0,44218015.0,8.5316,6.7,2765,Released,"In Marseilles a skilled pizza delivery boy Daniel who drives a scooter finally has his dreams come true. He gets a taxi license. Caught by the police for a huge speed infraction, he will help Emilien, a loser inspector who can't drive, on the track of German bank robbers, so he doesn't lose his license and his dream job."
419680,Daddy's Home 2,en,2017-11-09,100,69000000.0,180613180.0,6.4832,6.305,2764,Released,"Father and stepfather Dusty and Brad join forces to make Christmastime perfect for the children. Their newfound partnership soon gets put to the test when Dusty's old-school, macho dad and Brad's gentle father arrive to turn the holiday upside down. After a sudden change in plans, the four men decide to take the kids to a luxury resort for a fun-filled getaway that turns into a hilarious and chaotic adventure."
522162,Midway,en,2019-11-06,138,100000000.0,127400000.0,8.6758,7.103,2763,Released,"The story of the Battle of Midway, and the leaders and soldiers who used their instincts, fortitude and bravery to overcome massive odds."
7347,Elite Squad,pt,2007-10-05,115,4000000.0,14759148.0,7.7123,8.06,2763,Released,"In 1997, before the visit of the pope to Rio de Janeiro, Captain Nascimento from BOPE (Special Police Operations Battalion) is assigned to eliminate the risks of the drug dealers in a dangerous slum nearby where the pope intends to be lodged."
292011,Richard Jewell,en,2019-12-13,131,45000000.0,33900000.0,6.6965,7.416,2762,Released,"Richard Jewell thinks quick, works fast, and saves hundreds, perhaps thousands, of lives after a domestic terrorist plants several pipe bombs and they explode during a concert, only to be falsely suspected of the crime by sloppy FBI work and sensational media coverage."
744275,After We Fell,en,2021-09-01,99,14000000.0,21753705.0,20.8935,6.997,2761,Released,"Just as Tessa's life begins to become unglued, nothing is what she thought it would be. Not her friends nor her family. The only person that she should be able to rely on is Hardin, who is furious when he discovers the massive secret that she's been keeping. Before Tessa makes the biggest decision of her life, everything changes because of revelations about her family."
14560,Paul Blart: Mall Cop,en,2009-01-15,91,26000000.0,183293131.0,6.114,5.454,2756,Released,"When a shopping mall is taken over by a gang of organized crooks, it's up to a mild-mannered security guard to save the day."
937287,Challengers,en,2024-04-18,132,55000000.0,94182533.0,15.354,6.9,2755,Released,"Tennis player turned coach Tashi has taken her husband, Art, and transformed him into a world-famous Major champion. To jolt him out of his recent losing streak, she signs him up for a ""Challenger"" event — close to the lowest level of pro tournament — where he finds himself standing across the net from his former best friend and Tashi's former boyfriend."
10204,Around the World in 80 Days,en,2004-06-16,120,110000000.0,72178895.0,6.9055,5.955,2754,Released,"A bet pits a British inventor, a Chinese thief and a French artist on a worldwide adventure that they can circle the globe in 80 days."
10867,Malena,it,2000-10-27,108,0.0,14493284.0,23.7035,7.545,2753,Released,"12-year-old Renato experiences three significant events on the same day: the beginning of the Second World War, getting a bike, and witnessing the arrival of the gorgeous Malèna. Through his eyes, we see the curse of beauty and loneliness of Malena, whose husband is presumed dead, and, through his soul, we see his love for her."
1100988,28 Years Later,en,2025-06-18,115,60000000.0,151308832.0,27.482,6.603,2752,Released,"Twenty-eight years after the Rage virus outbreak, a heavily-defended island survives connected to the mainland by a single causeway. When one of the group leaves the island into the dark heart of the mainland, he discovers secrets, wonders, and horrors that have mutated not only the infected but other survivors as well."
80271,LOL,en,2012-02-10,97,11000000.0,10500000.0,3.0328,6.098,2752,Released,"In a world connected by YouTube, iTunes, and Facebook, Lola and her friends navigate the peer pressures of high school romance and friendship while dodging their sometimes overbearing and confused parents. When Lola's mom, Anne, ""accidentally"" reads her teenage daughter's racy journal, she realizes just how wide their communication gap has grown."
9257,S.W.A.T.,en,2003-08-08,117,80000000.0,207700000.0,7.9792,6.16,2751,Released,"Hondo Harrelson recruits Jim Street to join an elite unit of the Los Angeles Police Department. Together they seek out more members, including tough Deke Kay and single mom Chris Sanchez. The team's first big assignment is to escort crime boss Alex Montel to prison. It seems routine, but when Montel offers a huge reward to anyone who can break him free, criminals of various stripes step up for the prize."
814,An American Werewolf in London,en,1981-08-21,97,10000000.0,31973249.0,13.2635,7.394,2748,Released,"American tourists David and Jack are savagely attacked by an unidentified animal while hiking on the Yorkshire Moors. After retiring to the home of a beautiful nurse to recuperate, David soon begins experiencing disturbing changes to his body and mind."
225565,That Awkward Moment,en,2014-01-29,94,8000000.0,45600000.0,3.384,6.141,2747,Released,"Best pals Jason and Daniel indulge in casual flings and revel in their carefree, unattached lives. After learning that the marriage of their friend Mikey is over, they gladly welcome him back into their circle. The three young men make a pact to have fun and avoid commitment. However, when all three find themselves involved in serious relationships, they must keep their romances secret from one another."
171274,Inherent Vice,en,2014-12-12,149,20000000.0,14810975.0,7.2938,6.539,2747,Released,"In Los Angeles at the turn of the 1970s, drug-fueled detective Larry ""Doc"" Sportello investigates the disappearance of an ex-girlfriend."
132344,Before Midnight,en,2013-04-05,109,3000000.0,11176469.0,5.878,7.49,2746,Released,"It has been nine years since we last met Jesse and Celine, the French-American couple who once met on a train in Vienna. They now live in Paris with twin daughters but have spent a summer in Greece at the invitation of an author colleague of Jesse's. When the vacation is over and Jesse must send his teenage son off to the States, he begins to question his life decisions, and his relationship with Celine is at risk."
10316,The Ides of March,en,2011-10-07,101,12500000.0,76338111.0,5.9352,6.678,2746,Released,Dirty tricks stand to soil an ambitious young press spokesman's idealism in a cutthroat presidential campaign where 'victory' is relative.
5825,National Lampoon's Christmas Vacation,en,1989-11-30,97,27000000.0,74542088.0,14.5874,7.232,2745,Released,"It's Christmastime, and the Griswolds are preparing for a family seasonal celebration. But things never run smoothly for Clark, his wife Ellen, and their two kids. Clark's continual bad luck is worsened by his obnoxious family guests, but he manages to keep going, knowing that his Christmas bonus is due soon."
460458,Resident Evil: Welcome to Raccoon City,en,2021-11-24,107,25000000.0,41914915.0,12.5482,5.928,2744,Released,"Once the booming home of pharmaceutical giant Umbrella Corporation, Raccoon City is now a dying Midwestern town. The company’s exodus left the city a wasteland…with great evil brewing below the surface. When that evil is unleashed, the townspeople are forever…changed…and a small group of survivors must work together to uncover the truth behind Umbrella and make it through the night."
8374,The Boondock Saints,en,1999-01-22,108,6000000.0,38256.0,6.7748,7.252,2743,Released,"Tired of the crime overrunning the streets of Boston, Irish Catholic twin brothers Conner and Murphy are inspired by their faith to cleanse their hometown of evil with their own brand of zealous vigilante justice. As they hunt down and kill one notorious gangster after another, they become controversial folk heroes in the community. But Paul Smecker, an eccentric FBI agent, is fast closing in on their blood-soaked trail."
321741,Concussion,en,2015-11-12,123,35000000.0,50400000.0,5.6911,7.078,2742,Released,"A dramatic thriller based on the incredible true David vs. Goliath story of American immigrant Dr. Bennet Omalu, the brilliant forensic neuropathologist who made the first discovery of CTE, a football-related brain trauma, in a pro player and fought for the truth to be known. Omalu's emotional quest puts him at dangerous odds with one of the most powerful institutions in the world."
271718,Trainwreck,en,2015-07-17,125,35000000.0,140795793.0,6.6324,5.783,2741,Released,"Ever since her father drilled into her head that monogamy isn't realistic, magazine writer Amy has made promiscuity her credo. As much as she enjoys an uninhibited life free of commitment, Amy is really in a rut. While writing a profile about charming and successful sports doctor Aaron Conners, she finds herself actually falling in love for the first time -- and what's more, Aaron seems to really like her too. Amy starts to wonder if it's time to clean up her act and face her fears."
24420,The Time Traveler's Wife,en,2009-08-14,107,39000000.0,101344412.0,7.4624,6.9,2741,Released,"Due to a genetic disorder, handsome librarian Henry DeTamble involuntarily zips through time, appearing at various moments in the life of his true love, the beautiful artist Clare Abshire."
18533,Bronson,en,2009-03-13,92,230000.0,2300000.0,4.3912,6.943,2732,Released,"A young man who was sentenced to 7 years in prison for robbing a post office ends up spending 30 years in solitary confinement. During this time, his own personality is supplanted by his alter ego, Charles Bronson."
762509,Mufasa: The Lion King,en,2024-12-18,118,200000000.0,722631756.0,24.2199,7.298,2728,Released,"Mufasa, a cub lost and alone, meets a sympathetic lion named Taka, the heir to a royal bloodline. The chance meeting sets in motion an expansive journey of a group of misfits searching for their destiny."
553,Dogville,en,2003-05-21,178,10000000.0,16690617.0,6.0795,7.752,2726,Released,"A woman on the run from the mob is reluctantly accepted in a small Colorado community in exchange for labor, but when a search visits the town, she learns that their support has a price."
449562,The Hustle,en,2019-05-09,94,21000000.0,97400000.0,10.6493,6.188,2724,Released,"Two female scam artists, one low rent and the other high class, compete to swindle a naïve tech prodigy out of his fortune. A remake of the 1988 comedy ""Dirty Rotten Scoundrels."""
72387,Safe,en,2012-04-16,94,30000000.0,40300000.0,7.2158,6.497,2724,Released,"After a former elite agent rescues a 12-year-old Chinese girl who's been abducted, they find themselves in the middle of a standoff between Triads, the Russian Mafia and high-level corrupt New York City politicians and police."
239571,The Best of Me,en,2014-10-15,117,26000000.0,35926213.0,5.0508,7.471,2723,Released,A pair of former high school sweethearts reunite after many years when they return to visit their small hometown.
8195,Ronin,en,1998-09-25,122,55000000.0,70692101.0,6.3348,6.967,2723,Released,"A briefcase with undisclosed contents – sought by Irish terrorists and the Russian mob – makes its way into criminals' hands. An Irish liaison assembles a squad of mercenaries, or 'ronin', and gives them the thorny task of recovering the case."
9894,The Cable Guy,en,1996-06-10,96,47000000.0,102825796.0,6.9489,6.001,2722,Released,"When recently single Steven moves into his new apartment, cable guy Chip comes to hook him up—and doesn't let go. Initially, Chip is just overzealous in his desire to be Steven's pal, but when Steven tries to end the 'friendship', Chip shows his dark side. He begins stalking Steven, who's left to fend for himself because no one else can believe Chip's capable of such behaviour."
83899,You're Next,en,2013-08-22,94,1000000.0,14347000.0,6.404,6.6,2721,Released,"When the Davison family comes under attack during their wedding anniversary getaway, the gang of mysterious killers soon learns that one of their victims harbors a secret talent for fighting back."
429300,Adrift,en,2018-05-31,96,35000000.0,59945012.0,5.9078,6.833,2721,Released,"Tami Oldham and Richard Sharp couldn't anticipate that they would be sailing directly into one of the most catastrophic hurricanes in recorded history. In the aftermath of the storm, Tami awakens to find Richard badly injured and their boat in ruins. With no hope of rescue, Tami must now find the strength and determination to save herself and the only man she has ever loved."
10358,Zack and Miri Make a Porno,en,2008-09-18,102,24000000.0,42105111.0,8.6187,6.339,2720,Released,"Lifelong platonic friends Zack and Miri look to solve their respective cash-flow problems by making an adult film together. As the cameras roll, however, the duo begin to sense that they may have more feelings for each other than they previously thought."
565426,To All the Boys: P.S. I Still Love You,en,2020-02-03,102,0.0,0.0,4.1669,6.825,2719,Released,Lara Jean and Peter have just taken their romance from pretend to officially real when another recipient of one of her love letters enters the picture.
7552,Fun with Dick and Jane,en,2005-12-21,90,100000000.0,202026112.0,6.3811,6.225,2717,Released,"After Dick Harper loses his job at Globodyne in an Enron-esque collapse, he and his wife, Jane, turn to crime in order to handle the massive debt they now face. Two intelligent people, Dick and Jane actually get pretty good at robbing people and even enjoy it -- but they have second thoughts when they're reminded that crime can hurt innocent people. When the couple hears that Globodyne boss Jack McCallister actually swindled the company, they plot revenge."
508883,The Boy and the Heron,ja,2023-07-14,124,50000000.0,294200000.0,12.2318,7.39,2716,Released,"While the Second World War rages, the teenage Mahito, haunted by his mother's tragic death, is relocated from Tokyo to the serene rural home of his new stepmother Natsuko, a woman who bears a striking resemblance to the boy's mother.  As he tries to adjust, this strange new world grows even stranger following the appearance of a persistent gray heron, who perplexes and bedevils Mahito, dubbing him the ""long-awaited one."""
9645,Ghost Ship,en,2002-10-25,91,35000000.0,71142361.0,10.1083,6.004,2715,Released,"After discovering a passenger ship missing since 1962 floating adrift on the Bering Sea, salvagers claim the vessel as their own. Once they begin towing the ghost ship towards harbor, a series of bizarre occurrences happen and the group becomes trapped inside the ship, which they soon learn is inhabited by a demonic creature."
718032,Licorice Pizza,en,2021-11-26,133,40000000.0,33277069.0,7.4263,6.945,2714,Released,"The story of Gary Valentine and Alana Kane growing up, running around and going through the treacherous navigation of first love in the San Fernando Valley, 1973."
476299,Ghostland,en,2018-03-14,91,0.0,0.0,5.7784,7.398,2714,Released,"A mother of two inherits a home from her aunt. On the first night in the new home she is confronted with murderous intruders and fights for her daughters’ lives. Sixteen years later the daughters reunite at the house, and that is when things get strange..."
284,The Apartment,en,1960-06-21,126,3000000.0,25000000.0,9.7136,8.189,2714,Released,"Bud Baxter is a minor clerk in a huge New York insurance company, until he discovers a quick way to climb the corporate ladder. He lends out his apartment to the executives as a place to take their mistresses. Although he often has to deal with the aftermath of their visits, one night he's left with a major problem to solve."
325348,Hardcore Henry,en,2015-09-12,97,2000000.0,16810562.0,5.9699,6.414,2713,Released,"Henry, a newly resurrected cyborg who must save his wife/creator from the clutches of a psychotic tyrant with telekinetic powers, AKAN, and his army of mercenaries. Fighting alongside Henry is Jimmy, who is Henry's only hope to make it through the day. Hardcore Henry takes place over the course of one day, in Moscow, Russia."
19898,Pandorum,en,2009-09-08,108,33000000.0,20648328.0,5.3048,6.598,2711,Released,"Two crew members wake up on an abandoned spacecraft with no idea who they are, how long they've been asleep, or what their mission is. The two soon discover they're actually not alone – and the reality of their situation is more horrifying than they could have imagined."
10665,The Strangers,en,2008-05-29,86,9000000.0,83051676.0,6.9614,6.117,2711,Released,"After a 4 a.m. knock at the door and haunting voices, Kristen McKay and James Hoyt’s remote getaway becomes a psychological night of terror as three masked strangers invade. Now they must go far beyond what they thought themselves capable of if they hope to survive."
602223,The Forever Purge,en,2021-06-30,103,18000000.0,76994245.0,8.0219,6.854,2710,Released,All the rules are broken as a sect of lawless marauders decides that the annual Purge does not stop at daybreak and instead should never end as they chase a group of immigrants who they want to punish because of their harsh historical past.
459151,The Boss Baby: Family Business,en,2021-07-01,107,82000000.0,146745280.0,12.2412,7.3,2710,Released,The Templeton brothers — Tim and his Boss Baby little bro Ted — have become adults and drifted away from each other. But a new boss baby with a cutting-edge approach and a can-do attitude is about to bring them together again … and inspire a new family business.
812583,Wake Up Dead Man: A Knives Out Mystery,en,2025-11-26,145,210000000.0,4000000.0,21.3221,7.208,2708,Released,"When young priest Jud Duplenticy is sent to assist charismatic firebrand Monsignor Jefferson Wicks, it’s clear that all is not well in the pews. After a sudden and seemingly impossible murder rocks the town, the lack of an obvious suspect prompts local police chief Geraldine Scott to join forces with renowned detective Benoit Blanc to unravel a mystery that defies all logic."
9947,Elektra,en,2005-01-13,97,43000000.0,56681566.0,12.6062,5.052,2708,Released,"Elektra the warrior survives a near-death experience, becomes an assassin-for-hire, and tries to protect her two latest targets, a single father and his young daughter, from a group of supernatural assassins."
591273,Fear Street: 1994,en,2021-06-28,108,10000000.0,284000000.0,7.0943,6.686,2707,Released,"After a series of brutal slayings, a teen and her friends take on an evil force that's plagued their notorious town for centuries."
11319,The Rescuers,en,1977-06-22,78,7500000.0,169015869.0,8.9953,6.791,2707,Released,Two agents of the mouse-run International Rescue Aid Society search for a little orphan girl kidnapped by sinister treasure hunters.
646389,Plane,en,2023-01-11,107,25000000.0,74515586.0,9.0713,6.896,2705,Released,"After a heroic job of successfully landing his storm-damaged aircraft in a war zone, a fearless pilot finds himself between the agendas of multiple militias planning to take the plane and its passengers hostage."
480414,The Curse of La Llorona,en,2019-04-17,93,9000000.0,123233739.0,7.701,5.645,2704,Released,"In 1970s Los Angeles, the legendary ghost La Llorona is stalking the night -- and the children. Ignoring the eerie warning of a troubled mother, a social worker and her own kids are drawn into a frightening supernatural realm. Their only hope of surviving La Llorona's deadly wrath is a disillusioned priest who practices mysticism to keep evil at bay."
5156,Bicycle Thieves,it,1948-07-21,89,133000.0,450159.0,6.3823,8.167,2702,Released,"Unemployed Antonio is elated when he finally finds work hanging posters around war-torn Rome. However on his first day, his bicycle—essential to his work—gets stolen. His job is doomed unless he can find the thief. With the help of his son, Antonio combs the city, becoming desperate for justice."
403587,Return,en,1985-10-31,82,0.0,0.0,0.8013,6.141,2701,Released,"After reading an article about hypnotic regression, a woman whose maternal grandfather died when she was only three years old contacts the hypnotic subject named in the article believing that he is the reincarnation of her grandfather, and hoping that she can learn the truth about how he died."
8914,Deep Blue Sea,en,1999-07-28,105,60000000.0,164648231.0,10.5084,5.998,2701,Released,"Researchers on the undersea lab Aquatica have genetically altered the brains of captive sharks to develop a cure for Alzheimer's disease. But there's an unexpected side effect: the sharks got smarter, faster, and more dangerous. After a big storm damages their remote research facility, they must fight for their lives."
228970,Wild,en,2014-12-05,115,15000000.0,52501541.0,4.5863,7.009,2697,Released,A woman with a tragic past decides to start her new life by hiking for one thousand miles on the Pacific Crest Trail.
292431,Love,fr,2015-07-15,134,3000000.0,249083.0,6.785,6.457,2696,Released,"Murphy is an American living in Paris who enters a highly sexually and emotionally charged relationship with the unstable Electra. Unaware of the seismic effect it will have on their relationship, they invite their pretty neighbor into their bed."
619778,Malignant,en,2021-09-01,111,40000000.0,34891791.0,7.5748,6.758,2688,Released,"Madison is paralyzed by shocking visions of grisly murders, and her torment worsens as she discovers that these waking dreams are in fact terrifying realities with a mysterious tie to her past."
23047,Season of the Witch,en,2011-01-07,95,40000000.0,91627228.0,4.9675,5.531,2688,Released,"A 14th century Crusader returns with his comrade to a homeland devastated by the Black Plague. The Church commands the two knights to transport a witch to a remote abbey, where monks will perform a ritual in hopes of ending the pestilence."
9350,Cliffhanger,en,1993-05-28,113,70000000.0,255000211.0,7.8785,6.52,2684,Released,"A year after losing his friend in a tragic 4,000-foot fall, former ranger Gabe Walker and his partner, Hal, are called to return to the same peak to rescue a group of stranded climbers, only to learn the climbers are actually thieving hijackers who are looking for boxes full of money."
660,Thunderball,en,1965-12-11,130,9000000.0,141200000.0,8.5985,6.67,2684,Released,A criminal organization has obtained two nuclear bombs and are asking for a 100 million pound ransom in the form of diamonds in seven days or they will use the weapons. The secret service sends James Bond to the Bahamas to once again save the world.
68737,Seventh Son,en,2014-12-12,102,95000000.0,114178613.0,10.4127,5.528,2682,Released,"John Gregory, who is a seventh son of a seventh son and also the local spook, has protected the country from witches, boggarts, ghouls and all manner of things that go bump in the night. However John is not young anymore, and has been seeking an apprentice to carry on his trade. Most have failed to survive. The last hope is a young farmer's son named Thomas Ward. Will he survive the training to become the spook that so many others couldn't?"
467244,The Zone of Interest,en,2023-12-15,105,15000000.0,52631884.0,14.8159,7.01,2677,Released,"The commandant of Auschwitz, Rudolf Höss, and his wife Hedwig, strive to build a dream life for their family in a house and garden next to the camp."
18501,Gamer,en,2009-09-03,95,50000000.0,40800000.0,5.9106,5.692,2673,Released,"Mind-control technology has taken society by a storm, a multiplayer on-line game called ""Slayers"" allows players to control human prisoners in mass-scale. Simon controls Kable, the online champion of the game. Kable's ultimate challenge becomes regaining his identity and independence by defeating the game's mastermind."
41436,Paranormal Activity 2,en,2010-10-20,91,3000000.0,177512032.0,4.8052,5.801,2672,Released,"Just as Daniel and Kristi welcome a newborn baby into their home, a demonic presence begins terrorizing them, tearing apart their perfect world and turning it into an inescapable nightmare."
949423,Pearl,en,2022-09-16,102,1000000.0,9847490.0,11.3123,7.2,2669,Released,"Trapped on her family’s isolated farm, Pearl must tend to her ailing father under the bitter and overbearing watch of her devout mother. Lusting for a glamorous life like she’s seen in the movies, Pearl’s ambitions, temptations, and repressions collide."
9567,Tears of the Sun,en,2003-03-07,121,75000000.0,86500000.0,8.8686,6.894,2669,Released,"Navy SEAL Lieutenant A.K. Waters and his elite squadron of tactical specialists are forced to choose between their duty and their humanity, between following orders by ignoring the conflict that surrounds them, or finding the courage to follow their conscience and protect a group of innocent refugees. When the democratic government of Nigeria collapses and the country is taken over by a ruthless military dictator, Waters, a fiercely loyal and hardened veteran is dispatched on a routine mission to retrieve a Doctors Without Borders physician."
416477,The Big Sick,en,2017-03-30,120,5000000.0,56303596.0,11.2887,7.323,2667,Released,"Pakistan-born comedian Kumail Nanjiani and grad student Emily Gardner fall in love but struggle as their cultures clash. When Emily contracts a mysterious illness, Kumail finds himself forced to face her feisty parents, his family's expectations, and his true feelings."
9757,Norbit,en,2007-02-08,102,10000000.0,159814490.0,11.1073,5.729,2666,Released,"A mild-mannered guy who is engaged to a monstrous woman meets the woman of his dreams, and schemes to find a way to be with her."
8848,The Bank Job,en,2008-02-28,112,20000000.0,64828421.0,8.9445,6.9,2665,Released,"Terry is a small-time car dealer trying to leave his shady past behind and start a family. Martine is a beautiful model from Terry's old neighbourhood who knows that Terry is no angel. When Martine proposes a foolproof plan to rob a bank, Terry recognises the danger but realises this may be the opportunity of a lifetime."
568160,Weathering with You,ja,2019-07-19,112,11100000.0,192729404.0,8.8491,7.975,2664,Released,"The summer of his high school freshman year, Hodaka runs away from his remote island home to Tokyo, and quickly finds himself pushed to his financial and personal limits. The weather is unusually gloomy and rainy every day, as if taking its cue from his life. After many days of solitude, he finally finds work as a freelance writer for a mysterious occult magazine. Then, one day, Hodaka meets Hina on a busy street corner. This bright and strong-willed girl possesses a strange and wonderful ability: the power to stop the rain and clear the sky."
8470,John Q,en,2002-02-15,116,36000000.0,102244770.0,7.188,7.135,2661,Released,"John Quincy Archibald is a father and husband whose son is diagnosed with an enlarged heart and then finds out he cannot receive a transplant because HMO insurance will not cover it. Therefore, he decides to take a hospital full of patients hostage until the hospital puts his son's name on the donor's list."
38167,Eat Pray Love,en,2010-08-12,133,60000000.0,204594016.0,9.3778,6.247,2660,Released,"A married woman realizes how unhappy her marriage really is, and that her life needs to go in a different direction. After a painful divorce, she takes off on a round-the-world journey to ""find herself""."
418078,It Comes at Night,en,2017-06-09,91,5000000.0,19280931.0,4.2181,5.871,2659,Released,"Secure within a desolate home as an unnatural threat terrorizes the world, a man has established a tenuous domestic order with his wife and son, but this will soon be put to test when a desperate young family arrives seeking refuge."
338,"Good Bye, Lenin!",de,2003-02-13,121,4800000.0,79384880.0,4.5095,7.539,2659,Released,Alex Kerner's mother was in a coma while the Berlin wall fell. When she wakes up he must try to keep her from learning what happened (as she was an avid communist supporter) to avoid shocking her which could lead to another heart attack.
539537,Fantasy Island,en,2020-02-12,109,7000000.0,49447308.0,6.497,5.753,2658,Released,"A group of contest winners arrive at an island hotel to live out their dreams, only to find themselves trapped in nightmare scenarios."
335796,Ouija: Origin of Evil,en,2016-10-20,99,9000000.0,81831866.0,5.2863,6.16,2658,Released,"In 1967 Los Angeles, a widowed mother and her two daughters add a new stunt to bolster their séance scam business and unwittingly invite authentic evil into their home. When the youngest daughter is overtaken by the merciless spirit, this small family confronts unthinkable fears to save her and send her possessor back to the other side."
549053,Last Christmas,en,2019-11-07,103,30000000.0,121600000.0,5.7718,7.195,2657,Released,"Kate is a young woman who has a habit of making bad decisions, and her last date with disaster occurs after she accepts work as Santa's elf for a department store. However, after she meets Tom there, her life takes a new turn."
8390,"Definitely, Maybe",en,2008-02-08,112,0.0,55447968.0,6.4317,6.938,2654,Released,"When Will decides to tell his daughter the story of how he met her mother, he discovers that a second look at the past might also give him a second chance at the future."
458305,Vivarium,en,2019-09-07,99,4000000.0,488000.0,9.2566,6.07,2653,Released,"A young woman and her fiancé are in search of the perfect starter home. After following a mysterious real estate agent to a new housing development, the couple finds themselves trapped in a maze of identical houses and forced to raise an otherworldly child."
888,The Flintstones,en,1994-05-27,91,46000000.0,341631208.0,9.2773,5.377,2652,Released,Modern Stone Age family the Flintstones hit the big screen in this live-action version of the classic cartoon. Fred helps Barney adopt a child. Barney sees an opportunity to repay him when Slate Mining tests its employees to find a new executive. But no good deed goes unpunished.
776503,CODA,en,2021-08-13,112,10000000.0,1905058.0,11.8623,7.887,2648,Released,"As a CODA (Child of Deaf Adults), Ruby is the only hearing person in her deaf family. When the family's fishing business is threatened, Ruby finds herself torn between pursuing her love of music and her fear of abandoning her parents."
2976,Hairspray,en,2007-07-19,116,75000000.0,90450008.0,5.8289,6.7,2646,Released,"Pleasantly plump teenager Tracy Turnblad auditions to be on Baltimore's most popular dance show - The Corny Collins Show - and lands a prime spot. Through her newfound fame, she becomes determined to help her friends and end the racial segregation that has been a staple of the show."
696,Manhattan,en,1979-04-25,96,9000000.0,40194067.0,4.7207,7.707,2644,Released,Manhattan explores how the life of a middle-aged television writer dating a teenage girl is further complicated when he falls in love with his best friend's mistress.
522931,Hitman's Wife's Bodyguard,en,2021-06-14,117,70000000.0,70060492.0,9.3553,6.633,2643,Released,"The world’s most lethal odd couple – bodyguard Michael Bryce and hitman Darius Kincaid – are back on another life-threatening mission. Still unlicensed and under scrutiny, Bryce is forced into action by Darius's even more volatile wife, the infamous international con artist Sonia Kincaid. As Bryce is driven over the edge by his two most dangerous protectees, the trio get in over their heads in a global plot and soon find that they are all that stand between Europe and a vengeful and powerful madman."
55787,Water for Elephants,en,2011-04-15,122,38000000.0,117094902.0,4.0554,6.93,2643,Released,"In this captivating Depression-era melodrama, impetuous veterinary student Jacob Jankowski joins a celebrated circus as an animal caretaker but faces a wrenching dilemma when he's transfixed by angelic married performer Marlena."
316023,Mike and Dave Need Wedding Dates,en,2016-07-07,98,33000000.0,77100000.0,5.0147,6.047,2642,Released,"Mike and Dave are young, adventurous, fun-loving brothers who tend to get out of control at family gatherings. When their sister Jeanie reveals her Hawaiian wedding plans, the rest of the Stangles insist that the brothers bring respectable dates. After placing an ad on Craigslist, the siblings decide to pick Tatiana and Alice, two charming and seemingly normal women. Once they arrive on the island, however, Mike and Dave realize that their companions are ready to get wild and party."
412656,Chaos Walking,en,2021-02-24,109,125000000.0,26508132.0,8.2061,6.544,2641,Released,"Two unlikely companions embark on a perilous adventure through the badlands of an unexplored planet as they try to escape a dangerous and disorienting reality, where all inner thoughts are seen and heard by everyone."
180299,The Raid 2,id,2014-03-27,150,4500000.0,6566916.0,8.0046,7.609,2639,Released,"After fighting his way through an apartment building populated by an army of dangerous criminals and escaping with his life, SWAT team member Rama goes undercover, joining a powerful Indonesian crime syndicate to protect his family and uncover corrupt members of his own force."
634492,Madame Web,en,2024-02-14,117,80000000.0,100498764.0,16.9208,5.284,2638,Released,"Forced to confront revelations about her past, paramedic Cassandra Webb forges a relationship with three young women destined for powerful futures...if they can all survive a deadly present."
58244,Upside Down,en,2012-09-27,104,60000000.0,22187813.0,4.9938,6.279,2637,Released,"In an alternate universe where twinned worlds have opposite gravities, a young man battles interplanetary prejudice and the laws of physics in his quest to reunite with the long-lost girl of his dreams in this visually stunning romantic adventure that poses the question: what if love was stronger than gravity?"
38810,Dogtooth,el,2009-10-22,98,275000.0,110248.0,5.8886,7.034,2637,Released,"Three teenagers are confined to an isolated country estate that could very well be on another planet. The trio spend their days listening to endless homemade tapes that teach them a whole new vocabulary. Any word that comes from beyond their family abode is instantly assigned a new meaning. Hence 'the sea' refers to a large armchair and 'zombies' are little yellow flowers. Having invented a brother whom they claim to have ostracized for his disobedience, the uber-controlling parents terrorize their offspring into submission."
14564,Rings,en,2017-02-01,102,25000000.0,83080890.0,5.7281,5.024,2637,Released,"Julia becomes worried about her boyfriend Holt when he explores the dark urban legend of a mysterious videotape said to kill the watcher seven days after viewing. She sacrifices herself to save her boyfriend and in doing so makes a horrifying discovery: there is a ""movie within the movie"" that no one has ever seen before."
848326,Rebel Moon - Part One: A Child of Fire,en,2023-12-15,134,83000000.0,0.0,8.7053,6.218,2635,Released,"When the ruthless forces of the Motherworld threaten a quiet farming village on a distant moon, a mysterious outsider becomes its best hope for survival."
1281,Bean,en,1997-07-03,89,18000000.0,251212670.0,6.5604,6.482,2633,Released,"Childlike Englishman, Mr. Bean, is an incompetent watchman at the Royal National Gallery. After the museum's board of directors' attempt to have him fired is blocked by the chairman, who has taken a liking to Bean, they send him to Los Angeles to act as their ambassador for the unveiling of a historic painting to humiliate him. Fooled, Mr. Bean must now successfully unveil the painting or risk his and a hapless Los Angeles curator's termination."
5528,The Chorus,fr,2004-03-17,97,5300000.0,83600000.0,8.5895,7.741,2631,Released,"In 1940s France, a new teacher at a school for disruptive boys gives hope and inspiration."
629542,The Bad Guys,en,2022-03-17,100,80000000.0,250162278.0,20.4384,7.51,2629,Released,"When the Bad Guys, a crew of criminal animals, are finally caught after years of heists and being the world’s most-wanted villains, Mr. Wolf brokers a deal to save them all from prison."
339877,Loving Vincent,en,2017-06-22,95,5500000.0,42187665.0,5.8281,7.987,2628,Released,A young man arrives at the last hometown of painter Vincent van Gogh to deliver the troubled artist's final letter and ends up investigating his final days there.
115782,Jobs,en,2013-08-15,129,12000000.0,42100000.0,4.1643,6.128,2628,Released,The story of Steve Jobs' ascension from college dropout into one of the most revered creative entrepreneurs of the 20th century.
407436,Mowgli: Legend of the Jungle,en,2018-11-25,105,175000000.0,0.0,7.4499,6.475,2627,Released,"A human child raised by wolves, must face off against a menacing tiger named Shere Khan, as well as his own origins."
43947,I Spit on Your Grave,en,2010-06-17,108,2000000.0,572809.0,18.1091,6.507,2626,Released,"A beautiful woman from the city, Jennifer Hills, rents an isolated cabin in the country to write her latest novel. Soon, a group of local lowlifes subject her to a nightmare of degradation, rape, and violence."
858,Sleepless in Seattle,en,1993-06-24,105,21000000.0,227799884.0,7.9844,6.746,2626,Released,"After the death of his mother, a young boy calls a radio station in an attempt to set his father up on a date. Across the country, an engaged woman becomes convinced that they belong together, despite their never having met. Will their paths collide despite the odds?"
581392,Peninsula,ko,2020-07-15,116,17000000.0,42698327.0,10.1081,6.71,2622,Released,A soldier and his team battle hordes of post-apocalyptic zombies in the wastelands of the Korean Peninsula.
9312,Mortal Kombat,en,1995-08-18,101,18000000.0,122195920.0,9.5396,5.916,2619,Released,"For nine generations an evil sorcerer has been victorious in hand-to-hand battle against his mortal enemies. If he wins a tenth Mortal Kombat tournament, desolation and evil will reign over the multiverse forever. To save Earth, three warriors must overcome seemingly insurmountable odds, their own inner demons, and superhuman foes."
77987,Only God Forgives,en,2013-05-30,89,4800000.0,10300000.0,3.9835,5.813,2613,Released,"Julian, who runs a Thai boxing club as a front organization for his family's drug smuggling operation, is forced by his mother Crystal to find and kill the individual responsible for his brother's recent death."
104,Run Lola Run,de,1998-08-20,80,1530000.0,7660911.0,8.0122,7.304,2612,Released,"Lola receives a phone call from her boyfriend Manni. He lost 100,000 DM in a subway train that belongs to a very bad guy. She has 20 minutes to raise this amount and meet Manni. Otherwise, he will rob a store to get the money. Three different alternatives may happen depending on some minor event along Lola's run."
262,The King of Comedy,en,1982-12-18,109,19000000.0,2536000.0,6.4773,7.778,2611,Released,"Aspiring comic Rupert Pupkin attempts to achieve success in show business by stalking his idol, a late night talk-show host who craves his own privacy."
2133,The Perfect Storm,en,2000-06-29,130,130000000.0,328718434.0,6.9201,6.483,2610,Released,"In October 1991, a confluence of weather conditions combined to form a killer storm in the North Atlantic. Caught in the storm was the sword-fishing boat Andrea Gail."
88794,J. Edgar,en,2011-11-09,137,35000000.0,84606030.0,5.147,6.232,2608,Released,"As the face of law enforcement in the United States for almost 50 years, J. Edgar Hoover was feared and admired, reviled and revered. But behind closed doors, he held secrets that would have destroyed his image, his career, and his life."
457335,Guns Akimbo,en,2020-02-27,98,15000000.0,835102.0,6.3875,6.435,2605,Released,"An ordinary guy suddenly finds himself forced to fight a gladiator-like battle for a dark website that streams the violence for viewers. In order to survive and rescue his kidnapped ex-girlfriend, he must battle Nix, a heavily armed and much more experienced fighter."
11770,Shaolin Soccer,cn,2001-07-05,113,10000005.0,42776760.0,19.8665,7.199,2605,Released,A young Shaolin follower reunites with his discouraged brothers to form a soccer team using their martial art skills to their advantage.
1429,25th Hour,en,2002-12-19,135,5000000.0,23932055.0,7.3398,7.3,2605,Released,"On the eve of a seven-year prison sentence, a New York drug dealer spends his final day of freedom confronting his past, his relationships, and the choices that led to his downfall in a city still reeling from 9/11."
9007,Just Like Heaven,en,2005-09-16,95,58000000.0,102900000.0,6.5824,6.972,2603,Released,"Shortly after David Abbott moves into his new San Francisco digs, he has an unwelcome visitor on his hands: winsome Elizabeth Masterson, who asserts that the apartment is hers -- and promptly vanishes. When she starts appearing and disappearing at will, David thinks she's a ghost, while Elizabeth is convinced she's alive."
8923,Green Street Hooligans,en,2005-09-09,109,0.0,4333271.0,5.1867,7.274,2601,Released,"After being wrongfully expelled from Harvard University, American Matt Buckner flees to his sister's home in England. Once there, he is befriended by her charming and dangerous brother-in-law, Pete Dunham, and introduced to the underworld of British football hooliganism. Matt learns to stand his ground through a friendship that develops against the backdrop of this secret and often violent world. 'Green Street Hooligans' is a story of loyalty, trust and the sometimes brutal consequences of living close to the edge."
2135,The Time Machine,en,2002-03-04,96,80000000.0,123729176.0,8.7504,6.335,2601,Released,"Hoping to alter the events of the past, a 19th-century inventor instead travels 800,000 years into the future, where he finds mankind divided into two warring races."
2082,Halloween,en,2007-08-31,110,15000000.0,80460948.0,6.0569,6.244,2598,Released,"The early years of young Michael Myers and the events leading up to his fateful Halloween night murder rampage in the quiet town of Haddonfield, Illinois."
587807,Tom & Jerry,en,2021-02-10,101,50000000.0,136536687.0,17.855,6.721,2596,Released,"Tom the cat and Jerry the mouse get kicked out of their home and relocate to a fancy New York hotel, where a scrappy employee named Kayla will lose her job if she can’t evict Jerry before a high-class wedding at the hotel. Her solution? Hiring Tom to get rid of the pesky mouse."
8265,Welcome to the Sticks,fr,2008-02-20,106,11000000.0,245144417.0,3.5624,6.707,2596,Released,"Although living a comfortable life in Salon-de-Provence, a charming town in the South of France, Julie has been feeling depressed for a while. To please her, Philippe Abrams, a post office administrator, her husband, tries to obtain a transfer to a seaside town, on the French Riviera, at any cost. The trouble is that he is caught red-handed while trying to scam an inspector. Philippe is immediately banished to the distant unheard of town of Bergues, in the Far North of France..."
9574,Flubber,en,1997-11-26,93,80000000.0,178000000.0,7.1994,5.673,2594,Released,"Professor Phillip Brainard, an absent minded professor, works with his assistant Weebo, trying to create a substance that's a new source of energy and that will save Medfield College where his sweetheart Sara is the president. He has missed his wedding twice, and on the afternoon of his third wedding, Professor Brainard creates flubber, which allows objects to fly through the air."
364433,They Call Me Jeeg,it,2016-02-25,112,1900000.0,5973344.0,3.7073,7.398,2593,Released,"Exposed to radioactive waste, small-time crook Enzo gains super-strength. A misanthropic, introverted brute, he uses his powers for personal gain until he meets Alessia, a mentally ill girl who believes Enzo is the hero from her favorite anime, Steel Jeeg."
899112,Violent Night,en,2022-11-30,112,20000000.0,75734910.0,7.2797,7.214,2592,Released,"When a team of mercenaries breaks into a wealthy family compound on Christmas Eve, taking everyone inside hostage, the team isn’t prepared for a surprise combatant: Santa Claus is on the grounds, and he’s about to show why this Nick is no saint."
38745,Gulliver's Travels,en,2010-12-23,85,112000000.0,237382724.0,4.632,5.222,2586,Released,"Travel writer Lemuel Gulliver takes an assignment in Bermuda, but ends up on the island of Liliput, where he towers over its tiny citizens."
1262,Stranger Than Fiction,en,2006-11-10,113,30000000.0,53653224.0,6.402,7.295,2584,Released,Harold Crick is a lonely IRS agent whose mundane existence is transformed when he hears a mysterious voice narrating his life.
504,Monster,en,2003-12-24,109,8000000.0,58469210.0,5.8465,7.206,2584,Released,"In 1989, prostitute Aileen Wuornos befriends and enters a relationship with a young woman named Selby. Determined to straighten out her life, Aileen's limited education lands her back on the corner. She's raped by a trick, who she kills. A string of murder and robbery follows that ultimately leads Aileen to becoming America's first female serial killer."
926,Galaxy Quest,en,1999-12-25,102,45000000.0,90683916.0,13.2981,7.092,2583,Released,"For four years, the courageous crew of the NSEA Protector —  Commander Peter Quincy Taggart, Lieutenant Tawny Madison, and Doctor Lazarus — set off on a thrilling and often dangerous mission in space... until their series was cancelled! Now, twenty years later, aliens under attack have mistaken the Galaxy Quest television transmissions for ""historical documents"" and beam up the crew of has-been actors to save the universe. With no script, no director, and no clue, the actors must turn in the performances of their lives."
38321,Priest,en,2011-05-05,87,60000000.0,84154026.0,9.0681,5.893,2582,Released,"In an alternate world, humanity and vampires have warred for centuries. After the last Vampire War, the veteran Warrior Priest lives in obscurity with other humans inside one of the Church's walled cities. When the Priest's niece is kidnapped by vampires, the Priest breaks his vows to hunt them down. He is accompanied by the niece's boyfriend, who is a wasteland sheriff, and a former Warrior Priestess."
840430,The Holdovers,en,2023-10-27,133,13000000.0,42513270.0,11.5677,7.6,2581,Released,"A curmudgeonly instructor at a New England prep school is forced to remain on campus during Christmas break to babysit the handful of students with nowhere to go. Eventually, he forms an unlikely bond with one of them — a damaged, brainy troublemaker — and with the school’s head cook, who has just lost a son in Vietnam."
294963,Bone Tomahawk,en,2015-10-23,133,1800000.0,475846.0,6.6454,6.882,2580,Released,"During a shootout in a saloon, Sheriff Hunt injures a suspicious stranger. The doctor's assistant, wife of the local foreman, tends to him in prison. That night, the town is attacked and they both disappear—only the arrow of a cannibal tribe is found. Hunt and a few of his men go in search of the prisoner and the foreman's wife."
11460,Red Eye,en,2005-08-10,85,26000000.0,57891803.0,11.0776,6.391,2578,Released,"An overnight flight to Miami quickly becomes a battle for survival when Lisa realizes her seatmate plans to use her as part of a chilling assassination plot against the Deputy Secretary of Homeland Security. If she refuses to cooperate, her own father will be killed. As the miles tick by, she's in a race against time to find a way to warn the potential victims before it's too late."
82703,Mr. Peabody & Sherman,en,2014-02-07,92,145000000.0,272912430.0,8.1965,6.739,2576,Released,"A young boy and his dog, who happens to have a genius-level IQ, spring into action when their time-machine is stolen and moments in history begin to be changed."
4970,Gothika,en,2003-11-21,98,40000000.0,141591324.0,4.5852,6.152,2573,Released,"After a car crash, criminal psychologist Dr. Miranda Grey regains consciousness only to find that she's a patient in the same mental institution that currently employs her. She's been accused of murdering her husband Dr. Douglas Grey — but she has no memory of committing the crime. As she tries to regain her memory and convince her co-worker, Dr. Pete Graham, of her innocence, a vengeful spirit uses her as an earthly pawn, which further convinces everyone of her guilt."
365942,The Space Between Us,en,2017-01-26,121,30000000.0,14793385.0,5.8204,7.042,2572,Released,A young man raised by scientists on Mars returns to Earth to find his father.
228165,The SpongeBob Movie: Sponge Out of Water,en,2015-01-28,93,74000000.0,325186032.0,11.3857,6.109,2572,Released,"Evil pirate Burger Beard is in search of the final page of a magical book that makes any evil plan he writes in it come true, but the final page happens to be the Krabby Patty secret formula. When Burger Beard endangers Bikini Bottom, SpongeBob, Patrick, Mr. Krabs, Squidward, Sandy, and Plankton must embark on a quest to retrieve the recipe and save their city...a quest that takes them to the surface world and transforms them into superheroes."
36593,Naked Gun 33⅓: The Final Insult,en,1994-03-18,83,30000000.0,132032598.0,8.7454,6.518,2572,Released,"Frank Drebin is persuaded out of retirement to go undercover in a state prison. There he has to find out what top terrorist, Rocco, has planned for when he escapes. Adding to his problems, Frank's wife, Jane, is desperate for a baby."
552178,Dark Waters,en,2019-11-22,127,20000000.0,13601384.0,8.8703,7.529,2571,Released,"A tenacious attorney uncovers a dark secret that connects a growing number of unexplained deaths to one of the world's largest corporations. In the process, he risks everything — his future, his family, and his own life — to expose the truth."
3563,I Now Pronounce You Chuck & Larry,en,2007-07-12,115,85000000.0,187134117.0,6.6612,6.095,2568,Released,"Firefighters Chuck Ford and Larry Valentine are guy's guys, loyal to the core—which is why when widower Larry asks Chuck to pose as his lover so that he can get domestic partner benefits for his kids, his buddy agrees. However, things get dicey when a bureaucrat comes calling, and the boys are forced to present a picture of domestic bliss."
12159,What Dreams May Come,en,1998-10-02,113,85000000.0,71485043.0,6.0241,7.244,2567,Released,"Chris Nielsen dies to find himself in a heaven more amazing than he could have ever dreamed of. There is one thing missing: his wife. After he died, his wife Annie killed herself and went to hell. Chris decides to risk eternity in Hades for the small chance that he will be able to bring her back to heaven."
10996,Stuart Little 2,en,2002-07-19,78,120000000.0,169956806.0,4.6151,5.774,2566,Released,"Stuart, an adorable white mouse, still lives happily with his adoptive family, the Littles, on the east side of Manhattan's Central Park. More crazy mouse adventures are in store as Stuart, his human brother, George, and their mischievous cat, Snowbell, set out to rescue a friend."
387,Das Boot,de,1981-09-17,150,14000000.0,85000000.0,12.2147,8.083,2565,Released,"A German submarine hunts allied ships during the Second World War, but it soon becomes the hunted. The crew tries to survive below the surface, while stretching both the boat and themselves to their limits."
2022,Mr. Deeds,en,2002-06-28,97,50000000.0,171269565.0,10.6413,5.922,2564,Released,"When Longfellow Deeds, a small-town pizzeria owner and poet, inherits $40 billion from his deceased uncle, he quickly begins rolling in a different kind of dough. Moving to the big city, Deeds finds himself besieged by opportunists all gunning for their piece of the pie. Babe, a television tabloid reporter, poses as an innocent small-town girl to do an exposé on Deeds."
747188,Asteroid City,en,2023-06-08,105,25000000.0,53857743.0,8.6798,6.453,2563,Released,"In an American desert town circa 1955, the itinerary of a Junior Stargazer/Space Cadet convention is spectacularly disrupted by world-changing events."
9493,Twins,en,1988-12-09,107,15000000.0,216614388.0,7.8781,6.053,2563,Released,Julius and Vincent Benedict are the results of an experiment that would allow for the perfect child. Julius was planned and grows to athletic proportions. Vincent is an accident and is somewhat smaller in stature. Vincent is placed in an orphanage while Julius is taken to a south seas island and raised by philosophers. Vincent becomes the ultimate low life and is about to be killed by loan sharks.
8536,Superman II,en,1980-12-04,127,54000000.0,216385706.0,10.5553,6.764,2563,Released,"Three Kryptonian criminals led by General Zod team up with Lex Luthor to conquer Earth, forcing a depowered Superman to regain his strength and stop them."
290512,The Mountain Between Us,en,2017-10-05,109,35000000.0,62832209.0,5.2102,6.647,2561,Released,"Stranded on a mountain after a tragic plane crash, two strangers must work together to endure the extreme elements of the remote, snow-covered terrain. When they realize help is not coming, they embark on a perilous journey across hundreds of miles of wilderness, pushing each other to survive and discovering their inner strength."
422,8½,it,1963-02-14,139,0.0,0.0,6.0996,8.082,2556,Released,"Guido Anselmi, a film director, finds himself creatively barren at the peak of his career. Urged by his doctors to rest, Anselmi heads for a luxurious resort, but a sorry group gathers—his producer, staff, actors, wife, mistress, and relatives—each one begging him to get on with the show. In retreat from their dependency, he fantasizes about past women and dreams of his childhood."
625568,Unhinged,en,2020-07-16,90,33000000.0,39238300.0,7.9507,6.424,2555,Released,"Rachel is a divorced single mother whose bad day gets even worse. She's running late to drop her son off at school when she honks her horn impatiently at a fellow driver during rush-hour traffic. After an exchange of words, she soon realizes that the mysterious man is following her and her young son in his truck. A case of road rage quickly escalates, at horrifyingly psychotic proportions, into full-blown terror as Rachel discovers the psychopath's sinister plan for revenge. He is single-mindedly determined to teach her a deadly lesson."
303991,Demolition,en,2016-04-06,101,10000000.0,4366460.0,6.239,6.848,2553,Released,An emotionally desperate investment banker finds hope through a woman he meets.
9384,Starsky & Hutch,en,2004-03-05,101,60000000.0,170300000.0,6.5751,5.821,2553,Released,"Join uptight David Starsky and laid-back Ken ""Hutch"" Hutchinson as they're paired for the first time as undercover cops. The new partners must overcome their differences to solve an important case with help from street informant Huggy Bear and persuasive criminal Reese Feldman."
548,Rashomon,ja,1950-08-26,88,250000.0,117668.0,6.7868,8.03,2552,Released,Four people recount different versions of the story of a man's murder and the rape of his wife.
267193,Grimsby,en,2016-02-24,83,35000000.0,28000000.0,6.439,5.948,2550,Released,"Wrongfully accused and on the run, a top MI6 assassin joins forces with his long-lost, football hooligan brother to save the world from a sinister plot."
522,Ed Wood,en,1994-09-28,127,18000000.0,5900000.0,4.8669,7.484,2550,Released,"The mostly true story of the legendary ""worst director of all time"", who, with the help of his strange friends, filmed countless B-movies without ever becoming famous or successful."
79,Hero,zh,2002-12-19,99,31000000.0,177394432.0,12.6418,7.505,2547,Released,"During China's Warring States period, a district prefect arrives at the palace of Qin Shi Huang, claiming to have killed the three assassins who had made an attempt on the king's life three years ago."
277217,Descendants,en,2015-07-31,112,0.0,0.0,13.524,7.177,2546,Released,"A present-day idyllic kingdom where the benevolent teenage son of King Adam and Queen Belle offers a chance of redemption for the troublemaking offspring of Disney's classic villains: Cruella De Vil (Carlos), Maleficent (Mal), the Evil Queen (Evie) and Jafar (Jay)."
1106739,Juror #2,en,2024-10-30,114,30000000.0,21418477.0,16.0493,6.892,2545,Released,"While serving as a juror in a high profile murder trial, family man Justin Kemp finds himself struggling with a serious moral dilemma…one he could use to sway the jury verdict and potentially convict—or free—the accused killer."
332210,Storks,en,2016-09-22,87,70000000.0,182379278.0,7.69,6.681,2545,Released,"Storks deliver babies…or at least they used to. Now they deliver packages for a global internet retail giant. Junior, the company’s top delivery stork, is about to be promoted when he accidentally activates the Baby Making Machine, producing an adorable and wholly unauthorized baby girl..."
11978,Men of Honor,en,2000-09-13,129,32000000.0,82300000.0,7.1394,7.491,2544,Released,"Against formidable odds -- and an old-school diving instructor embittered by the U.S. Navy's new, less prejudicial policies -- Carl Brashear sets his sights on becoming the Navy's first African-American master diver in this uplifting true story. Their relationship starts out on the rocks, but fate ultimately conspires to bring the men together into a setting of mutual respect, triumph and honor."
648579,The Unbearable Weight of Massive Talent,en,2022-04-20,107,30000000.0,29116320.0,6.5811,6.773,2543,Released,"Creatively unfulfilled and facing financial ruin, Nick Cage must accept a $1 million offer to attend the birthday of a dangerous superfan. Things take a wildly unexpected turn when Cage is recruited by a CIA operative and forced to live up to his own legend, channeling his most iconic and beloved on-screen characters in order to save himself and his loved ones."
384680,Hostiles,en,2017-12-22,134,55000000.0,36976336.0,7.5641,6.947,2543,Released,A legendary Native American-hating Army captain nearing retirement in 1892 is given one last assignment: to escort a Cheyenne chief and his family through dangerous territory back to his Montana reservation.
1398,Stalker,ru,1979-05-25,162,120000.0,0.0,13.7891,8.086,2543,Released,"Near a gray and unnamed city is the Zone, a place guarded by barbed wire and soldiers, and where the normal laws of physics are victim to frequent anomalies. A stalker guides two men into the Zone, specifically to an area in which deep-seated desires are granted."
581600,Spenser Confidential,en,2020-03-06,110,0.0,0.0,4.4656,6.5,2542,Released,"Spenser, a former Boston patrolman who just got out from prison, teams up with Hawk, an aspiring fighter, to unravel the truth behind the death of two police officers."
9397,Evolution,en,2001-06-08,102,80000000.0,98376292.0,9.0291,6.117,2541,Released,"A comedy that follows the chaos that ensues when a meteor hits the Earth carrying alien life forms that give new meaning to the term ""survival of the fittest."" David Duchovny, Orlando Jones, Seann William Scott, and Julianne Moore are the only people standing between the aliens and world domination... which could be bad news for the Earth."
12242,Mulan II,en,2004-11-03,79,0.0,0.0,10.2691,6.531,2537,Released,"Fa Mulan gets the surprise of her young life when her love, Captain Li Shang asks for her hand in marriage. Before the two can have their happily ever after, the Emperor assigns them a secret mission, to escort three princesses to Chang'an, China. Mushu is determined to drive a wedge between the couple after he learns that he will lose his guardian job if Mulan marries into the Li family."
10950,I Am Sam,en,2001-12-28,132,22000000.0,92542418.0,9.1099,7.6,2536,Released,"Sam, a neurodivergent man, has a daughter with a homeless woman who abandons them when they leave the hospital, leaving Sam to raise Lucy on his own. But as Lucy grows up, Sam's limitations as a parent start to become a problem and the authorities take her away. Sam convinces high-priced lawyer Rita to take his case pro bono and in turn teaches her the value of love and family."
663712,Terrifier 2,en,2022-10-06,138,250000.0,15815602.0,10.6686,6.674,2535,Released,"A year after the Miles County massacre, Art the Clown is resurrected by a sinister entity. Art returns home, where he must hunt down and destroy teenage Sienna and her younger brother Jonathan on Halloween. As the body count rises, the siblings fight to stay alive while uncovering the true nature of Art's evil intent."
87818,Movie 43,en,2013-01-24,98,6000000.0,32443111.0,9.7575,4.661,2535,Released,"A series of interconnected short films are the backdrop for a maniac screenwriter who pitches insane storylines featuring some of Hollywood's biggest and brightest.  In some countries, like the United Kingdom and the Netherlands, the structure differs. Instead of a pitch, the films are connected by a group of three teenagers searching for the most banned film in the world, Movie 43, which will ultimately lead to the destruction of civilization."
473,Pi,en,1998-07-10,84,60000.0,3221152.0,4.1953,7.1,2533,Released,"A mathematical genius discovers a link between numbers and reality, and thus believes he can predict the future."
483906,Polar,en,2019-01-25,118,0.0,0.0,8.6533,6.387,2532,Released,"When a retiring assassin realizes that he is the target of a hit, he winds up back in the game going head to head with a gang of younger, ruthless killers."
428449,A Ghost Story,en,2017-04-24,93,100000.0,1929659.0,4.6747,7.061,2532,Released,"Recently deceased, a white-sheeted ghost returns to his suburban home to console his bereft wife, only to find that in his spectral state he has become unstuck in time, forced to watch passively as the life he knew and the woman he loves slowly slip away."
6950,Outbreak,en,1995-03-10,129,50000000.0,189900000.0,6.1519,6.569,2532,Released,"A deadly airborne virus finds its way into the USA and starts killing off people at an epidemic rate. Col. Sam Daniels' job is to stop the virus spreading from a small town, which must be quarantined, and to prevent an over reaction by the White House."
783,Gandhi,en,1982-12-01,192,22000000.0,77737889.0,4.9754,7.56,2531,Released,"In the early years of the 20th century, Mohandas K. Gandhi, a British-trained lawyer, forsakes all worldly possessions to take up the cause of Indian independence. Faced with armed resistance from the British government, Gandhi adopts a policy of 'passive resistance', endeavouring to win freedom for his people without resorting to bloodshed."
968051,The Nun II,en,2023-09-06,110,38500000.0,269670590.0,14.7202,6.634,2529,Released,"In 1956 France, a priest is violently murdered, and Sister Irene begins to investigate. She once again comes face-to-face with a powerful evil."
37472,Ip Man 2,cn,2010-04-29,108,12900000.0,36000000.0,0.8794,7.462,2527,Released,"Having defeated the best fighters of the Imperial Japanese army in occupied Shanghai, Ip Man and his family settle in post-war Hong Kong. Struggling to make a living, Master Ip opens a kung fu school to bring his celebrated art of Wing Chun to the troubled youth of Hong Kong. His growing reputation soon brings challenges from powerful enemies, including pre-eminent Hung Gar master, Hung Quan."
8856,The Karate Kid Part II,en,1986-06-18,113,13000000.0,115103979.0,7.3699,6.349,2527,Released,"Summoned by his dying father, Miyagi returns to his homeland of Okinawa, with Daniel, after a 40-year exile. There he must confront Yukie, the love of his youth, and Sato, his former best friend turned vengeful rival. Sato is bent on a fight to the death, even if it means the destruction of their village. Daniel finds his own love in Yukia's niece, Kumiko, and his own enemy in Sato's nephew, the vicious Chozen. Now, far away from the tournaments, cheering crowds and safety of home, Daniel will face his greatest challenge ever when the cost of honor is life itself."
667,You Only Live Twice,en,1967-06-13,117,9500000.0,111600000.0,8.262,6.592,2526,Released,A mysterious spacecraft captures Russian and American space capsules and brings the two superpowers to the brink of war. James Bond investigates the case in Japan and comes face to face with his archenemy Blofeld.
41216,Legend of the Guardians: The Owls of Ga'Hoole,en,2010-07-10,97,80000000.0,140073390.0,7.545,6.834,2524,Released,"When a young owl is abducted by an evil Owl army, he must escape with new-found friends and seek the legendary Guardians to stop the menace."
522212,Just Mercy,en,2019-12-25,137,25000000.0,50401502.0,9.2105,7.845,2523,Released,"The powerful true story of Harvard-educated lawyer Bryan Stevenson, who goes to Alabama to defend the disenfranchised and wrongly condemned — including Walter McMillian, a man sentenced to death despite evidence proving his innocence. Bryan fights tirelessly for Walter with the system stacked against them."
8456,Never Back Down,en,2008-03-04,113,20000000.0,41627431.0,8.1971,6.782,2519,Released,"Jake, full of anger after his father's death, is just starting to find a place for himself at his new Orlando high school - until Ryan, head of an underground MMA fight club, picks Jake out as a prime opponent. After being trounced by Ryan in front of the entire school, Jake begins training under the firm, moral guidance of a MMA master, where he learns how to fight... and how to avoid a fight. But it becomes obvious that a rematch will be inevitable if Jake wants to stop Ryan and his bullying, once and for all."
837,Videodrome,en,1983-02-04,88,5952000.0,2120439.0,5.6257,7.244,2517,Released,"As the president of a trashy TV channel, Max Renn is desperate for new programming to attract viewers. When he happens upon ""Videodrome,"" a TV show dedicated to gratuitous torture and punishment, Max sees a potential hit and broadcasts the show on his channel. However, after his girlfriend auditions for the show and never returns, Max investigates the truth behind Videodrome and discovers that the graphic violence may not be as fake as he thought."
481084,The Addams Family,en,2019-10-10,87,40000000.0,204394183.0,8.5362,6.599,2516,Released,"The Addams family's lives begin to unravel when they face-off against a treacherous, greedy crafty reality-TV host while also preparing for their extended family to arrive for a major celebration."
134411,Snitch,en,2013-02-21,112,35000000.0,42930462.0,6.2664,6.128,2511,Released,"Construction company owner John Matthews learns that his estranged son, Jason, has been arrested for drug trafficking. Facing an unjust prison sentence for a first time offender courtesy of mandatory minimum sentence laws, Jason has nothing to offer for leniency in good conscience. Desperately, John convinces the DEA and the opportunistic DA Joanne Keeghan to let him go undercover to help make arrests big enough to free his son in return. With the unwitting help of an ex-con employee, John enters the narcotics underworld where every move could be his last in an operation that will demand all his resources, wits and courage to survive."
110420,Wolf Children,ja,2012-07-21,117,0.0,55262158.0,6.2569,8.22,2509,Released,"After her werewolf lover unexpectedly dies in an accident, a woman must find a way to raise the son and daughter that she had with him. However, their inheritance of their father's traits prove to be a challenge for her."
8872,Wayne's World,en,1992-02-14,94,20000000.0,183097323.0,7.0475,6.685,2507,Released,"The adventures of two amiably aimless metal-head friends, Wayne and Garth. From Wayne's basement, the pair broadcast a talk-show called ""Wayne's World"" on local public access television. The show comes to the attention of a sleazy network executive who wants to produce a big-budget version of ""Wayne's World""—and he also wants Wayne's girlfriend, a rock singer named Cassandra. Wayne and Garth have to battle the executive not only to save their show, but also Cassandra."
401469,Widows,en,2018-11-06,129,42000000.0,75984700.0,7.7926,6.475,2505,Released,"A police shootout leaves four thieves dead during an explosive armed robbery attempt in Chicago. Their widows have nothing in common except a debt left behind by their spouses' criminal activities. Hoping to forge a future on their own terms, they join forces to pull off a heist."
87492,Foxcatcher,en,2014-11-14,134,24000000.0,12096300.0,3.6026,6.6,2505,Released,The greatest Olympic Wrestling Champion brother team joins Team Foxcatcher led by multimillionaire sponsor John E. du Pont as they train for the 1988 games in Seoul - a union that leads to unlikely circumstances.
42188,Never Let Me Go,en,2010-03-18,104,15000000.0,9918093.0,5.877,6.85,2505,Released,"As children, Kathy, Ruth, and Tommy spend their childhood at an idyllic and secluded English boarding school. As they grow into adults, they must come to terms with the complexity and strength of their love for one another while also preparing for the haunting reality awaiting them."
642,Butch Cassidy and the Sundance Kid,en,1969-09-23,111,6000000.0,102308889.0,7.3438,7.6,2504,Released,"As the west rapidly becomes civilized, a pair of outlaws in 1890s Wyoming find themselves pursued by a posse and decide to flee to South America in hopes of evading the law."
763285,Ambulance,en,2022-03-16,136,40000000.0,52303589.0,9.6819,6.622,2503,Released,"Decorated veteran Will Sharp, desperate for money to cover his wife's medical bills, asks for help from his adoptive brother Danny. A charismatic career criminal, Danny instead offers him a score: the biggest bank heist in Los Angeles history: $32 million."
11969,Tombstone,en,1993-12-25,130,25000000.0,73205065.0,11.4742,7.589,2503,Released,"Legendary marshal Wyatt Earp, now a weary gunfighter, joins his brothers Morgan and Virgil to pursue their collective fortune in the thriving mining town of Tombstone. But Earp is forced to don a badge again and get help from his notorious pal Doc Holliday when a gang of renegade brigands and rustlers begins terrorizing the town."
80035,The Watch,en,2012-07-26,102,68000000.0,68267862.0,8.3626,5.6,2502,Released,"Four everyday suburban guys come together as an excuse to escape their humdrum lives one night a week. But when they accidentally discover that their town has become overrun with aliens posing as ordinary suburbanites, they have no choice but to save their neighborhood – and the world – from total extermination."
9600,Big Momma's House,en,2000-05-31,98,30000000.0,173959438.0,7.5467,5.825,2502,Released,"When a street-smart FBI agent is sent to Georgia to protect a beautiful single mother and her son from an escaped convict, he is forced to impersonate a crass Southern granny known as Big Momma in order to remain incognito."
832,M,de,1931-05-11,110,0.0,35274.0,4.9759,8.059,2501,Released,"In this classic German thriller, Hans Beckert, a serial killer who preys on children, becomes the focus of a massive Berlin police manhunt. Beckert's heinous crimes are so repellant and disruptive to city life that he is even targeted by others in the seedy underworld network. With both cops and criminals in pursuit, the murderer soon realizes that people are on his trail, sending him into a tense, panicked attempt to escape justice."
11459,Sky High,en,2005-07-29,100,35000000.0,86369815.0,10.2381,6.261,2500,Released,"Set in a world where superheroes are commonly known and accepted, young Will Stronghold, the son of the Commander and Jetstream, tries to find a balance between being a normal teenager and an extraordinary being."
12102,Kramer vs. Kramer,en,1979-12-07,105,8000000.0,106260000.0,5.8066,7.566,2499,Released,"Ted Kramer is a career man for whom his work comes before his family. His wife Joanna cannot take this anymore, so she decides to leave him. Ted is now faced with the tasks of housekeeping and taking care of himself and their young son Billy."
6278,Reign of Fire,en,2002-07-09,101,60000000.0,82150183.0,8.0484,6.211,2498,Released,"In post-apocalyptic England, an American volunteer and a British survivor team up to fight off a brood of fire-breathing dragons seeking to return to global dominance after centuries of rest underground. The Brit -- leading a clan of survivors to hunt down the King of the Dragons -- has much at stake: His mother was killed by a dragon, but his love is still alive."
304410,The Bélier Family,fr,2014-12-17,105,11000000.0,72775689.0,2.7413,6.951,2497,Released,"The whole Bélier family is deaf, except for sixteen year old Paula who is the important translator in her parents' day to day life especially when it comes to matters concerning the family farm. When her music teacher discovers she has a fantastic singing voice and she gets an opportunity to enter a big Radio France contest the whole family's future is set up for big changes."
10320,The Ring Two,en,2005-03-10,109,50000000.0,161451538.0,6.5541,5.754,2497,Released,"After the ordeal with Samara, Rachel and Aiden move to a rural town. But soon Rachel learns about the death of a girl in a similar fashion. To save Aiden, she must dig into Samara's past even further."
901,City Lights,en,1931-02-06,87,1500000.0,4250000.0,8.7174,8.248,2494,Released,A tramp falls in love with a beautiful blind flower girl. His on-and-off friendship with a wealthy man allows him to be the girl's benefactor and suitor.
9595,Hot Shots!,en,1991-07-31,85,26000000.0,181096164.0,11.6088,6.586,2493,Released,"The gang that created Airplane! and The Naked Gun sets its sights on Top Gun in this spoof. Topper Harley is a talented but unstable fighter pilot with an axe to grind: clearing the family name. His mission is to avenge his father and save a mission sabotaged by greedy weapons manufacturers. He also gets involved in a relationship with Ramada Thompson, a woman with an unusually talented stomach. Hot Shots! makes fun of a variety of other films, from Dances with Wolves to The Fabulous Baker Boys."
9494,Look Who's Talking,en,1989-10-12,96,7500000.0,296999813.0,4.5197,6.29,2493,Released,"After a single, career-minded woman is left on her own to give birth to the child of a married man, she finds a new romantic chance in a cab driver. Meanwhile, the point-of-view of the newborn baby is narrated through voice-over."
8814,Doom,en,2005-10-20,105,60000000.0,58100000.0,6.3758,5.202,2493,Released,"A team of space marines known as the Rapid Response Tactical Squad, led by Sarge, is sent to a science facility on Mars after somebody reports a security breach. There, they learn that the alert came after a test subject, a mass murderer purposefully injected with alien DNA, broke free and began killing people. Dr. Grimm, who is related to team member Reaper, informs them all that the chromosome can mutate humans into monsters -- and is highly infectious."
282984,Irrational Man,en,2015-07-17,95,11000000.0,27391084.0,2.7029,6.522,2492,Released,"On a small town college campus, a philosophy professor in existential crisis gives his life new purpose when he enters into a relationship with his student."
15370,The Cat Returns,ja,2002-07-19,75,0.0,54016370.0,8.5719,7.135,2492,Released,"Young Haru rescues a cat from being run over, but soon learns it's no ordinary feline; it happens to be the Prince of the Cats."
8202,Æon Flux,en,2005-11-30,93,62000000.0,53321673.0,8.812,5.64,2492,Released,"400 years into the future, disease has wiped out the majority of the world's population, except one walled city, Bregna, ruled by a congress of scientists. When Æon Flux, the top operative in the underground 'Monican' rebellion, is sent on a mission to kill a government leader, she uncovers a world of secrets."
11199,Wild Hogs,en,2007-03-02,100,60000000.0,253625427.0,7.9486,5.968,2489,Released,"Restless and ready for an adventure, four suburban bikers leave the safety of their subdivision and head out on the open road. But complications ensue when they cross paths with an intimidating band of New Mexico bikers known as the Del Fuegos."
653,Nosferatu,de,1922-02-16,89,0.0,27964.0,7.9639,7.654,2487,Released,"The mysterious Count Orlok summons a happily married real estate agent to his castle, located up in the Transylvanian mountains, to finalise a terrifying deal."
804150,Cocaine Bear,en,2023-02-22,95,32500000.0,88314672.0,14.4418,5.987,2486,Released,"Inspired by a true story, an oddball group of cops, criminals, tourists and teens converge in a Georgia forest where a 500-pound black bear goes on a murderous rampage after unintentionally ingesting cocaine."
43923,It's Kind of a Funny Story,en,2010-10-08,102,8000000.0,6491240.0,3.8712,6.946,2485,Released,A clinically depressed teenager gets a new start after he checks himself into an adult psychiatric ward.
1083381,Backrooms,en,2026-05-27,111,10000000.0,394954461.0,258.4743,7.1,2483,Released,A strange doorway appears in the basement of a furniture showroom.
11439,The Ghost Writer,en,2010-02-12,128,45000000.0,60300000.0,6.1705,6.819,2483,Released,A writer stumbles upon a long-hidden secret when he agrees to help former British Prime Minister Adam Lang complete his memoirs on a remote island after the politician's assistant drowns in a mysterious accident.
6038,Shanghai Knights,en,2003-02-06,115,50000000.0,88323487.0,5.3201,6.141,2483,Released,"When a Chinese rebel murders Chon's estranged father and escapes to England, Chon and Roy make their way to London with revenge on their minds."
347375,Mile 22,en,2018-08-16,94,35000000.0,66308758.0,10.0086,6.266,2481,Released,"An elite group of American operatives, aided by a top-secret tactical command team, must transport an asset who holds life-threatening information to an extraction point 22 miles away through the hostile streets of an Asian city."
37707,Splice,en,2010-06-03,104,26000000.0,0.0,6.5358,5.888,2481,Released,"Elsa and Clive, two young rebellious scientists, defy legal and ethical boundaries and forge ahead with a dangerous experiment: splicing together human and animal DNA to create a new organism. Named ""Dren"", the creature rapidly develops from a deformed female infant into a beautiful but dangerous winged human-chimera, who forges a bond with both of her creators - only to have that bond turn deadly."
369557,Sing Street,en,2016-03-11,105,4000000.0,13624522.0,5.546,7.858,2478,Released,A boy growing up in Dublin during the 1980s escapes his strained family life by starting a band to impress the mysterious girl he likes.
14337,Primer,en,2004-10-08,77,7000.0,545436.0,5.2272,6.747,2478,Released,"A group of fledgling inventors discover a complex method to manipulate reality. At first, they successfully game the stock market with it, but the consequences of the invention start to catch up with them."
14001,Dead Silence,en,2007-03-16,89,20000000.0,22382047.0,13.3534,6.452,2478,Released,"Jamie returns to his hometown in search of answers to his wife's murder, which occurred after receiving a weird package containing a ventriloquist dummy named Billy, which may be linked to the legend of ventriloquist Mary Shaw. Destined to find out the truth, Jamie goes to the town of Raven's Fair, where Shaw used to perform and is buried. But Jamie is in for more than he expected."
696374,Gabriel's Inferno,en,2020-05-29,122,0.0,0.0,5.5249,8.381,2477,Released,"An intriguing and sinful exploration of seduction, forbidden love, and redemption, Gabriel's Inferno is a captivating and wildly passionate tale of one man's escape from his own personal hell as he tries to earn the impossible--forgiveness and love."
301351,We Are Your Friends,en,2015-08-26,96,6000000.0,11100000.0,4.7083,6.802,2475,Released,"Young Cole Carter dreams of hitting the big time as a Hollywood disc jockey, spending his days and nights hanging with buddies and working on the one track that will set the world on fire. Opportunity comes knocking when he meets James Reed, a charismatic DJ who takes the 23-year-old under his wing. Soon, his seemingly clear path to success gets complicated when he starts falling for his mentor's girlfriend, jeopardizing his new friendship and the future he seems destined to fulfill."
13455,Push,en,2009-02-04,111,38000000.0,49678401.0,6.3048,6.146,2475,Released,"After his father, an assassin, is brutally murdered, Nick Gant vows revenge on Division, the covert government agency that dabbles in psychic warfare and experimental drugs. Hiding in Hong Kong's underworld, Nick assembles a band of rogue psychics dedicated to destroying Division. Together with Cassie, a teenage clairvoyant, Nick goes in search of a missing girl and a stolen suitcase that could be the key to accomplishing their mutual goal."
257088,Point Break,en,2015-12-03,114,105000000.0,133782481.0,8.6971,5.955,2473,Released,"A young undercover FBI agent infiltrates a gang of thieves who share a common interest in extreme sports. A remake of the 1991 film, ""Point Break""."
10376,The Legend of 1900,it,1998-10-28,170,9000000.0,21057208.0,8.0616,8.244,2470,Released,"Musician Max Tooney goes to sell his prized Conn trumpet to a music shop, where he plays the instrument one last time. The shopkeeper recognises the song as one on a record matrix he found and asks who the piece is by. Tooney tells the story of an infant found abandoned in the first class dining room of the four-stacker ocean-liner SS Virginian on 1 January 1900. Danny Boodman, a coal-man from the boiler room, names the boy Danny Boodman T. D. Lemon 1900, after himself, the fruit crate the boy was found in, and the year, and raises him as his own."
149509,Horns,en,2013-09-06,120,0.0,3900000.0,3.8528,6.298,2468,Released,"In the aftermath of his girlfriend's mysterious death, a young man awakens to strange horns sprouting from his temples."
280217,The Lego Movie 2: The Second Part,en,2019-02-06,107,99000000.0,199603202.0,9.696,6.655,2467,Released,"It's been five years since everything was awesome and the citizens are facing a huge new threat: LEGO DUPLO® invaders from outer space, wrecking everything faster than they can rebuild."
6972,Australia,en,2008-11-18,165,130000000.0,211787511.0,5.1975,6.592,2467,Released,"Set in northern Australia before World War II, an English aristocrat who inherits a sprawling ranch reluctantly pacts with a stock-man in order to protect her new property from a takeover plot. As the pair drive 2,000 head of cattle over unforgiving landscape, they experience the bombing of Darwin by Japanese forces firsthand."
623,A Fish Called Wanda,en,1988-07-15,109,7500000.0,188593712.0,6.1296,7.212,2467,Released,"While a diamond advocate attempts to steal a collection of diamonds, troubles arise when he realises he’s not the only one after the collection."
1084199,Companion,en,2025-01-22,97,10000000.0,36869122.0,23.1407,7.009,2466,Released,"During a weekend getaway at a secluded lakeside estate, a group of friends finds themselves entangled in a web of secrets, deception, and advanced technology. As tensions rise and loyalties are tested, they uncover unsettling truths about themselves and the world around them."
502416,Ma,en,2019-05-29,99,5000000.0,61220856.0,5.6387,5.816,2465,Released,"Sue Ann is a loner who keeps to herself in her quiet Ohio town. One day, she is asked by Maggie, a new teenager in town, to buy some booze for her and her friends, and Sue Ann sees the chance to make some unsuspecting, if younger, friends of her own."
154400,The Drop,en,2014-09-12,106,12600000.0,19054534.0,10.2395,6.825,2463,Released,"Bob Saginowski finds himself at the center of a robbery gone awry and entwined in an investigation that digs deep into the neighborhood's past where friends, families, and foes all work together to make a living - no matter the cost."
12556,Ghosts of Girlfriends Past,en,2009-05-01,115,37500000.0,102366815.0,4.9534,5.962,2462,Released,"Celebrity photographer Connor Mead lives life in the fast lane, committed to lifelong bachelorhood and simultaneous relationships with multiple women. On the eve of his younger brother Paul's wedding, Connor's mockery of love proves a real buzz-kill for everyone - including his childhood crush, Jenny, the one woman who always seemed immune to his considerable charms. Later that night, he gets a wake-up call from the ghost of his late Uncle Wayne, the hard-partying, legendary ladies' man who was Connor's mentor. Uncle Wayne has an urgent message which he delivers through three ghosts who guide Connor on an eye-opening tour of his romantic past, present and future. Along the way, they attempt to discern whether he will ever be able to change his ways -- and if there is any hope of him finding true love."
10139,Milk,en,2008-11-05,128,20000000.0,54600000.0,4.2424,7.211,2459,Released,"The true story of Harvey Milk, the first openly gay man ever elected to public office. In San Francisco in the late 1970s, Harvey Milk becomes an activist for gay rights and inspires others to join him in his fight for equal rights that should be available to all Americans."
1900,Traffic,en,2000-12-27,147,48000000.0,207500000.0,6.728,7.087,2459,Released,"An exploration of the United States of America's war on drugs from multiple perspectives. For the new head of the Office of National Drug Control Policy, the war becomes personal when he discovers his well-educated daughter is abusing cocaine within their comfortable suburban home. In Mexico, a flawed, but noble policeman agrees to testify against a powerful general in league with a cartel, and in San Diego, a drug kingpin's sheltered trophy wife must learn her husband's ruthless business after he is arrested, endangering her luxurious lifestyle."
820,JFK,en,1991-12-20,189,40000000.0,205405498.0,6.2489,7.592,2457,Released,Follows the investigation into the assassination of President John F. Kennedy led by New Orleans district attorney Jim Garrison.
11451,Herbie Fully Loaded,en,2005-06-19,101,50000000.0,144100000.0,6.6616,5.838,2455,Released,"Maggie Peyton, the new owner of Number 53 - the free-wheelin' Volkswagen bug with a mind of its own - puts the car through its paces on the road to becoming a NASCAR competitor."
11011,Ri¢hie Ri¢h,en,1994-12-19,94,40000000.0,38087756.0,6.8958,5.951,2454,Released,"Billionaire heir Richie Rich has it all, including Reggie Jackson as a batting coach and Claudia Schiffer as a personal trainer -- but no playmates. What's more, scoundrel Laurence Van Dough is scheming to take over the family empire. Uh-oh! Enter faithful butler Cadbury to save the day."
921,Cinderella Man,en,2005-06-02,144,88000000.0,108539911.0,7.1529,7.584,2453,Released,"The true story of boxer Jim Braddock who, following his retirement in the 1930s, makes a surprise comeback in order to lift his family out of poverty."
1646,Freedom Writers,en,2007-01-05,123,21000000.0,43095175.0,6.8806,7.9,2452,Released,"A young teacher inspires her class of at-risk students to learn tolerance, apply themselves, and pursue education beyond high school."
86825,Stoker,en,2013-02-28,99,12000000.0,12077441.0,5.1565,6.642,2451,Released,"After India’s father dies suddenly, her uncle Charlie, whom she never knew existed, comes to live with her and her emotionally unstable mother. Soon after his arrival, she begins to suspect that this mysterious, charming man has ulterior motives. But instead of feeling outrage or horror, the friendless girl becomes increasingly infatuated with him."
376866,Jackie,en,2016-12-02,100,9000000.0,13960394.0,3.9147,6.455,2450,Released,"An account of the days of First Lady, Jacqueline Kennedy, in the immediate aftermath of John F. Kennedy's assassination in 1963."
399402,Hunter Killer,en,2018-10-19,121,40000000.0,31672678.0,10.3281,6.91,2449,Released,"Untested American submarine commander, Capt. Joe Glass of the USS Arkansas, is on the hunt for a U.S. sub in distress in the Arctic Ocean. He soon learns a secret Russian coup is in the offing, a conspiracy that threatens to dismantle the world order. With crew and country on the line, Glass must coordinate with an elite group of Navy SEALs to sneak through enemy waters, rescue the kidnapped Russian president, and hopefully prevent World War III."
168530,Ride Along,en,2014-01-07,99,25000000.0,153997819.0,6.2474,6.253,2449,Released,"For the past two years, high-school security guard Ben has been trying to show decorated APD detective James that he's more than just a video-game junkie who's unworthy of James' sister, Angela. When Ben finally gets accepted into the academy, he thinks he's earned the seasoned policeman's respect and asks for his blessing to marry Angela. Knowing that a ride along will demonstrate if Ben has what it takes to take care of his sister, James invites him on a shift designed to scare the hell out of the trainee. But when the wild night leads them to the most notorious criminal in the city, James will find that his new partner's rapid-fire mouth is just as dangerous as the bullets speeding at it."
63492,What's Your Number?,en,2011-09-30,106,20000000.0,30426096.0,5.4567,6.463,2449,Released,"Ally Darling is realizing she's a little lost in life. Her latest romance has just fizzled out, and she's just been fired from her marketing job. Then she reads an eye-opening magazine article that warns that 96 percent of women who've been with 20 or more lovers are unlikely to find a husband. Determined to turn her life around and prove the article wrong, Ally embarks on a mission to find the perfect mate from among her numerous ex-boyfriends."
8292,Four Brothers,en,2005-08-11,109,45000000.0,92374674.0,8.5422,6.816,2449,Released,Four adopted brothers return to their Detroit hometown when their mother is murdered and vow to exact revenge on the killers.
64689,Killing Them Softly,en,2012-07-30,97,15000000.0,37930465.0,5.2414,6.022,2448,Released,"Jackie Cogan is an enforcer hired to restore order after three dumb guys rob a Mob protected card game, causing the local criminal economy to collapse."
794,The Omen,en,1976-06-25,111,2800000.0,60922980.0,9.1421,7.403,2447,Released,"Immediately after their miscarriage, the US diplomat Robert Thorn adopts the newborn Damien without the knowledge of his wife. Yet what he doesn’t know is that their new son is the son of the devil."
112949,Safe Haven,en,2013-02-07,115,28000000.0,97600000.0,5.7444,7.234,2445,Released,"A young woman with a mysterious past lands in Southport, North Carolina where her bond with a widower forces her to confront the dark secret that haunts her."
9388,Thank You for Smoking,en,2005-09-09,92,6500000.0,24793509.0,5.3284,7.196,2443,Released,"Nick Naylor is a charismatic spin-doctor for Big Tobacco who'll fight to protect America's right to smoke -- even if it kills him -- while still remaining a role model for his 12-year old son. When he incurs the wrath of a senator bent on snuffing out cigarettes, Nick's powers of ""filtering the truth"" will be put to the test."
8328,Step Up 2: The Streets,en,2008-02-14,98,23000000.0,150988382.0,4.8442,6.69,2442,Released,"When rebellious street dancer Andie West lands at the elite Maryland School of the Arts, she finds herself fighting to fit in while also trying to hold onto her old life. When she joins forces with the school's hottest dancer, Chase Collins, to form a crew of fellow outcasts to compete in Baltimore's underground dance battle The Streets."
797,Persona,sv,1966-10-18,85,0.0,250000.0,5.401,8.12,2442,Released,"A young nurse, Alma, is put in charge of Elisabeth Vogler: an actress who is seemingly healthy in all respects, but will not talk. As they spend time together, Alma speaks to Elisabeth constantly, never receiving any answer."
446791,All the Money in the World,en,2017-12-21,132,50000000.0,56996304.0,5.4071,6.489,2441,Released,The story of the kidnapping of 16-year-old John Paul Getty III and the desperate attempt by his devoted mother to convince his billionaire grandfather Jean Paul Getty to pay the ransom.
1248,Hannibal Rising,en,2007-02-06,121,75000000.0,82169884.0,1.4096,6.267,2440,Released,"The story of the early, murderous roots of the cannibalistic killer, Hannibal Lecter – from his hard-scrabble Lithuanian childhood, where he witnesses the repulsive lengths to which hungry soldiers will go to satiate themselves, through his sojourn in France, where as a medical student he hones his appetite for the kill."
245,About a Boy,en,2002-04-26,101,27000000.0,129000000.0,6.3974,6.7,2438,Released,"Will Freeman is a good-looking, smooth-talking bachelor whose primary goal in life is avoiding any kind of responsibility. But when he invents an imaginary son in order to meet attractive single moms, Will gets a hilarious lesson about life from a bright, but hopelessly geeky 12-year-old named Marcus. Now, as Will struggles to teach Marcus the art of being cool, Marcus teaches Will that you're never too old to grow up."
37169,The Human Centipede (First Sequence),en,2009-10-31,92,2000000.0,252207.0,10.1059,5.181,2437,Released,"During a stopover in Germany in the middle of a carefree road trip through Europe, two American girls find themselves alone at night when their car breaks down in the woods. Searching for help at a nearby villa, they are wooed into the clutches of a deranged retired surgeon, who has a very disturbed vision."
10313,The Men Who Stare at Goats,en,2009-10-17,94,24000000.0,68729358.0,4.8936,5.964,2436,Released,"A reporter in Iraq might just have the story of a lifetime when he meets Lyn Cassady, a guy who claims to be a former member of the U.S. Army's New Earth Army, a unit that employs paranormal powers in their missions."
523139,In the Tall Grass,en,2019-09-20,101,0.0,0.0,5.8426,5.549,2435,Released,"After hearing a child screaming for help from the green depths of a vast field of tall grass, Becky, a pregnant woman, and Cal, her brother, park their car near a mysterious abandoned church and enter the field, discovering that they are not alone and, for some reason, they are unable to escape a completely inextricable vegetable labyrinth."
1428,Once Upon a Time in Mexico,en,2003-09-11,102,29000000.0,98769390.0,6.5135,6.301,2435,Released,A corrupt CIA agent Sands hires hitman El Mariachi to assassinate a Mexican general hired by a drug kingpin attempting a coup d'état of the President of Mexico.
1304313,Lee Cronin's The Mummy,en,2026-04-15,133,22000000.0,90552113.0,79.4601,7.943,2430,Released,"The young daughter of a journalist disappears into the desert without a trace—eight years later, the broken family is shocked when she is returned to them, as what should be a joyful reunion turns into a living nightmare."
43593,Piranha 3D,en,2010-08-20,88,24000000.0,83188165.0,9.606,5.426,2429,Released,"Each year the population of sleepy Lake Victoria, Arizona explodes from 5,000 to 50,000 residents for the annual Spring Break celebration. But then, an earthquake opens an underwater chasm, releasing an enormous swarm of ancient Piranha that have been dormant for thousands of years, now with a taste for human flesh. This year, there's something more to worry about than the usual hangovers and complaints from locals, a new type of terror is about to be cut loose on Lake Victoria."
9631,The Negotiator,en,1998-07-29,140,50000000.0,44547681.0,9.1993,7.112,2429,Released,"The police try to arrest expert hostage negotiator Danny Roman, who insists he's being framed for his partner's murder in what he believes is an elaborate conspiracy. Thinking there's evidence in the Internal Affairs offices that might clear him, he takes everyone in the office hostage and demands that another well-known negotiator be brought in to handle the situation and secretly investigate the conspiracy."
951491,Saw X,en,2023-09-27,118,13000000.0,125319714.0,16.775,7.153,2425,Released,"Between the events of 'Saw' and 'Saw II', a sick and desperate John Kramer travels to Mexico for a risky and experimental medical procedure in hopes of a miracle cure for his cancer, only to discover the entire operation is a scam to defraud the most vulnerable. Armed with a newfound purpose, the infamous serial killer returns to his work, turning the tables on the con artists in his signature visceral way through devious, deranged, and ingenious traps."
96724,Anna Karenina,en,2012-09-06,129,40600000.0,68929150.0,5.7149,6.7,2424,Released,"In Imperial Russia, Anna, wife of the officer Karenin, goes to Moscow to visit her brother. On the way, she meets charming cavalry officer Vronsky, to whom she's immediately attracted. But in St. Petersburg’s high society, a relationship like this could destroy a woman’s reputation."
10147,Bad Santa,en,2003-11-26,92,23000000.0,76500000.0,7.3114,6.566,2424,Released,"You'd better watch out - Willie T. Soke is coming to town, and he doesn't care if you've been naughty or nice. Willie's favorite holiday tradition is to fill his sacks with loot lifted from shopping malls across the country. But this year his plot gets derailed by a wisecracking store detective, a sexy bartender, and a kid who's convinced Willie is the real Santa Claus."
152603,Only Lovers Left Alive,en,2013-12-12,123,7000000.0,8213623.0,3.9586,7.198,2423,Released,"A depressed musician reunites with his lover. However, their romance, already played over several centuries, is disrupted by the arrival of her uncontrollable younger sister."
409,The English Patient,en,1996-11-14,162,27000000.0,231976425.0,8.0011,7.139,2423,Released,"In the 1930s, Count Almásy is a Hungarian map maker employed by the Royal Geographical Society to chart the vast expanses of the Sahara Desert along with several other prominent explorers. As World War II unfolds, Almásy enters into a world of love, betrayal, and politics."
287903,Krampus,en,2015-11-26,98,15000000.0,61800000.0,5.0001,6.2,2421,Released,"When his dysfunctional family clashes over the holidays, young Max is disillusioned and turns his back on Christmas.  Little does he know, this lack of festive spirit has unleashed the wrath of Krampus: a demonic force of ancient evil intent on punishing non-believers."
8913,Pet Sematary,en,1989-04-21,103,11500000.0,57500000.0,8.6097,6.656,2420,Released,"After the Creed family's cat is accidentally killed, a friendly neighbor advises its burial in a mysterious nearby cemetery."
967,Spartacus,en,1960-10-13,197,12000000.0,60000000.0,9.0385,7.54,2420,Released,"The rebellious Thracian Spartacus, born and raised a slave, is sold to Gladiator trainer Batiatus. After weeks of being trained to kill for the arena, Spartacus turns on his owners and leads the other slaves in rebellion. As the rebels move from town to town, their numbers swell as escaped slaves join their ranks. Under the leadership of Spartacus, they make their way to southern Italy, where they will cross the sea and return to their homes."
539972,Kraven the Hunter,en,2024-12-11,127,130000000.0,62076533.0,26.1998,6.4,2419,Released,"Kraven Kravinoff's complex relationship with his ruthless gangster father, Nikolai, starts him down a path of vengeance with brutal consequences, motivating him to become not only the greatest hunter in the world, but also one of its most feared."
774752,The Guardians of the Galaxy Holiday Special,en,2022-11-24,45,0.0,0.0,13.9848,7.086,2418,Released,"On a mission to make Christmas unforgettable for Quill, the Guardians head to Earth in search of the perfect present."
484718,Coming 2 America,en,2021-03-04,108,60000000.0,0.0,5.5926,6.327,2418,Released,"Prince Akeem Joffer is set to become King of Zamunda when he discovers he has a son he never knew about in America – a street savvy Queens native named Lavelle. Honoring his royal father's dying wish to groom this son as the crown prince, Akeem and Semmi set off to America once again."
11474,The Warriors,en,1979-02-01,94,4000000.0,22490039.0,7.7125,7.7,2418,Released,"Prominent gang leader Cyrus calls a meeting of New York's gangs to set aside their turf wars and take over the city. At the meeting, a rival leader kills Cyrus, but a Coney Island gang called the Warriors is wrongly blamed for Cyrus' death. Before you know it, the cops and every gangbanger in town is hot on the Warriors' trail."
243688,Poltergeist,en,2015-05-20,93,35000000.0,95682614.0,6.7111,5.222,2417,Released,"A family's suburban home is invaded by angry spirits. When the terrifying apparitions escalate their attacks and take the youngest daughter, the family must come together to rescue her."
28355,Case 39,en,2009-08-13,109,27000000.0,29000000.0,6.607,6.318,2417,Released,"In her many years as a social worker, Emily Jenkins believes she has seen it all, until she meets 10-year-old Lilith and the girl's cruel parents. Emily's worst fears are confirmed when the parents try to harm the child, and so Emily assumes custody of Lilith while she looks for a foster family. However, Emily soon finds that dark forces surround the seemingly innocent girl, and the more she tries to protect Lilith, the more horrors she encounters."
9378,Thir13en Ghosts,en,2001-10-25,91,42000000.0,68467960.0,8.3085,6.3,2417,Released,"Arthur and his two children inherit his uncle's estate: a glass house that serves as a prison to twelve ghosts. When the family, accompanied by a nanny and an attorney, enter the house they find themselves trapped inside an evil machine 'designed by the Devil and powered by the dead' to open the Eye of Hell. Aided by a ghost hunter and his rival, a ghost rights activist out to set the ghosts free, the group must do what they can to get out of the house alive."
22972,Green Zone,en,2010-03-11,115,100000000.0,94882889.0,7.6609,6.484,2416,Released,"During the U.S.-led occupation of Baghdad in 2003, Chief Warrant Officer Roy Miller and his team of Army inspectors are dispatched to find weapons of mass destruction believed to be stockpiled in the Iraqi desert. Rocketing from one booby-trapped and treacherous site to the next, the men search for deadly chemical agents but stumble instead upon an elaborate cover-up that threatens to invert the purpose of their mission."
4836,Layer Cake,en,2004-09-30,105,6500000.0,11900000.0,6.8122,6.915,2416,Released,"When a seemingly straight-forward drug deal goes awry, XXXX has to break his die-hard rules and turn up the heat, not only to outwit the old regime and come out on top, but to save his own skin..."
12573,A Serious Man,en,2009-10-02,106,7000000.0,31400000.0,4.4807,6.692,2415,Released,"It is 1967, and Larry Gopnik, a physics professor at a quiet Midwestern university, has just been informed by his wife Judith that she is leaving him. She has fallen in love with one of his more pompous acquaintances Sy Ableman."
10098,The Kid,en,1921-01-21,68,250000.0,5450000.0,6.5062,8.1,2413,Released,A tramp cares for a boy after he's abandoned as a newborn by his mother. Later the mother has a change of heart and aches to be reunited with her son.
527435,The Christmas Chronicles,en,2018-11-22,104,0.0,0.0,6.2699,7.156,2412,Released,"Siblings Kate and Teddy try to prove Santa Claus is real, but when they accidentally cause his sleigh to crash, they have to save Christmas."
339527,Solace,en,2015-09-03,101,0.0,22586863.0,6.3614,6.435,2412,Released,"A psychic doctor, John Clancy, works with an FBI special agent in search of a serial killer."
329833,Zoolander 2,en,2016-02-06,100,50000000.0,56722693.0,6.4048,4.927,2411,Released,Derek and Hansel are modelling again when an opposing company attempts to take them out from the business.
16690,Return to Never Land,en,2002-02-14,72,20000000.0,109862682.0,6.6963,6.472,2410,Released,"In 1940, the world is besieged by World War II. Wendy, all grown up, has two children; including Jane, who does not believe Wendy's stories about Peter Pan."
681,Diamonds Are Forever,en,1971-12-14,120,7200000.0,116019547.0,7.5407,6.408,2410,Released,Diamonds are stolen only to be sold again in the international market. James Bond infiltrates a smuggling mission to find out who's guilty. The mission takes him to Las Vegas where Bond meets his archenemy Blofeld.
317442,The Last: Naruto the Movie,ja,2014-12-06,114,750000.0,19840000.0,8.3092,7.474,2409,Released,"Two years after the events of the Fourth Great Ninja War, the moon that Hagoromo Otsutsuki created long ago to seal away the Gedo Statue begins to descend towards the world, threatening to become a meteor that would destroy everything on impact. Amidst this crisis, a direct descendant of Kaguya Otsutsuki named Toneri Otsutsuki attempts to kidnap Hinata Hyuga but ends up abducting her younger sister Hanabi. Naruto and his allies now mount a rescue mission before finding themselves embroiled in a final battle to decide the fate of everything."
72571,Paranormal Activity 3,en,2011-10-19,83,5000000.0,207039844.0,4.4712,5.924,2409,Released,"In 1988, young sisters Katie and Kristi befriend an invisible entity who resides in their home."
400710,Flatliners,en,2017-09-28,111,19000000.0,45158254.0,4.8705,5.645,2408,Released,"Five medical students, hoping to understand the mystery of what lies beyond life, embark on a dangerous experiment. When their hearts are stopped for a short period of time, they have a near-death experience…"
1523,The Last King of Scotland,en,2006-09-27,123,6000000.0,48600000.0,5.8345,7.4,2407,Released,"Young Scottish doctor, Nicholas Garrigan decides it's time for an adventure after he finishes his formal education, so he decides to try his luck in Uganda, and arrives during the downfall of President Obote. General Idi Amin comes to power and asks Garrigan to become his personal doctor."
826,The Bridge on the River Kwai,en,1957-10-11,162,2800000.0,44908000.0,6.8802,7.819,2407,Released,"The classic story of English POWs in Burma forced to build a bridge to aid the war effort of their Japanese captors. British and American intelligence officers conspire to blow up the structure, but Col. Nicholson, the commander who supervised the bridge's construction, has acquired a sense of pride in his creation and tries to foil their plans."
372343,The Snowman,en,2017-08-24,119,35000000.0,43203413.0,7.7775,5.215,2403,Released,Detective Harry Hole investigates the disappearance of a woman whose pink scarf is found wrapped around an ominous looking snowman.
724495,The Woman King,en,2022-09-16,135,50000000.0,97562514.0,9.8504,7.574,2401,Released,"The story of the Agojie, the all-female unit of warriors who protected the African Kingdom of Dahomey in the 1800s with skills and a fierceness unlike anything the world has ever seen, and General Nanisca as she trains the next generation of recruits and readies them for battle against an enemy determined to destroy their way of life."
12279,Spy Kids 3-D: Game Over,en,2003-07-25,84,38000000.0,197101678.0,7.278,5.131,2399,Released,"Carmen's caught in a virtual reality game designed by the Kids' new nemesis, the Toymaker. It's up to Juni to save his sister, and ultimately the world."
1535,Spy Game,en,2001-11-18,126,115000000.0,143049560.0,7.4848,6.921,2398,Released,"On the day of his retirement, a veteran CIA agent learns that his former protégé has been arrested in China, is sentenced to die the next morning in Beijing, and that the CIA is considering letting that happen to avoid an international scandal."
688,The Bridges of Madison County,en,1995-06-02,135,24000000.0,182000000.0,9.8845,7.71,2397,Released,Photographer Robert Kincaid wanders into the life of housewife Francesca Johnson for four days in the 1960s.
475303,A Rainy Day in New York,en,2019-07-26,92,25000000.0,23805899.0,0.6365,6.476,2395,Released,"Two young people arrive in New York to spend a weekend, but once they arrive they're met with bad weather and a series of adventures."
795,City of Angels,en,1998-04-10,114,55000000.0,198685114.0,9.1342,6.8,2394,Released,"When a guardian angel – who invisibly watches over the citizens of Los Angeles – becomes captivated by a strong-willed heart surgeon, he ponders trading in his pure, otherworldly existence for a mortal life with his beloved. The couple embarks on a tender but forbidden romance spanning heaven and Earth."
10065,The Amityville Horror,en,2005-04-14,90,19000000.0,107516369.0,6.7434,6.122,2393,Released,"George Lutz, his wife Kathy, and their three children have just moved into a beautiful, and improbably cheap, Dutch colonial mansion nestled in the sleepy coastal town of Amityville, Long Island. However, their dream home is concealing a horrific past and soon each member of the Lutz family is plagued with increasingly strange and violent visions and impulses."
42297,Burlesque,en,2010-11-23,119,55000000.0,89500000.0,5.7307,7.2,2391,Released,"Ali leaves behind a troubled life and follows her dreams to Los Angeles, where she lands a job as a cocktail waitress at the Burlesque Lounge, a once-majestic theater that houses an inspired musical revue. Vowing to perform there, she makes the leap from bar to stage, helping restore the club's former glory."
77931,The Smurfs 2,en,2013-07-30,105,105000000.0,347434178.0,8.926,5.752,2390,Released,"The evil wizard Gargamel creates a couple of mischievous Smurf-like creatures called the Naughties that he hopes will let him harness the all-powerful, magical Smurf-essence. But when he discovers that only a real Smurf can give him what he wants, and only a secret spell that Smurfette knows can turn the Naughties into real Smurfs, Gargamel kidnaps Smurfette and brings her to Paris, where he has been winning the adoration of millions as the world¹s greatest sorcerer. It's up to Papa, Clumsy, Grouchy, and Vanity to return to our world, reunite with their human friends Patrick and Grace Winslow, and rescue her! Will Smurfette, who has always felt different from the other Smurfs, find a new connection with the Naughties Vexy and Hackus or will the Smurfs convince her that their love for her is True Blue?"
454992,The Spy Who Dumped Me,en,2018-08-02,117,40000000.0,33562069.0,6.4389,6.368,2389,Released,A couple of thirtysomething best friends unwittingly become entangled in an international conspiracy when one’s ex-boyfriend shows up at their apartment with a team of deadly assassins on his trail.
16614,Adventureland,en,2009-04-03,107,9800000.0,17200000.0,3.8356,6.396,2388,Released,"It's the summer of 1987, and recent college grad James Brennan can't wait to begin his long-anticipated dream trip to Europe. Unfortunately, James' plans come to a screeching halt when his parents announce that they are unable to subsidize his trip. Forced to take a job at the local amusement park, James prepares for the worst summer ever, until he finds love with a captivating co-worker named Em."
666277,Past Lives,en,2023-06-02,106,12000000.0,28126646.0,13.1059,7.698,2385,Released,"After decades apart, childhood friends Nora and Hae Sung are reunited in New York for one fateful weekend as they confront notions of destiny, love, and the choices that make a life."
615665,Holidate,en,2020-10-27,104,0.0,0.0,4.945,6.97,2384,Released,"Fed up with being single on holidays, two strangers agree to be each other's platonic plus-ones all year long, only to catch real feelings along the way."
26389,From Paris with Love,en,2010-02-04,92,52000000.0,52800000.0,9.7058,6.432,2384,Released,"James Reese has a good job as an ambassador's aid in France, but his real passion is a side gig—working in a minor role in the CIA. He would love to be a full-fledged agent and can't believe his luck when he lands an assignment with Charlie Wax. Trigger-happy Charlie soon has James crying for his desk job, but when he learns that the same guys they're trying to catch are after him, James realises that Charlie may be his only hope of survival."
68727,Trance,en,2013-03-27,101,20000000.0,24300000.0,3.7416,6.616,2383,Released,A violent gang enlists the help of a hypnotherapist in an attempt to locate a painting which somehow vanished in the middle of a heist.
964980,Air,en,2023-04-05,112,80000000.0,90100000.0,12.6694,7.281,2380,Released,Discover the game-changing partnership between a then undiscovered Michael Jordan and Nike's fledgling basketball division which revolutionized the world of sports and culture with the Air Jordan brand.
55301,Alvin and the Chipmunks: Chipwrecked,en,2011-12-14,87,75000000.0,342695435.0,8.4788,5.711,2377,Released,"Playing around while aboard a cruise ship, the Chipmunks and Chipettes accidentally go overboard and end up marooned in a tropical paradise. They discover their new turf is not as deserted as it seems."
34016,She's Out of My League,en,2010-03-11,104,20000000.0,49800000.0,7.7572,6.495,2377,Released,"When he starts dating drop-dead gorgeous Molly, insecure airport security agent Kirk can't believe it. As his friends and family share their doubts about the relationship lasting, Kirk does everything he can to avoid losing Molly forever."
433310,When We First Met,en,2018-02-08,97,10000000.0,0.0,3.2481,6.559,2374,Released,"Using a magical photo booth that sends him back in time, Noah relives the night he met Avery over and over, trying to persuade her to fall for him."
9488,Spy Kids 2: The Island of Lost Dreams,en,2002-08-07,100,38000000.0,119723358.0,7.2069,5.649,2372,Released,"Exploring the further adventures of Carmen and Juni Cortez, who have now joined the family spy business as Level 2 OSS agents. Their new mission is to save the world from a mad scientist living on a volcanic island populated by an imaginative menagerie of creatures. On this bizarre island, none of the Cortez's gadgets work and they must rely on their wits--and each other--to survive and save the day."
378,Raising Arizona,en,1987-03-13,94,6000000.0,29180280.0,5.5796,7.054,2372,Released,"When a childless couple—an ex-con and an ex-cop—take one of a wealthy family’s quintuplets to raise as their own, their lives grow more complicated than anticipated."
89492,This Is 40,en,2012-12-20,134,35000000.0,88200000.0,12.645,5.897,2369,Released,"Pete and Debbie are both about to turn 40, their kids hate each other, both of their businesses are failing, they're on the verge of losing their house, and their relationship is threatening to fall apart."
11551,Small Soldiers,en,1998-07-10,110,40000000.0,54682547.0,8.8014,6.557,2369,Released,"When missile technology is used to enhance toy action figures, the toys soon begin to take their battle programming too seriously."
503,Poseidon,en,2006-05-03,98,160000000.0,181700000.0,8.2445,5.9,2364,Released,"A packed cruise ship traveling the Atlantic is hit and overturned by a massive wave, compelling the passengers to begin a dramatic fight for their lives."
379170,Sherlock: The Abominable Bride,en,2016-01-01,90,0.0,0.0,5.5478,7.833,2363,Released,Sherlock Holmes and Dr. Watson find themselves in 1890s London in this holiday special.
23082,The Invention of Lying,en,2009-10-02,100,18500000.0,32400000.0,6.1674,6.213,2363,Released,"Set in a world where the concept of lying doesn't exist, a loser changes his lot when he invents lying and uses it to get ahead."
9513,Garfield: A Tail of Two Kitties,en,2006-06-15,86,60000000.0,141700000.0,6.1645,5.608,2362,Released,"Jon and Garfield visit the United Kingdom, where a case of mistaken cat identity finds Garfield ruling over a castle. His reign is soon jeopardized by the nefarious Lord Dargis, who has designs on the estate."
49021,Killer Elite,en,2011-09-22,116,66000000.0,57777106.0,6.6741,6.27,2361,Released,"Based on a shocking true story, Killer Elite pits two of the world’s most elite operatives—Danny, an ex-special ops agent and Hunter, his longtime mentor—against the cunning leader of a secret military society. Covering the globe from Australia to Paris, London and the Middle East, Danny and Hunter are plunged into a highly dangerous game of cat and mouse—where the predators become the prey."
507076,Climax,fr,2018-09-19,97,2900000.0,1696075.0,5.878,7.038,2357,Released,"When a dance troupe is lured to an empty school, a bowl of drug-laced sangria causes their jubilant rehearsal to descend into a dark and explosive nightmare as they try to survive the night—and find who's responsible—before it's too late."
147,The 400 Blows,fr,1959-06-03,99,0.0,0.0,5.3279,8.0,2357,Released,"For young Parisian boy Antoine Doinel, life is one difficult situation after another. Surrounded by inconsiderate adults, including his neglectful parents, Antoine spends his days with his best friend, Rene, trying to plan for a better life. When one of their schemes goes awry, Antoine ends up in trouble with the law, leading to even more conflicts with unsympathetic authority figures."
682507,Where the Crawdads Sing,en,2022-07-14,126,24000000.0,144353965.0,14.7971,7.521,2354,Released,"Abandoned by her family, Kya raises herself all alone in the marshes outside of her small town. When her former boyfriend is found dead, Kya is instantly branded by the local townspeople and law enforcement as the prime suspect for his murder."
49526,Premium Rush,en,2012-08-24,91,35000000.0,31100000.0,5.5957,6.361,2353,Released,"In Manhattan, a bike messenger picks up an envelope that attracts the interest of a dirty cop, who pursues the cyclist throughout the city."
294272,Pete's Dragon,en,2016-08-10,103,65000000.0,143695338.0,7.281,6.388,2347,Released,"For years, old wood carver Mr. Meacham has delighted local children with his tales of the fierce dragon that resides deep in the woods of the Pacific Northwest. To his daughter, Grace, who works as a forest ranger, these stories are little more than tall tales... until she meets Pete, a mysterious 10-year-old with no family and no home who claims to live in the woods with a giant, green dragon named Elliott. And from Pete's descriptions, Elliott seems remarkably similar to the dragon from Mr. Meacham's stories. With the help of Natalie, an 11-year-old girl whose father Jack owns the local lumber mill, Grace sets out to determine where Pete came from, where he belongs, and the truth about this dragon."
192102,3 Days to Kill,en,2014-02-14,113,28000000.0,53260230.0,5.9328,6.1,2346,Released,"A dangerous international spy is determined to give up his high stakes life to finally build a closer relationship with his estranged wife and daughter. But first, he must complete one last mission - even if it means juggling the two toughest assignments yet: hunting down the world's most ruthless terrorist and looking after his teenage daughter for the first time in ten years, while his wife is out of town."
37233,The Firm,en,1993-06-30,154,42000000.0,270248367.0,10.5993,6.743,2346,Released,"Mitch McDeere is a young man with a promising future in Law. About to sit his Bar exam, he is approached by 'The Firm' and made an offer he doesn't refuse. Seduced by the money and gifts showered on him, he is totally oblivious to the more sinister side of his company. Then, two Associates are murdered. The FBI contact him, asking him for information and suddenly his life is ruined. He has a choice - work with the FBI, or stay with the Firm. Either way he will lose his life as he knows it. Mitch figures the only way out is to follow his own plan..."
318121,The Fundamentals of Caring,en,2016-06-16,97,0.0,0.0,3.8736,7.285,2343,Released,"Having suffered a tragedy, Ben becomes a caregiver to earn money. His first client, Trevor, is a hilarious 18-year-old with muscular dystrophy. One paralyzed emotionally, one paralyzed physically, Ben and Trevor hit the road on a trip into the western states. The folks they collect along the way will help them test their skills for surviving outside their calculated existence. Together, they come to understand the importance of hope and the necessity of true friendship."
1547,The Lost Boys,en,1987-07-31,97,8500000.0,32222567.0,9.0549,7.11,2343,Released,"When an unsuspecting town newcomer is drawn to local blood fiends, the Frog brothers and other unlikely heroes gear up to rescue him."
371645,Hunt for the Wilderpeople,en,2016-01-22,101,2500000.0,23900000.0,6.8517,7.647,2342,Released,"Ricky is a defiant young city kid who finds himself on the run with his cantankerous foster uncle in the wild New Zealand bush. A national manhunt ensues, and the two are forced to put aside their differences and work together to survive."
273895,Selma,en,2014-12-25,128,20000000.0,66787908.0,3.4378,7.373,2341,Released,"""Selma,"" as in Alabama, the place where segregation in the South was at its worst, leading to a march that ended in violence, forcing a famous statement by President Lyndon B. Johnson that ultimately led to the signing of the Voting Rights Act."
59860,Monte Carlo,en,2011-07-01,109,20000000.0,39800000.0,5.3041,6.8,2341,Released,Three young women vacationing in Paris find themselves whisked away to Monte Carlo after one of the girls is mistaken for a British heiress.
6415,Three Kings,en,1999-09-27,114,75000000.0,108000000.0,6.9648,6.639,2341,Released,"A group of American soldiers stationed in Iraq at the end of the Gulf War find a map they believe will take them to a huge cache of stolen Kuwaiti gold hidden near their base, and they embark on a secret mission that's destined to change everything."
8005,Robin Hood: Men in Tights,en,1993-07-28,104,20000000.0,35739755.0,7.5971,6.613,2340,Released,"Robin Hood comes home after fighting in the Crusades to learn that the noble King Richard is in exile and that the despotic King John now rules England, with the help of the Sheriff of Rottingham. Robin Hood assembles a band of fellow patriots to do battle with King John and the Sheriff."
599975,Countdown,en,2019-10-24,90,6500000.0,48021766.0,7.245,6.2,2337,Released,"A young nurse downloads an app that tells her she only has three days to live. With time ticking away and a mysterious figure haunting her, she must find a way to save her life before time runs out."
923,Dawn of the Dead,en,1978-09-02,127,640000.0,55000000.0,6.7271,7.489,2337,Released,"During an ever-growing epidemic of zombies that have risen from the dead, two Philadelphia SWAT team members, a traffic reporter, and his television-executive girlfriend seek refuge in a secluded shopping mall."
58431,Pride and Prejudice and Zombies,en,2016-02-04,108,28000000.0,16457494.0,6.9413,6.164,2336,Released,"A zombie outbreak has fallen upon the land in this reimagining of Jane Austen's classic tale of the tangled relationships between lovers from different social classes in 19th century England. Feisty heroine Elizabeth Bennet is a master of martial arts and weaponry and the handsome Mr. Darcy is a fierce zombie killer, yet the epitome of upper class prejudice. As the zombie outbreak intensifies, they must swallow their pride and join forces on the blood-soaked battlefield in order to conquer the undead once and for all."
11397,Not Another Teen Movie,en,2001-12-07,89,16000000.0,66468332.0,8.6538,5.82,2336,Released,"On a bet, a gridiron hero at John Hughes High School sets out to turn a bespectacled plain Jane into a beautiful and popular prom queen in this outrageous send-up of the teen movies of the 1980s and '90s."
37821,Killers,en,2010-06-04,100,75000000.0,98159963.0,6.4619,6.0,2335,Released,"When an elite assassin marries a beautiful computer whiz after a whirlwind romance, he gives up the gun and settles down with his new bride. That is, until he learns that someone from his past has put a contract out on his life."
9913,The Skeleton Key,en,2005-07-29,104,43000000.0,93983911.0,6.8845,6.62,2335,Released,A hospice nurse working at a spooky New Orleans plantation home finds herself entangled in a mystery involving the house's dark past.
4032,My Girl,en,1991-11-27,103,17000000.0,59490000.0,8.7372,7.421,2335,Released,"Vada Sultenfuss is obsessed with death. Her mother is dead, and her father runs a funeral parlor. She is also in love with her English teacher, and joins a poetry class over the summer just to impress him. Thomas J., her best friend, is ""allergic to everything"", and sticks with Vada despite her hangups. When Vada's father hires Shelly, and begins to fall for her, things take a turn to the worse..."
11395,The Santa Clause,en,1994-11-11,97,22000000.0,189833357.0,10.8821,6.531,2334,Released,"On Christmas Eve, divorced dad Scott Calvin and his son discover Santa Claus has fallen off their roof. When Scott takes the reins of the magical sleigh, he finds he is now the new Santa, and must convince a world of disbelievers, including himself."
1251,Letters from Iwo Jima,en,2006-12-09,141,19000000.0,68673228.0,5.2467,7.499,2334,Released,"The story of the battle of Iwo Jima between the United States and Imperial Japan during World War II, as told from the perspective of the Japanese who fought it."
606856,Togo,en,2019-12-20,113,0.0,0.0,5.5913,8.139,2332,Released,"The untold true story set in the winter of 1925 that takes you across the treacherous terrain of the Alaskan tundra for an exhilarating and uplifting adventure that will test the strength, courage and determination of one man, Leonhard Seppala, and his lead sled dog, Togo."
537116,"tick, tick... BOOM!",en,2021-11-11,120,0.0,0.0,4.6024,7.589,2332,Released,"On the brink of turning 30, a promising theater composer navigates love, friendship and the pressure to create something great before time runs out."
505192,Shoplifters,ja,2018-06-02,120,0.0,0.0,5.68,7.83,2331,Released,"In the outskirts of Tokyo, a poor but close-knit group living on the fringes of society survives through shoplifting and odd jobs. When Osamu and his son take in a neglected young girl, their already fragile existence begins to unravel. As the family grows attached to her, buried secrets surface, forcing them to confront the true meaning of love, belonging, and what makes a family."
283445,Sinister 2,en,2015-08-19,97,10000000.0,53329150.0,8.2973,5.9,2331,Released,A young mother and her twin sons move into a rural house that's marked for death.
29917,Exam,en,2009-06-19,101,600000.0,394717.0,4.6057,6.681,2331,Released,"Eight talented candidates have reached the final stage of selection to join the ranks of a mysterious and powerful corporation. Entering a windowless room, where an armed guard keeps watch, they are given 80 minutes to answer one simple question."
463821,The House with a Clock in Its Walls,en,2018-09-15,105,42000000.0,131523093.0,7.6471,6.252,2330,Released,"When ten-year-old Lewis is suddenly orphaned, he is sent to live with his Uncle Jonathan in a creaky (and creepy) old mansion with a mysterious ticking noise that emanates from the walls. Upon discovering that his uncle is a warlock, Lewis begins learning magic, but when he rebelliously resurrects an evil warlock he must find the secret of the house and save the world from destruction."
253,Live and Let Die,en,1973-06-27,121,7000000.0,126400000.0,8.967,6.5,2329,Released,James Bond must investigate a mysterious murder case of a British agent in New Orleans. Soon he finds himself up against a gangster boss named Mr. Big.
760161,Orphan: First Kill,en,2022-07-27,99,10000000.0,9572765.0,5.9762,6.59,2328,Released,"After escaping from an Estonian psychiatric facility, Leena Klammer travels to America by impersonating Esther, the missing daughter of a wealthy family. But when her mask starts to slip, she is put against a mother who will protect her family from the murderous “child” at any cost."
10925,The Return of the Living Dead,en,1985-04-25,91,4000000.0,14241310.0,6.6632,7.194,2328,Released,"Two employees at a medical supply warehouse accidentally release a toxic gas from a misplaced top-secret U.S. Army shipment, causing the dead to rise from a nearby cemetery with an insatiable hunger for human brains."
1275779,Disclosure Day,en,2026-06-10,146,115000000.0,239022890.0,394.3346,7.427,2328,Released,"A cybersecurity expert becomes a whistleblower after uncovering secrets about aliens, putting him on the run from a corporation. Meanwhile, a meteorologist experiencing strange phenomena joins forces with him to prove there's life beyond our understanding."
5336,"Salò, or the 120 Days of Sodom",it,1976-01-10,117,800000.0,1800000.0,6.6093,6.341,2326,Released,"Four corrupted fascist libertines round up 9 teenage boys and girls and subject them to 120 days of sadistic physical, mental and sexual torture."
11282,Harold & Kumar Go to White Castle,en,2004-07-02,88,9000000.0,23936908.0,6.4762,6.578,2325,Released,"Nerdy accountant Harold and his irrepressible friend, Kumar, get stoned watching television and find themselves utterly bewitched by a commercial for White Castle. Convinced there must be one nearby, the two set out on a late-night odyssey that takes them deep into New Jersey. Somehow, the boys manage to run afoul of rednecks, cops and even a car-stealing Neil Patrick Harris before getting anywhere near their beloved sliders."
29427,The Crazies,en,2010-02-26,101,20000000.0,54956140.0,6.4386,6.31,2324,Released,Four friends find themselves trapped in their small hometown after they discover their friends and neighbors going quickly and horrifically insane.
10590,We Were Soldiers,en,2002-03-01,138,75000000.0,114660784.0,7.5383,7.137,2324,Released,"The year is 1965 and America is at war with North Vietnam.  Commanding the air cavalry is Lt. Col. Hal Moore (Gibson), a born leader committed to his troops.  His target: the Ia Drang Valley, called ""The Valley of Death.""  As Moore prepares for one of the most violent battles in U.S. history, he delivers a stirring promise to his soldiers and their families: ""I will leave no man behind...dead or alive.  We will all come home together."""
864,Cool Runnings,en,1993-10-01,98,14000000.0,154856263.0,6.8286,7.028,2324,Released,"When a Jamaican sprinter is disqualified from the Olympic Games, he enlists the help of a dishonored coach to start the first Jamaican bobsled team."
203,Mean Streets,en,1973-10-14,112,500000.0,3000000.0,6.0063,7.0,2324,Released,"A small-time hood must choose from among love, friendship and the chance to rise within the mob."
319888,Eddie the Eagle,en,2016-02-25,106,23000000.0,46152411.0,4.9566,7.163,2322,Released,"The feel-good story of Michael 'Eddie' Edwards, an unlikely but courageous British ski-jumper who never stopped believing in himself—even as an entire nation was counting him out. With the help of a rebellious and charismatic coach, Eddie takes on the establishment and wins the hearts of sports fans around the world by making an improbable and historic showing at the 1988 Calgary Winter Olympics."
37797,Whisper of the Heart,ja,1995-07-15,111,0.0,0.0,7.773,7.9,2322,Released,"Shizuku lives a simple life, dominated by her love for stories and writing. One day she notices that all the library books she has have been previously checked out by the same person: ""Seiji Amasawa."""
8224,8MM,en,1999-02-26,123,40000000.0,96618699.0,7.2237,6.5,2322,Released,"A small, seemingly innocuous plastic reel of film leads surveillance specialist Tom Welles down an increasingly dark and frightening path. With the help of the streetwise Max, he relentlessly follows a bizarre trail of evidence to determine the fate of a complete stranger. As his work turns into obsession, he drifts farther and farther away from his wife, family and simple life as a small-town PI."
602734,Spiral: From the Book of Saw,en,2021-05-12,93,20000000.0,40618920.0,9.0644,5.891,2321,Released,"Working in the shadow of an esteemed police veteran, brash Detective Ezekiel “Zeke” Banks and his rookie partner take charge of a grisly investigation into murders that are eerily reminiscent of the city’s gruesome past.  Unwittingly entrapped in a deepening mystery, Zeke finds himself at the center of the killer’s morbid game."
8346,My Big Fat Greek Wedding,en,2002-04-19,95,5000000.0,368744044.0,6.4499,6.499,2321,Released,A young Greek woman falls in love with a non-Greek and struggles to get her family to accept him while she comes to terms with her heritage and cultural identity.
796499,Army of Thieves,en,2021-10-29,128,30000000.0,46900000.0,7.433,6.798,2318,Released,A mysterious woman recruits bank teller Ludwig Dieter to lead a group of aspiring thieves on a top-secret heist during the early stages of the zombie apocalypse.
682,The Man with the Golden Gun,en,1974-12-04,125,7000000.0,97600000.0,7.4505,6.459,2318,Released,"Cool government operative James Bond searches for a stolen invention that can turn the sun's heat into a destructive weapon. He soon crosses paths with the menacing Francisco Scaramanga, a hitman so skilled he has a seven-figure working fee. Bond then joins forces with the swimsuit-clad Mary Goodnight, and together they track Scaramanga to a Thai tropical isle hideout where the killer-for-hire lures the slick spy into a deadly maze for a final duel."
585216,Escape Room: Tournament of Champions,en,2021-07-01,88,15000000.0,65774490.0,6.8697,6.507,2316,Released,"Six people unwittingly find themselves locked in another series of escape rooms, slowly uncovering what they have in common to survive... and discovering they've all played the games before."
18947,The Boat That Rocked,en,2009-04-01,135,50000000.0,36348784.0,3.8552,7.222,2316,Released,"When a group of rebellious deejays decides to defy the ban on government-censored music, they take to the seas to broadcast music and mayhem to millions of adoring fans."
146198,Triple 9,en,2016-02-19,115,20000000.0,12600000.0,8.1537,5.977,2314,Released,A gang of criminals and corrupt cops plan the murder of a police officer in order to pull off their biggest heist yet across town.
59678,Attack the Block,en,2011-05-11,88,13000000.0,6333688.0,4.9878,6.46,2313,Released,A South London teen gang must team up with the other residents of their housing estate to protect the neighbourhood from a terrifying alien invasion.
82525,Savages,en,2012-07-06,131,45000000.0,82966152.0,5.0878,6.356,2312,Released,Pot growers Ben and Chon face off against the Mexican drug cartel that kidnapped their shared girlfriend.
9276,The Faculty,en,1998-12-25,104,15000000.0,40283321.0,11.1367,6.574,2311,Released,"When creepy things start happening at Herrington High, the students begin to suspect that their faculty is being controlled by body-snatching aliens."
8452,The 6th Day,en,2000-11-17,123,82000000.0,96085477.0,8.489,6.003,2309,Released,"A world of the very near future in which cattle, fish, and even the family pet can be cloned. But cloning humans is illegal - that is until family man Adam Gibson comes home from work one day to find a clone has replaced him. Taken from his family and plunged into a sinister world he doesn't understand, Gibson must not only save himself from the assassins who must destroy him to protect their secret, but uncover who and what is behind the horrible things happening to him."
339967,Colossal,en,2017-04-06,109,15000000.0,3029287.0,4.683,6.279,2308,Released,A woman discovers that severe catastrophic events are somehow connected to the mental breakdown from which she's suffering.
9571,Dazed and Confused,en,1993-09-24,102,6900000.0,8259076.0,6.4253,7.307,2308,Released,"The adventures of a group of Texas teens on their last day of school in 1976, centering on student Randall Floyd, who moves easily among stoners, jocks and geeks. Floyd is a star athlete, but he also likes smoking weed, which presents a conundrum when his football coach demands he sign a ""no drugs"" pledge."
1923,Twin Peaks: Fire Walk with Me,en,1992-06-03,135,10000000.0,4237427.0,8.0012,7.42,2307,Released,"In the questionable town of Deer Meadow, Washington, FBI Agent Desmond inexplicably disappears while hunting for the man who murdered a teen girl. The killer is never apprehended, and, after experiencing dark visions and supernatural encounters, Agent Dale Cooper chillingly predicts that the culprit will claim another life. Meanwhile, in the more cozy town of Twin Peaks, hedonistic beauty Laura Palmer hangs with lowlifes and seems destined for a grisly fate."
483184,Dogman,it,2018-05-17,103,0.0,5080147.0,2.81,7.512,2306,Released,"Marcello, a small and gentle dog groomer, finds himself involved in a dangerous relationship of subjugation with Simone, a former violent boxer who terrorizes the entire neighborhood. In an effort to reaffirm his dignity, Marcello will submit to an unexpected act of vengeance."
465136,Every Day,en,2018-02-22,97,4900000.0,10400000.0,6.7187,7.242,2305,Released,"16-year old Rhiannon falls in love with a mysterious spirit named “A” that inhabits a different body every day. Feeling an unmatched connection, Rhiannon and “A” work each day to find each other, not knowing what the next day will bring."
650,Boyz n the Hood,en,1991-07-12,112,6500000.0,57504069.0,7.9857,7.631,2305,Released,"In the middle of the Los Angeles ghetto, drugs, robberies and shootings dominate everyday life. During these times, Furious tries to raise his son Tre to be a decent person. Tre's friends, on the other hand, have little regard for the law and drag the entire neighborhood into a street war..."
8461,Funny Games,en,2008-03-14,111,15000000.0,7938872.0,6.0839,6.548,2304,Released,"When Ann, husband George, and son Georgie arrive at their holiday home they are visited by a pair of polite and seemingly pleasant young men. Armed with deceptively sweet smiles and some golf clubs, they proceed to terrorize and torture the tight-knit clan, giving them until the next day to survive."
228066,Victor Frankenstein,en,2015-11-10,110,40000000.0,34200000.0,5.3004,5.953,2302,Released,Eccentric scientist Victor Von Frankenstein creates a grotesque creature in an unorthodox scientific experiment.
2309,Inkheart,en,2008-12-11,106,60000000.0,62803180.0,6.0086,6.302,2301,Released,"The adventures of a father and his young daughter, in their search for a long lost book that will help reunite a missing, close relative."
804,Roman Holiday,en,1953-08-26,119,1500000.0,12000000.0,11.0821,7.891,2301,Released,"Overwhelmed by her suffocating schedule, touring European princess Ann takes off for a night while in Rome. When a sedative she took from her doctor kicks in, however, she falls asleep on a park bench and is found by an American reporter, Joe Bradley, who takes her back to his apartment for safety. At work the next morning, Joe finds out Ann's regal identity and bets his editor he can get exclusive interview with her, but romance soon gets in the way."
6282,Coyote Ugly,en,2000-07-30,100,45000000.0,113900000.0,9.3036,6.257,2300,Released,"Graced with a velvet voice, 21-year-old Violet Sanford heads to New York to pursue her dream of becoming a songwriter only to find her aspirations sidelined by the accolades and notoriety she receives at her ""day"" job as a barmaid at Coyote Ugly. The ""Coyotes"" as they are affectionately called tantalize customers and the media alike with their outrageous antics, making Coyote Ugly the watering hole for guys on the prowl."
13051,Max Payne,en,2008-10-15,100,35000000.0,85416905.0,6.1354,5.418,2298,Released,"A DEA agent whose family was slain as part of a conspiracy, and an assassin out to avenge her sister's death, join forces to solve a series of murders in New York City."
137093,Last Vegas,en,2013-10-31,105,28000000.0,134400000.0,6.2042,6.399,2294,Released,"Aging pals Billy, Paddy, Archie, and Sam have been best friends since childhood. When Billy finally proposes to his much-younger girlfriend, all four friends go to Las Vegas to celebrate the end of Billy's longtime bachelorhood and relive their glory days. However, the four quickly realize that the intervening decades have changed Sin City and tested their friendship in ways they had not imagined."
446893,Trolls World Tour,en,2020-03-11,91,90000000.0,49276818.0,12.2252,7.233,2292,Released,"Queen Poppy and Branch make a surprising discovery — there are other Troll worlds beyond their own, and their distinct differences create big clashes between these various tribes. When a mysterious threat puts all of the Trolls across the land in danger, Poppy, Branch, and their band of friends must embark on an epic quest to create harmony among the feuding Trolls to unite them against certain doom."
24238,Mary and Max,en,2009-04-09,92,8240000.0,1740429.0,6.5868,7.876,2292,Released,"A tale of friendship between two unlikely pen pals: Mary, a lonely, eight-year-old girl living in the suburbs of Melbourne, and Max, a forty-four-year old, severely obese man living in New York."
10603,George of the Jungle,en,1997-07-15,92,55000000.0,174463257.0,6.1279,5.668,2291,Released,"Deep in the African jungle, a baby named George, the sole survivor of a plane crash, is raised by gorillas. George grows up to be a buff and lovable klutz who has a rainforest full of animal friends: Tookie, his big-beaked toucan messenger; Ape, a witty talking gorilla; and Shep, a peanut-loving pooch of an elephant. But when poachers mess with George's pals, the King of Swing swings into action."
10314,She's All That,en,1999-01-29,95,10000000.0,103166989.0,6.5984,6.34,2291,Released,"High school hotshot Zach Siler is the envy of his peers. But his popularity declines sharply when his cheerleader girlfriend, Taylor, leaves him for sleazy reality-television star Brock Hudson. Desperate to revive his fading reputation, Siler agrees to a seemingly impossible challenge. He has six weeks to gain the trust of nerdy outcast Laney Boggs -- and help her to become the school's next prom queen."
9381,Babylon A.D.,en,2008-08-20,101,70000000.0,72109200.0,5.4454,5.667,2290,Released,A veteran-turned-mercenary is hired to take a young woman with a secret from post-apocalyptic Eastern Europe to New York City.
8769,Christine,en,1983-12-09,110,9700000.0,21200000.0,7.5258,6.88,2289,Released,"Nerdy high schooler Arnie Cunningham falls for Christine, a rusty 1958 Plymouth Fury, and becomes obsessed with restoring the classic automobile to her former glory. As the car changes, so does Arnie, whose newfound confidence turns to arrogance behind the wheel of his exotic beauty. Arnie's girlfriend Leigh and best friend Dennis reach out to him, only to be met by a Fury like no other."
556803,The Princess Switch,en,2018-10-25,101,0.0,0.0,3.0522,6.982,2288,Released,"When a down-to-earth Chicago baker and a soon-to-be princess discover they look like twins, they hatch a Christmastime plan to trade places."
4564,Sex and the City,en,2008-05-12,146,65000000.0,418800000.0,7.9888,6.5,2288,Released,"When Carrie's big step forward in her relationship goes awry, best friends Charlotte, Miranda and Samantha are there to help her pick up the pieces."
940551,Migration,en,2023-12-06,83,72000000.0,298776052.0,13.7926,7.355,2287,Released,"After a migrating duck family alights on their pond with thrilling tales of far-flung places, the Mallard family embarks on a family road trip, from New England, to New York City, to tropical Jamaica."
10673,Wall Street,en,1987-12-10,126,15000000.0,43900000.0,6.4784,7.164,2282,Released,"A young and impatient stockbroker is willing to do anything to get to the top, including trading on illegal inside information taken through a ruthless and greedy corporate raider, whom takes the youth under his wing."
11281,Halloween II,en,1981-10-30,92,2500000.0,25533818.0,6.8216,6.589,2281,Released,"After failing to kill stubborn survivor Laurie and taking a bullet or six from former psychiatrist Dr. Sam Loomis, Michael Myers has followed Laurie to the Haddonfield Memorial Hospital, where she's been admitted for Myers' attempt on her life. The institution proves to be particularly suited to serial killers, however, as Myers cuts, stabs and slashes his way through hospital staff to reach his favorite victim."
14069,The Girl Who Leapt Through Time,ja,2006-07-15,98,0.0,3478290.0,6.313,7.773,2280,Released,"When 17-year-old Makoto Konno gains the ability to 'leap' backwards through time, she immediately sets about improving her grades and preventing personal mishaps. However, she soon realises that changing the past isn't as simple as it seems, and eventually, will have to rely on her new powers to shape the future of herself and her friends."
591274,Fear Street: 1978,en,2021-07-08,111,10000000.0,0.0,6.5624,7.178,2279,Released,"In 1978, two rival groups at Camp Nightwing must band together to solve a terrifying mystery when horrors from their towns' history come alive."
48171,The Rite,en,2011-01-28,114,37000000.0,96047633.0,7.6046,6.122,2278,Released,"Seminary student Michael Kovak reluctantly attends exorcism school at the Vatican. While he’s in Rome, Michael meets an unorthodox priest who introduces him to the darker side of his faith, uncovering the devil’s reach even to one of the holiest places on Earth."
691,The Spy Who Loved Me,en,1977-07-07,125,13500000.0,185438673.0,7.4861,6.821,2276,Released,Russian and British submarines with nuclear missiles on board both vanish from sight without a trace. England and Russia both blame each other as James Bond tries to solve the riddle of the disappearing ships. But the KGB also has an agent on the case.
88005,Seeking a Friend for the End of the World,en,2012-06-22,101,10000000.0,9636289.0,3.7566,6.566,2275,Released,"As an asteroid nears Earth, a man finds himself alone after his wife leaves in a panic. He decides to take a road trip to reunite with his high school sweetheart. Accompanying him is a neighbor who inadvertently puts a wrench in his plan."
10708,Daddy Day Care,en,2003-05-09,92,60000000.0,164433867.0,6.1828,5.92,2275,Released,"Two men get laid off and have to become stay-at-home dads when they can't find jobs, which inspires them to open their own day-care center."
10024,My Sister's Keeper,en,2009-06-26,109,30000000.0,95714875.0,5.415,7.369,2272,Released,"Sara and Brian live an idyllic life with their young son and daughter. But their family is rocked by sudden, heartbreaking news that forces them to make a difficult and unorthodox choice in order to save their baby girl's life. The parents' desperate decision raises both ethical and moral questions and rips away at the foundation of their relationship. Their actions ultimately set off a court case that threatens to tear the family apart, while revealing surprising truths that challenge everyone's perceptions of love and loyalty and give new meaning to the definition of healing."
345938,The Shack,en,2017-03-02,132,20000000.0,96942115.0,10.0655,7.509,2271,Released,"A grieving man receives a mysterious, personal invitation to meet with God at a place called 'The Shack'."
802,Lolita,en,1962-06-13,154,2000000.0,9250000.0,27.5391,7.3,2271,Released,"Humbert Humbert is a middle-aged British novelist who is both appalled by and attracted to the vulgarity of American culture. When he comes to stay at the boarding house run by Charlotte Haze, he soon becomes obsessed with Lolita, the woman's teenaged daughter."
632357,The Unholy,en,2021-03-31,99,10000000.0,30832137.0,9.0187,6.546,2270,Released,"Alice is a young hearing-impaired girl who, after a supposed visitation from the Virgin Mary, is inexplicably able to hear, speak and heal the sick. As word spreads and people from near and far flock to witness her miracles, a disgraced journalist hoping to revive his career visits the small New England town to investigate. When terrifying events begin to happen all around, he starts to question if these phenomena are the works of the Virgin Mary or something much more sinister."
8274,American Pie Presents: Band Camp,en,2005-11-23,94,7000000.0,0.0,6.7459,5.47,2270,Released,"Everyone has 'moved on', except for Sherman and Jim Levenstein's still understanding father. Little Matt Stiffler wants to join his older brother Steve's business and, after everything Matt has heard from Jim's band-geek wife, he plans to go back to band camp and make a video of his own."
1844,Entrapment,en,1999-04-29,112,66000000.0,212404400.0,7.4424,6.237,2268,Released,"Two thieves, who travel in elegant circles, try to outsmart each other and, in the process, end up falling in love."
11806,Beethoven,en,1992-04-03,87,0.0,147214049.0,5.8656,5.837,2267,Released,"The Newton family live in their comfortable home, but there seems to something missing. This ""hole"" is filled by a small puppy, who walks into their home and their lives. Beethoven, as he is named, grows into a giant of a dog... a St Bernard. Doctor Varnick, the local vet has a secret and horrible sideline, which requires lots of dogs for experiments. Beethoven is on the bad doctor's list."
458594,Peppermint,en,2018-09-06,102,25000000.0,53918723.0,4.8335,6.736,2266,Released,"A grieving mother transforms herself into a vigilante following the murders of her husband and daughter, eluding the authorities to deliver her own personal brand of justice."
198375,The Garden of Words,ja,2013-05-31,46,0.0,820165.0,5.166,7.592,2264,Released,"Takao, who is training to become a shoemaker, skipped school and is sketching shoes in a Japanese-style garden. He meets a mysterious woman, Yukino, who is older than him. Then, without arranging the times, the two start to see each other again and again, but only on rainy days. They deepen their relationship and open up to each other. But the end of the rainy season soon approaches."
339692,Shot Caller,en,2017-07-07,121,0.0,0.0,8.8099,6.965,2263,Released,A newly-released prison gangster is forced by the leaders of his gang to orchestrate a major crime with a brutal rival gang on the streets of Southern California.
655,"Paris, Texas",en,1984-07-16,145,1750000.0,2181987.0,13.0226,8.076,2263,Released,"A man wanders out of the desert not knowing who he is. His brother finds him, and helps to pull his memory back of the life he led before he walked out on his family and disappeared four years earlier."
500682,The Highwaymen,en,2019-03-15,133,49000000.0,0.0,4.958,6.768,2262,Released,"In 1934, Frank Hamer and Manny Gault, two former Texas Rangers, are commissioned to put an end to the wave of vicious crimes perpetrated by Bonnie Parker and Clyde Barrow, a notorious duo of infamous robbers and cold-blooded killers who nevertheless are worshiped by the public."
184346,Deliver Us from Evil,en,2014-07-01,118,30000000.0,87937815.0,4.9907,6.257,2261,Released,"When a frightening wave of violence sweeps through New York City, troubled cop Sarchie fails to find a rational explanation for the bizarre crimes. However, his eyes are opened to a frightening alternate reality when renegade Jesuit priest Mendoza convinces him that demonic possession may be to blame for the gruesome murders. Together, they wage a valiant supernatural struggle to rid the city of an otherworldly evil."
931285,Mortal Kombat II,en,2026-05-06,116,80000000.0,129470110.0,99.5231,7.906,2260,Released,"The fan favorite champions—now joined by Johnny Cage himself—are pitted against one another in the ultimate, no-holds barred, gory battle to defeat the dark rule of Shao Kahn that threatens the very existence of the Earthrealm and its defenders."
698,Moonraker,en,1979-06-26,126,34000000.0,210308099.0,7.5418,6.191,2259,Released,"After Drax Industries' Moonraker space shuttle is hijacked, secret agent James Bond is assigned to investigate, traveling to California to meet the company's owner, the mysterious Hugo Drax. With the help of scientist Dr. Holly Goodhead, Bond soon uncovers Drax's nefarious plans for humanity, all the while fending off an old nemesis, Jaws, and venturing to Venice, Rio, the Amazon...and even outer space."
14411,Sinbad: Legend of the Seven Seas,en,2003-07-02,86,60000000.0,80767884.0,8.4223,7.053,2258,Released,"The sailor of legend is framed by the goddess Eris for the theft of the Book of Peace, and must travel to her realm at the end of the world to retrieve it and save the life of his childhood friend Prince Proteus."
426543,The Nutcracker and the Four Realms,en,2018-10-26,99,120000000.0,173961069.0,6.3216,6.082,2257,Released,"When Clara’s mother leaves her a mysterious gift, she embarks on a journey to four secret realms—where she discovers her greatest strength could change the world."
1677,Ray,en,2004-10-29,152,40000000.0,124700000.0,5.8961,7.455,2257,Released,"Born on a sharecropping plantation in Northern Florida, Ray Charles went blind at seven. Inspired by a fiercely independent mom who insisted he make his own way, He found his calling and his gift behind a piano keyboard. Touring across the Southern musical circuit, the soulful singer gained a reputation and then exploded with worldwide fame when he pioneered coupling gospel and country together."
1100782,Smile 2,en,2024-10-16,127,28000000.0,138128854.0,23.7112,6.585,2256,Released,"About to embark on a new world tour, global pop sensation Skye Riley begins experiencing increasingly terrifying and inexplicable events. Overwhelmed by the escalating horrors and the pressures of fame, Skye is forced to face her dark past to regain control of her life before it spirals out of control."
37950,Charlie St. Cloud,en,2010-07-30,99,44000000.0,48200000.0,4.7049,6.971,2256,Released,"Accomplished sailor Charlie St. Cloud has the adoration of his mother Claire and his little brother Sam, as well as a college scholarship that will lead him far from his sleepy Pacific Northwest hometown. But his bright future is cut short when tragedy strikes and takes his dreams with it. After high school classmate Tess returns home unexpectedly, Charlie grows torn between honoring a promise he made four years earlier and moving forward with newfound love. As he finds the courage to let go of the past for good, Charlie discovers the soul most worth saving is his own."
23488,Dorian Gray,en,2009-09-09,112,0.0,4706919.0,5.9445,6.048,2256,Released,"Seduced into the decadent world of Lord Henry Wotton, handsome young aristocrat Dorian Gray becomes obsessed with maintaining his youthful appearance, and commissions a special portrait that will weather the winds of time while he remains forever young. When Gray's obsession spirals out of control, his desperate attempts to safeguard his secret turn his once-privileged life into a living hell."
399019,The Beguiled,en,2017-06-23,93,10500000.0,27869129.0,5.747,5.9,2255,Released,"During the Civil War, at a Southern girls’ boarding school, young women take in an injured enemy soldier. As they provide refuge and tend to his wounds, the house is taken over with sexual tension and dangerous rivalries, and taboos are broken in an unexpected turn of events."
2609,"Planes, Trains and Automobiles",en,1987-11-26,92,15000000.0,49500000.0,6.3355,7.255,2255,Released,"An irritable marketing executive, Neal Page, is heading home to Chicago for Thanksgiving when a number of delays force him to travel with a well meaning but overbearing shower curtain ring salesman, Del Griffith."
700,Octopussy,en,1983-06-05,131,27500000.0,187500000.0,7.3542,6.358,2254,Released,James Bond is sent to investigate after a fellow “00” agent is found dead with a priceless Indian Fabergé egg. Bond follows the mystery and uncovers a smuggling scandal and a Russian General who wants to provoke a new World War.
77866,Contraband,en,2012-01-12,109,25000000.0,96262212.0,4.6627,6.346,2252,Released,"When his brother-in-law runs afoul of a drug lord, family man Chris Farraday turns to a skill he abandoned long ago—smuggling—to repay the debt. But the job goes wrong, and Farraday finds himself wanted by cops, crooks and killers alike."
559907,The Green Knight,en,2021-07-29,130,15000000.0,18887953.0,8.129,6.591,2248,Released,"An epic fantasy adventure based on the timeless Arthurian legend, The Green Knight tells the story of Sir Gawain, King Arthur's reckless and headstrong nephew, who embarks on a daring quest to confront the eponymous Green Knight, a gigantic emerald-skinned stranger and tester of men."
5994,The Family Man,en,2000-12-12,125,60000000.0,124700000.0,7.0112,6.826,2248,Released,"Jack's lavish, fast-paced lifestyle changes one Christmas night when he stumbles into a grocery store holdup and disarms the gunman. The next morning he wakes up in bed lying next to Kate, his college sweetheart he left in order to pursue his career, and to the horrifying discovery that his former life no longer exists. As he stumbles through this alternate suburban universe, Jack finds himself at a crossroad where he must choose between his high-power career and the woman he loves."
1691,Hostel: Part II,en,2007-06-07,93,10200000.0,35728183.0,6.9473,5.858,2248,Released,"Three American college students studying abroad are lured to a Slovakian hostel, and discover the grim reality behind it."
10474,The Basketball Diaries,en,1995-04-21,102,2000000.0,2381087.0,6.5748,7.401,2247,Released,A high school basketball player’s life turns upside down after free-falling into the harrowing world of drug addiction.
12180,Star Wars: The Clone Wars,en,2008-08-05,98,8500000.0,68282844.0,6.297,6.155,2245,Released,"As the Clone Wars sweep through the galaxy, Anakin Skywalker and his new Padawan learner Ahsoka Tano plunge into a dangerous mission to rescue the kidnapped son of crime lord Jabba the Hutt."
755566,Day Shift,en,2022-08-05,114,100000000.0,0.0,10.6059,6.734,2244,Released,An LA vampire hunter has a week to come up with the cash to pay for his kid's tuition and braces. Trying to make a living these days just might kill him.
12184,The Other Boleyn Girl,en,2008-02-28,116,35000000.0,78269970.0,7.1618,6.702,2244,Released,"A sumptuous and sensual tale of intrigue, romance and betrayal set against the backdrop of a defining moment in European history: two beautiful sisters, Anne and Mary Boleyn, driven by their family's blind ambition, compete for the love of the handsome and passionate King Henry VIII."
73861,A Serbian Film,sr,2010-01-06,104,0.0,0.0,18.919,5.453,2242,Released,"Retired porn star Milos leads a normal family life trying to make ends meet. Presented with the opportunity of a lifetime to financially support his family for the rest of their lives, Milos must participate in one last mysterious film. From then on, Milos is drawn into a maelstrom of unbelievable cruelty and mayhem."
71880,Jack and Jill,en,2011-11-11,91,79000000.0,149700000.0,7.1297,4.391,2242,Released,"Jack Sadelstein, a successful advertising executive in Los Angeles with a beautiful wife and kids, dreads one event each year: the Thanksgiving visit of his twin sister Jill. Jill's neediness and passive-aggressiveness is maddening to Jack, turning his normally tranquil life upside down."
2642,Two Weeks Notice,en,2002-12-19,101,60000000.0,199043242.0,7.1037,6.366,2242,Released,"Dedicated environmental lawyer Lucy Kelson goes to work for billionaire George Wade as part of a deal to preserve a community center. Indecisive and weak-willed George grows dependent on Lucy's guidance on everything from legal matters to clothing. Exasperated, Lucy gives notice and picks Harvard graduate June Carter as her replacement. As Lucy's time at the firm nears an end, she grows jealous of June and has second thoughts about leaving George."
9285,Road Trip,en,2000-05-19,93,16000000.0,119754278.0,7.7359,6.253,2241,Released,"After a student at the University of Ithaca films his one-night stand with a beautiful sorority girl, he discovers one of his friends has accidentally mailed the homemade sex tape to his girlfriend in Austin. In a frenzy, he must borrow a car and hit the road in a desperate bid to intercept the tape."
384682,Office Christmas Party,en,2016-11-25,105,45000000.0,114500000.0,4.909,5.718,2240,Released,"When Carol Vanstone, CEO of the technology company Zenotek, expresses her intention to close the Chicago branch, run by her brother Clay, he and his co-workers organize a Christmas party in an effort to impress a potential client and save their jobs. But the party gets out of control…"
14164,Dragonball Evolution,en,2009-03-12,85,30000000.0,58228460.0,4.6492,2.945,2239,Released,"On his 18th birthday, Goku receives a mystical Dragonball as a gift from his grandfather. There are only six others like it in the whole world, and legend has it that whoever possesses all seven will be granted one perfect wish. When the arrival of a dark force triggers a tragedy, Goku and his companions are propelled into an epic quest to collect the seven Dragonballs and save the Earth from destruction."
629176,Samaritan,en,2022-08-25,102,100000000.0,75000000.0,6.6046,6.649,2238,Released,"Thirteen year old Sam Cleary suspects that his mysteriously reclusive neighbor Mr. Smith is actually the legendary vigilante Samaritan, who was reported dead 25 years ago. With crime on the rise and the city on the brink of chaos, Sam makes it his mission to coax his neighbor out of hiding to save the city from ruin."
48231,A Dangerous Method,en,2011-09-30,99,15000000.0,27462041.0,4.1389,6.347,2238,Released,"Seduced by the challenge of an impossible case, the driven Dr. Carl Jung takes the unbalanced yet beautiful Sabina Spielrein as his patient. Jung’s weapon is the method of his master, the renowned Sigmund Freud. Both men fall under Sabina’s spell."
21032,Balto,en,1995-12-22,78,31000000.0,11348324.0,5.4406,7.337,2238,Released,"An outcast half-wolf risks his life to prevent a deadly epidemic from ravaging Nome, Alaska."
11104,Chungking Express,cn,1994-07-14,103,160000.0,0.0,11.6298,7.974,2237,Released,"Two melancholic Hong Kong policemen fall in love: one with a mysterious underworld figure, the other with a beautiful and ethereal server at a late-night restaurant."
500840,I'm Thinking of Ending Things,en,2020-08-28,135,0.0,0.0,5.151,6.535,2236,Released,Nothing is as it seems when a woman experiencing misgivings about her new boyfriend joins him on a road trip to meet his parents at their remote farm.
707,A View to a Kill,en,1985-05-24,131,30000000.0,152427960.0,6.7461,6.257,2236,Released,A newly-developed microchip designed by Zorin Industries for the British Government that can survive the electromagnetic radiation caused by a nuclear explosion has landed in the hands of the KGB. James Bond must find out how and why. His suspicions soon lead him to big industry leader Max Zorin who forms a plan to destroy his only competition in Silicon Valley by triggering a massive earthquake in the San Francisco Bay.
41402,Let Me In,en,2010-10-01,116,20000000.0,24145613.0,9.1009,6.793,2235,Released,A bullied young boy befriends a young female vampire who lives in secrecy with her guardian.  A remake of the movie “Let The Right One In” which was an adaptation of a book.
24803,Julie & Julia,en,2009-08-06,123,40000000.0,129500000.0,7.5817,6.714,2235,Released,"Julia Child and Julie Powell – both of whom wrote memoirs – find their lives intertwined. Though separated by time and space, both women are at loose ends... until they discover that with the right combination of passion, fearlessness and butter, anything is possible."
310593,Youth,it,2015-05-20,125,13360000.0,2000000.0,6.6793,6.899,2234,Released,"Two lifelong friends bond whilst vacationing in a luxury Swiss Alps lodge as they ponder retirement. While Fred has no plans to resume his musical career despite the urging of his loving daughter Lena, Mick is intent on finishing the screenplay for what may be his last important film for his muse Brenda. And where will inspiration lead their younger friend Jimmy, an actor grasping to make sense of his next performance?"
62838,New Year's Eve,en,2011-12-08,118,56000000.0,142044638.0,6.0318,5.887,2234,Released,The lives of several couples and singles in New York intertwine over the course of New Year's Eve.
15144,Sixteen Candles,en,1984-05-04,93,6500000.0,23686027.0,7.2877,6.754,2234,Released,"With the occasion all but overshadowed by her sister's upcoming wedding, angst-ridden Samantha faces her 16th birthday with typical adolescent dread. Samantha pines for studly older boy Jake, but worries that her chastity will be a turnoff for the popular senior. Meanwhile, she must constantly rebuff the affections of nerdy Ted, who is unfortunately the only boy in school who seems to take an interest in her."
1788,Footloose,en,1984-02-17,107,8200000.0,80035402.0,6.1734,6.688,2232,Released,"When teenager Ren and his family move from big-city Chicago to a small town in the West, he's in for a real case of culture shock after discovering he's living in a place where music and dancing are illegal."
470044,The Hate U Give,en,2018-10-19,133,23000000.0,34934009.0,5.656,8.075,2231,Released,"Raised in a poverty-stricken slum, a 16-year-old girl named Starr now attends a suburban prep school. After she witnesses a police officer shoot her unarmed best friend, she's torn between her two very different worlds as she tries to speak her truth."
374416,Where Am I Going?,it,2016-01-01,86,11089000.0,75173000.0,2.2735,6.826,2231,Released,"Checco is 39 and lived his entire life with his parents. He loves his job where he does nothing the whole day, until something happens that will change his behavior and his life forever..."
868759,Ghosted,en,2023-04-18,117,40000000.0,0.0,9.4118,6.871,2230,Released,"Salt-of-the-earth Cole falls head over heels for enigmatic Sadie—but then makes the shocking discovery that she's a secret agent. Before they can decide on a second date, Cole and Sadie are swept away on an international adventure to save the world."
967847,Ghostbusters: Frozen Empire,en,2024-03-20,115,100000000.0,201967521.0,10.7994,6.4,2228,Released,"The Spengler family returns to where it all started - the iconic New York City firehouse - to team up with the original Ghostbusters, who've developed a top-secret research lab to take busting ghosts to the next level. But when the discovery of an ancient artifact unleashes an evil force, Ghostbusters new and old must join forces to protect their home and save the world from a second Ice Age."
552524,Lilo & Stitch,en,2025-05-17,108,100000000.0,1038027526.0,33.2161,7.193,2228,Released,The wildly funny and touching story of a lonely Hawaiian girl and the fugitive alien who helps to mend her broken family.
10664,[REC]²,es,2009-09-15,84,5600000.0,18469680.0,5.7505,6.635,2228,Released,"The action continues from [REC], with the medical officer and a SWAT team outfitted with video cameras are sent into the sealed off apartment to control the situation."
1114513,Speak No Evil,en,2024-09-11,110,15000000.0,77239314.0,13.8268,7.11,2227,Released,"When an American family is invited to spend the weekend at the idyllic country estate of a charming British family they befriended on vacation, what begins as a dream holiday soon warps into a snarled psychological nightmare."
13680,The Game Plan,en,2007-09-28,110,22000000.0,147880543.0,7.722,6.511,2225,Released,"Bachelor football star Joe Kingman seems to have it all. He is wealthy and carefree, and his team is on the way to capturing a championship. Suddenly, he is tackled by some unexpected news: He has a young daughter, the result of a last fling with his ex-wife. Joe must learn to balance his personal and professional lives with the needs of his child."
7461,Vantage Point,en,2008-02-01,90,40000000.0,152039882.0,6.9261,6.413,2225,Released,"During an historic counter-terrorism summit in Spain, the President of the United States is struck down by an assassin's bullet. Eight strangers have a perfect view of the kill, but what did they really see? As the minutes leading up to the fatal shot are replayed through the eyes of each eyewitness, the reality of the assassination takes shape."
19901,Daybreakers,en,2010-01-06,98,20000000.0,51417188.0,6.5762,6.285,2223,Released,"In the year 2019, a plague has transformed almost every human into a vampire. Faced with a dwindling blood supply, the fractured dominant race plots their survival; meanwhile, a researcher works with a covert band of vampires on a way to save humankind."
329833,Zoolander 2,en,2016-02-06,100,50000000.0,56722693.0,6.4048,4.927,2411,Released,Derek and Hansel are modelling again when an opposing company attempts to take them out from the business.
484641,Anna,en,2019-06-19,119,34000000.0,31626978.0,9.9585,6.719,3043,Released,Beneath Anna Poliatova's striking beauty lies a secret that will unleash her indelible strength and skill to become one of the world's most feared government assassins.
414,Batman Forever,en,1995-06-16,121,100000000.0,336529144.0,10.8455,5.459,5660,Released,"Batman faces off against two foes: the schizophrenic, horribly scarred former District Attorney Harvey Dent, aka Two-Face, and the Riddler, a disgruntled ex-Wayne Enterprises inventor seeking revenge against his former employer by unleashing his brain-sucking weapon on Gotham City's residents. As the caped crusader also copes with tortured memories of his parents' murder, he has a new romance, with psychologist Chase Meridian."
8814,Doom,en,2005-10-20,105,60000000.0,58100000.0,6.3758,5.202,2493,Released,"A team of space marines known as the Rapid Response Tactical Squad, led by Sarge, is sent to a science facility on Mars after somebody reports a security breach. There, they learn that the alert came after a test subject, a mass murderer purposefully injected with alien DNA, broke free and began killing people. Dr. Grimm, who is related to team member Reaper, informs them all that the chromosome can mutate humans into monsters -- and is highly infectious."
72570,The Vow,en,2012-02-05,104,30000000.0,196114570.0,9.7433,7.225,4287,Released,"Happy young married couple Paige and Leo are, well, happy. Then a car accident puts Paige into a life-threatening coma. Upon awakening she has lost the previous five years of memories, including those of her beloved Leo, her wedding, a confusing relationship with her parents, or the ending of her relationship with her ex-fiance. Despite these complications, Leo endeavors to win her heart again and rebuild their marriage."
98,Gladiator,en,2000-05-04,155,103000000.0,465516248.0,38.961,8.23,21184,Released,"After the death of Emperor Marcus Aurelius, his devious son takes power and demotes Maximus, one of Rome's most capable generals who Marcus preferred. Eventually, Maximus is forced to become a gladiator and battle to the death against other men for the amusement of paying audiences."
1368167,Date Night,en,1995-04-08,88,93214796.41596921,87595677.74492511,8.293,7.0,1051,Released,"Phil and Claire Foster fear that their mild-mannered relationship may be falling into a stale rut. During their weekly date night, their dinner reservation leads to their being mistaken for a couple of thieves—and now a number of unsavoury characters want Phil and Claire killed."
1368168,Transformers,en,1987-06-27,144,110098767.07564558,274746695.42024726,6.5902,7.9,4215,Released,Young teenager Sam Witwicky becomes involved in the ancient struggle between two extraterrestrial factions of transforming robots – the heroic Autobots and the evil Decepticons. Sam holds the clue to unimaginable power and the Decepticons will stop at nothing to retrieve it.
1368169,The SpongeBob Movie: Sponge Out of Water,en,2000-01-28,93,39284878.866834074,570657513.9333984,11.3857,7.1,475,Released,"Evil pirate Burger Beard is in search of the final page of a magical book that makes any evil plan he writes in it come true, but the final page happens to be the Krabby Patty secret formula. When Burger Beard endangers Bikini Bottom, SpongeBob, Patrick, Mr. Krabs, Squidward, Sandy, and Plankton must embark on a quest to retrieve the recipe and save their city...a quest that takes them to the surface world and transforms them into superheroes."
1368170,Fargo,en,2011-03-08,98,5425747.353461055,45844677.33631114,11.2271,7.9,2514,Released,"Jerry, a small-town Minnesota car salesman is bursting at the seams with debt... but he's got a plan. He's going to hire two thugs to kidnap his wife in a scheme to collect a hefty ransom from his wealthy father-in-law. It's going to be a snap and nobody's going to get hurt... until people start dying. Enter Police Chief Marge, a coffee-drinking, parka-wearing - and extremely pregnant - investigator who'll stop at nothing to get her man. And if you think her small-time investigative skills will give the crooks a run for their ransom... you betcha!"
